"UniqueID","Popular.fctr","Popular.fctr.predict.Low.cor.X.glm.prob","Popular.fctr.predict.Low.cor.X.glm","Popular.fctr.predict.Low.cor.X.glm.accurate"
31,"N",0.00640899123210091,"N",TRUE
30,"N",0.000726017813906248,"N",TRUE
29,"N",0.00172363617849688,"N",TRUE
25,"N",0.00608339768593584,"N",TRUE
24,"N",0.213961475337598,"N",TRUE
22,"N",0.0212111803485853,"N",TRUE
21,"N",2.22044604925031e-16,"N",TRUE
18,"N",1.52941635750189e-09,"N",TRUE
17,"N",0.906057500818145,"Y",FALSE
16,"Y",0.977056691135853,"Y",TRUE
12,"N",2.22044604925031e-16,"N",TRUE
9,"Y",0.775361986071504,"Y",TRUE
8,"Y",0.945374631625366,"Y",TRUE
4,"Y",0.2713525587798,"N",FALSE
115,"N",1.4338164578959e-10,"N",TRUE
110,"N",0.0117385827952314,"N",TRUE
106,"N",0.0181539189171,"N",TRUE
104,"Y",0.485721330920053,"Y",TRUE
100,"N",0.0202206306237062,"N",TRUE
99,"N",0.0830907151881768,"N",TRUE
96,"N",8.76910719055589e-11,"N",TRUE
95,"Y",0.309099600988485,"Y",TRUE
94,"N",0.00279481719402949,"N",TRUE
88,"N",0.00180423692706952,"N",TRUE
85,"Y",0.737260276486399,"Y",TRUE
83,"N",0.0102247146033931,"N",TRUE
76,"N",0.0971683219235571,"N",TRUE
73,"N",8.45533367874081e-10,"N",TRUE
72,"N",0.130597009938873,"N",TRUE
68,"N",2.22044604925031e-16,"N",TRUE
57,"Y",0.557088126611711,"Y",TRUE
56,"Y",0.739753470774655,"Y",TRUE
55,"N",6.20147206393527e-11,"N",TRUE
52,"Y",0.608567899376251,"Y",TRUE
51,"N",0.00950212980269238,"N",TRUE
46,"N",0.121887220948194,"N",TRUE
43,"N",0.0140977822147893,"N",TRUE
37,"Y",0.189612731296814,"N",FALSE
35,"Y",0.971735715920529,"Y",TRUE
199,"N",2.35785936166889e-10,"N",TRUE
198,"N",0.00632260897181096,"N",TRUE
195,"N",1.97115542838764e-11,"N",TRUE
194,"N",0.1996418242002,"N",TRUE
189,"N",0.00504050338022302,"N",TRUE
186,"N",0.046027191803933,"N",TRUE
184,"N",1.12685589029832e-11,"N",TRUE
182,"N",0.0323136721143924,"N",TRUE
181,"N",2.22044604925031e-16,"N",TRUE
179,"N",0.00125034996211299,"N",TRUE
174,"N",0.137414687994089,"N",TRUE
172,"Y",0.00290488008826332,"N",FALSE
170,"N",0.0192277760557402,"N",TRUE
167,"N",0.273117880691671,"N",TRUE
163,"Y",0.0867848835769663,"N",FALSE
162,"N",4.16301324784942e-10,"N",TRUE
160,"N",0.0268002890473696,"N",TRUE
158,"N",0.153372056491047,"N",TRUE
157,"Y",0.999999998835232,"Y",TRUE
156,"Y",0.501108596734113,"Y",TRUE
151,"N",0.125200550716988,"N",TRUE
150,"N",0.126436858110352,"N",TRUE
146,"N",2.22044604925031e-16,"N",TRUE
139,"Y",0.765460948249267,"Y",TRUE
135,"N",0.0505196299687751,"N",TRUE
134,"N",0.0280042574132295,"N",TRUE
126,"N",1.26188051491073e-11,"N",TRUE
301,"N",0.0144576245075303,"N",TRUE
299,"N",3.55252878000549e-10,"N",TRUE
294,"N",0.0177628058724054,"N",TRUE
290,"N",7.44004851457807e-09,"N",TRUE
284,"N",0.189687454067483,"N",TRUE
281,"N",4.42884346670879e-11,"N",TRUE
279,"N",2.22044604925031e-16,"N",TRUE
277,"N",0.00104480583086007,"N",TRUE
272,"N",0.153662342132597,"N",TRUE
270,"N",2.22044604925031e-16,"N",TRUE
265,"N",0.00262837206673804,"N",TRUE
263,"N",0.191187732058035,"N",TRUE
260,"N",2.29304422838262e-09,"N",TRUE
256,"N",0.00763128549567657,"N",TRUE
252,"Y",0.71794312875738,"Y",TRUE
251,"N",0.0371337883023874,"N",TRUE
248,"N",0.0186618035840316,"N",TRUE
247,"N",0.00123256952887309,"N",TRUE
246,"N",0.191076506638069,"N",TRUE
239,"N",0.0340704107406451,"N",TRUE
238,"Y",0.94880600394904,"Y",TRUE
237,"N",0.0165940498464995,"N",TRUE
230,"N",0.112881833950979,"N",TRUE
226,"N",2.22044604925031e-16,"N",TRUE
224,"N",0.00992678387548603,"N",TRUE
222,"N",1.46445457023656e-09,"N",TRUE
218,"N",0.0140199576249076,"N",TRUE
216,"N",0.00639474444888713,"N",TRUE
214,"N",0.645190379262195,"Y",FALSE
202,"Y",0.869409937368782,"Y",TRUE
393,"Y",0.475550876563173,"Y",TRUE
392,"N",3.9769854383267e-10,"N",TRUE
390,"N",0.0301050059169998,"N",TRUE
389,"N",0.0112875596073101,"N",TRUE
382,"N",0.0748693114461608,"N",TRUE
367,"N",0.0253196601206292,"N",TRUE
361,"Y",0.843936192865026,"Y",TRUE
359,"N",0.36978109992435,"Y",FALSE
347,"N",0.0200009723906199,"N",TRUE
346,"N",0.0806312865393204,"N",TRUE
345,"Y",0.633682563299392,"Y",TRUE
343,"N",0.599402527921007,"Y",FALSE
340,"Y",0.726778975644811,"Y",TRUE
338,"Y",0.898444026805547,"Y",TRUE
335,"Y",0.960313459779503,"Y",TRUE
334,"N",0.139055134560368,"N",TRUE
332,"N",0.0504733246461991,"N",TRUE
328,"N",0.111088977604034,"N",TRUE
327,"Y",0.42946002629942,"Y",TRUE
323,"N",0.0965794264918924,"N",TRUE
318,"N",1.71130240842746e-05,"N",TRUE
306,"N",5.19859263974863e-11,"N",TRUE
303,"N",0.255432024740352,"N",TRUE
417,"N",2.22044604925031e-16,"N",TRUE
416,"N",0.0675548849324131,"N",TRUE
415,"N",0.00899619396668121,"N",TRUE
411,"N",1.02923615362419e-12,"N",TRUE
407,"N",2.22044604925031e-16,"N",TRUE
405,"N",3.21321181433676e-10,"N",TRUE
400,"N",0.00255298382610461,"N",TRUE
396,"N",1.33916801000188e-12,"N",TRUE
395,"N",0.100083446035643,"N",TRUE
447,"N",2.22044604925031e-16,"N",TRUE
443,"N",2.22044604925031e-16,"N",TRUE
442,"N",2.22044604925031e-16,"N",TRUE
437,"N",3.03434582548504e-12,"N",TRUE
436,"Y",0.557592299548536,"Y",TRUE
429,"N",0.0875594239817063,"N",TRUE
428,"N",2.1106422238042e-10,"N",TRUE
420,"Y",0.568832970362758,"Y",TRUE
419,"N",0.66419556221512,"Y",FALSE
418,"Y",0.236650092231162,"N",FALSE
558,"N",3.33035078602916e-11,"N",TRUE
555,"N",0.00137303219095564,"N",TRUE
554,"Y",0.665298061614352,"Y",TRUE
552,"N",1.02502632768665e-10,"N",TRUE
551,"N",1.09268698221364e-11,"N",TRUE
549,"N",1.58793535103107e-08,"N",TRUE
548,"N",0.147031705139216,"N",TRUE
547,"N",0.130306342946882,"N",TRUE
544,"N",2.22044604925031e-16,"N",TRUE
543,"N",0.0232383413280432,"N",TRUE
539,"N",8.03811455990937e-11,"N",TRUE
537,"N",0.0293890462682798,"N",TRUE
534,"N",2.22044604925031e-16,"N",TRUE
532,"N",0.109228149114735,"N",TRUE
531,"N",2.22044604925031e-16,"N",TRUE
530,"N",0.0222781496362016,"N",TRUE
529,"N",0.00148673146114162,"N",TRUE
526,"N",1.98594573214591e-09,"N",TRUE
525,"N",2.22044604925031e-16,"N",TRUE
524,"N",0.047715500431139,"N",TRUE
521,"N",0.0258887240129413,"N",TRUE
517,"N",0.0162713255035053,"N",TRUE
513,"N",2.22044604925031e-16,"N",TRUE
510,"N",1.89672206332439e-10,"N",TRUE
508,"N",0.215788164788044,"N",TRUE
507,"N",0.0451641190414203,"N",TRUE
502,"N",0.0439441167704846,"N",TRUE
501,"N",1.65477693363793e-12,"N",TRUE
499,"Y",0.684370124443759,"Y",TRUE
497,"N",0.0546483977436512,"N",TRUE
487,"N",2.53539405678468e-08,"N",TRUE
486,"N",0.0652137758008321,"N",TRUE
478,"N",0.0190729631332381,"N",TRUE
476,"N",2.22044604925031e-16,"N",TRUE
474,"N",0.146028762884686,"N",TRUE
467,"N",0.0211173623475425,"N",TRUE
466,"N",0.0181102182575098,"N",TRUE
464,"N",0.00184005120454742,"N",TRUE
457,"N",0.177421749498485,"N",TRUE
454,"N",2.22044604925031e-16,"N",TRUE
452,"Y",0.96942118611823,"Y",TRUE
450,"Y",0.0464699605627171,"N",FALSE
641,"Y",0.950232052759994,"Y",TRUE
640,"N",0.440528542208787,"Y",FALSE
639,"N",0.20747341913815,"N",TRUE
633,"N",0.019138856544268,"N",TRUE
630,"N",4.75681117726796e-11,"N",TRUE
627,"N",7.95237839393778e-10,"N",TRUE
625,"N",0.000473205437608784,"N",TRUE
619,"N",0.00119732988590427,"N",TRUE
617,"N",2.22044604925031e-16,"N",TRUE
616,"Y",0.780873103623304,"Y",TRUE
611,"N",0.0135397359816855,"N",TRUE
608,"N",0.00864077935795958,"N",TRUE
601,"Y",0.0531480418754716,"N",FALSE
598,"Y",0.0082313211750226,"N",FALSE
597,"N",0.103031537813768,"N",TRUE
590,"N",1.9526389239474e-09,"N",TRUE
589,"N",2.22044604925031e-16,"N",TRUE
581,"N",6.20250054369801e-13,"N",TRUE
578,"Y",0.679029845241683,"Y",TRUE
575,"N",0.177043203182824,"N",TRUE
574,"N",0.0740040157525214,"N",TRUE
572,"N",0.0149136581388692,"N",TRUE
567,"N",0.0689384579131701,"N",TRUE
565,"N",2.22044604925031e-16,"N",TRUE
564,"N",0.00870660080743495,"N",TRUE
746,"N",0.0268087521099885,"N",TRUE
744,"N",0.0521956041324574,"N",TRUE
739,"N",0.0166385784559667,"N",TRUE
738,"N",2.22044604925031e-16,"N",TRUE
734,"N",5.0416403762322e-10,"N",TRUE
733,"N",3.85596605861915e-11,"N",TRUE
729,"N",0.0020552357719989,"N",TRUE
727,"N",1.64792044498792e-09,"N",TRUE
726,"N",2.22044604925031e-16,"N",TRUE
725,"N",0.953522366388146,"Y",FALSE
722,"N",0.0544500824825986,"N",TRUE
721,"N",0.03289958675466,"N",TRUE
720,"N",0.0316997285872701,"N",TRUE
715,"Y",0.805368346157629,"Y",TRUE
712,"N",5.76358109567734e-08,"N",TRUE
707,"Y",0.591114441017597,"Y",TRUE
704,"N",0.385840604660137,"Y",FALSE
702,"N",0.00397925352329021,"N",TRUE
701,"N",0.00203212004257117,"N",TRUE
697,"N",0.00702173662546923,"N",TRUE
695,"N",2.22044604925031e-16,"N",TRUE
687,"N",0.0387825951192033,"N",TRUE
685,"Y",0.20258929595415,"N",FALSE
677,"N",0.157348572122089,"N",TRUE
671,"N",0.0751229911832422,"N",TRUE
670,"N",0.025963073726959,"N",TRUE
666,"N",0.0785881591038869,"N",TRUE
665,"N",8.21081331340314e-10,"N",TRUE
664,"N",0.616835013180976,"Y",FALSE
663,"N",0.141322715088502,"N",TRUE
659,"N",2.22044604925031e-16,"N",TRUE
655,"N",0.0071677723047318,"N",TRUE
654,"Y",0.614542788709871,"Y",TRUE
653,"N",0.221069584515773,"N",TRUE
652,"N",0.104630765458281,"N",TRUE
649,"N",0.0840333836771436,"N",TRUE
835,"N",8.69865168633695e-12,"N",TRUE
833,"N",0.284064369631381,"N",TRUE
830,"N",0.22514143526819,"N",TRUE
827,"N",2.22044604925031e-16,"N",TRUE
825,"Y",0.156038750685694,"N",FALSE
821,"N",1.11448328153657e-10,"N",TRUE
816,"N",1.29008543353916e-10,"N",TRUE
815,"Y",0.926009196840598,"Y",TRUE
814,"Y",0.131803114954642,"N",FALSE
811,"N",0.58414589492967,"Y",FALSE
810,"N",2.22044604925031e-16,"N",TRUE
806,"N",3.1419958929685e-09,"N",TRUE
805,"N",0.100015772270674,"N",TRUE
804,"N",2.22044604925031e-16,"N",TRUE
800,"N",7.5240404096268e-10,"N",TRUE
795,"N",2.22044604925031e-16,"N",TRUE
794,"N",0.00270832008649863,"N",TRUE
793,"N",0.00771307426539169,"N",TRUE
790,"N",0.00324544483695841,"N",TRUE
789,"N",0.0369316179911066,"N",TRUE
788,"N",0.0885234802504648,"N",TRUE
785,"N",0.427854112863418,"Y",FALSE
783,"N",1.15071983503352e-09,"N",TRUE
780,"N",0.0450126880515598,"N",TRUE
779,"Y",0.503919256550469,"Y",TRUE
778,"N",2.22044604925031e-16,"N",TRUE
771,"N",3.17271550365801e-05,"N",TRUE
770,"N",0.990079556949212,"Y",FALSE
768,"N",2.22044604925031e-16,"N",TRUE
767,"N",0.112250294331553,"N",TRUE
756,"Y",0.226007235807245,"N",FALSE
755,"Y",0.789641660558787,"Y",TRUE
917,"N",0.251331445570216,"N",TRUE
913,"N",9.01967142628402e-11,"N",TRUE
911,"N",0.00715401532293205,"N",TRUE
906,"N",9.41683281461371e-11,"N",TRUE
902,"N",3.37797978867078e-10,"N",TRUE
898,"N",0.0728174163236603,"N",TRUE
892,"N",0.476000268866166,"Y",FALSE
890,"N",0.00302342468232432,"N",TRUE
883,"N",9.11137898080424e-10,"N",TRUE
880,"N",0.012875567240773,"N",TRUE
871,"N",0.0224675901305374,"N",TRUE
867,"N",0.0127298837171575,"N",TRUE
865,"N",0.0276254894216569,"N",TRUE
862,"N",0.00519342861164751,"N",TRUE
861,"N",0.0310942319714757,"N",TRUE
860,"N",7.57926172623821e-09,"N",TRUE
859,"N",0.11283513865543,"N",TRUE
856,"N",0.00786685040205802,"N",TRUE
850,"N",0.00014310704066381,"N",TRUE
849,"N",0.00375029627270915,"N",TRUE
845,"N",1.48981461882207e-12,"N",TRUE
838,"N",0.0889275066507778,"N",TRUE
938,"N",0.179892112867877,"N",TRUE
937,"N",2.00931466582175e-08,"N",TRUE
932,"N",0.568434659628668,"Y",FALSE
928,"N",0.00216789226923503,"N",TRUE
925,"N",0.000393183381652545,"N",TRUE
924,"Y",0.923979146085523,"Y",TRUE
922,"N",2.22044604925031e-16,"N",TRUE
962,"N",0.543847687234413,"Y",FALSE
957,"N",2.22044604925031e-16,"N",TRUE
953,"N",0.0353039430325298,"N",TRUE
949,"N",2.22044604925031e-16,"N",TRUE
946,"N",0.305177455949613,"Y",FALSE
941,"N",0.748283119426254,"Y",FALSE
1060,"N",0.0729197264249237,"N",TRUE
1058,"N",7.57366348975846e-12,"N",TRUE
1057,"N",1.00356080192417e-10,"N",TRUE
1054,"N",0.03724505603537,"N",TRUE
1053,"Y",0.250993899092384,"N",FALSE
1047,"N",0.0158036844636758,"N",TRUE
1043,"N",0.0177572272877179,"N",TRUE
1035,"Y",0.654193706291649,"Y",TRUE
1032,"N",0.060732235483383,"N",TRUE
1031,"N",0.04395745271226,"N",TRUE
1027,"N",2.22044604925031e-16,"N",TRUE
1025,"N",0.00813105810970893,"N",TRUE
1019,"Y",0.861663258831951,"Y",TRUE
1014,"N",2.22044604925031e-16,"N",TRUE
1006,"Y",0.905103482538232,"Y",TRUE
1005,"N",2.22044604925031e-16,"N",TRUE
1003,"N",0.916049317596192,"Y",FALSE
997,"N",0.104639975377619,"N",TRUE
994,"N",0.0421627240548869,"N",TRUE
991,"N",1.36242064491343e-11,"N",TRUE
986,"Y",0.893394278536662,"Y",TRUE
982,"N",0.00414107639779663,"N",TRUE
978,"N",0.000536377157719442,"N",TRUE
967,"N",0.111557008062652,"N",TRUE
966,"Y",0.94836919571259,"Y",TRUE
1145,"N",2.22044604925031e-16,"N",TRUE
1142,"N",0.0280521829883766,"N",TRUE
1138,"N",0.011101664408076,"N",TRUE
1136,"N",3.28955692010713e-12,"N",TRUE
1132,"Y",0.997667431008269,"Y",TRUE
1123,"N",4.74968941439248e-08,"N",TRUE
1120,"N",0.0616957297599095,"N",TRUE
1117,"N",0.109549778225635,"N",TRUE
1103,"N",0.00477861101982771,"N",TRUE
1099,"N",0.000968516263035292,"N",TRUE
1097,"N",2.22044604925031e-16,"N",TRUE
1096,"Y",0.13586128484631,"N",FALSE
1092,"Y",0.0253749535116614,"N",FALSE
1089,"N",0.0798423747480806,"N",TRUE
1087,"N",0.014590204739206,"N",TRUE
1080,"N",0.00216080166231575,"N",TRUE
1074,"N",2.499728407095e-13,"N",TRUE
1072,"N",2.22044604925031e-16,"N",TRUE
1071,"N",0.00129095175566164,"N",TRUE
1070,"N",0.0959845277416405,"N",TRUE
1228,"N",2.22044604925031e-16,"N",TRUE
1227,"N",2.22044604925031e-16,"N",TRUE
1226,"N",8.35934535801792e-12,"N",TRUE
1225,"N",1.86895051110716e-11,"N",TRUE
1219,"N",0.0569594921746434,"N",TRUE
1217,"N",0.0120629198464943,"N",TRUE
1214,"N",0.00629581224722115,"N",TRUE
1213,"N",0.0438734386146256,"N",TRUE
1210,"N",0.0589905657026071,"N",TRUE
1208,"N",0.00652072568511122,"N",TRUE
1202,"N",0.0861552489354049,"N",TRUE
1201,"N",0.0199703373804074,"N",TRUE
1198,"N",0.148196495953471,"N",TRUE
1195,"Y",0.218517622553329,"N",FALSE
1192,"N",2.22044604925031e-16,"N",TRUE
1189,"N",0.0210541737842501,"N",TRUE
1185,"N",0.0171179535415618,"N",TRUE
1184,"N",1.35269545187264e-09,"N",TRUE
1179,"N",0.834954312889212,"Y",FALSE
1170,"N",2.22044604925031e-16,"N",TRUE
1169,"N",0.098579042351523,"N",TRUE
1167,"Y",0.795788570791374,"Y",TRUE
1161,"N",0.00920680321303664,"N",TRUE
1159,"N",0.0150669631549261,"N",TRUE
1153,"N",0.130510127040596,"N",TRUE
1152,"N",0.566187712953174,"Y",FALSE
1151,"N",0.609073112724493,"Y",FALSE
1322,"N",0.861340661148679,"Y",FALSE
1320,"N",4.17944937568299e-12,"N",TRUE
1319,"N",0.00901563469117523,"N",TRUE
1318,"N",0.0241159507718996,"N",TRUE
1313,"N",0.0310721127961135,"N",TRUE
1310,"N",0.0306293307403221,"N",TRUE
1307,"N",8.56769749830375e-09,"N",TRUE
1306,"Y",0.411621033703446,"Y",TRUE
1298,"Y",0.953635340079742,"Y",TRUE
1296,"N",3.44750736957051e-13,"N",TRUE
1295,"N",0.0817897527916599,"N",TRUE
1293,"N",0.00629244006882045,"N",TRUE
1282,"N",2.22044604925031e-16,"N",TRUE
1280,"N",0.000879710654997741,"N",TRUE
1279,"N",2.22044604925031e-16,"N",TRUE
1274,"N",0.0779202656732866,"N",TRUE
1273,"Y",0.0905520052575747,"N",FALSE
1270,"Y",0.73949284534403,"Y",TRUE
1268,"N",0.0303057998889173,"N",TRUE
1265,"N",0.00363655978390602,"N",TRUE
1263,"Y",0.940176723002698,"Y",TRUE
1262,"N",0.00526428865863692,"N",TRUE
1260,"N",0.222094019779387,"N",TRUE
1259,"N",0.0237165043863676,"N",TRUE
1255,"Y",0.0104809720085876,"N",FALSE
1252,"N",0.00348051905728293,"N",TRUE
1249,"N",0.00320074806903101,"N",TRUE
1247,"N",0.000992657257230251,"N",TRUE
1246,"Y",0.255517140577058,"N",FALSE
1245,"N",0.0391802542083677,"N",TRUE
1241,"N",0.890978912150879,"Y",FALSE
1237,"N",0.186704556633048,"N",TRUE
1236,"N",0.0490840411704408,"N",TRUE
1234,"N",0.160493816828419,"N",TRUE
1411,"N",0.030317080232147,"N",TRUE
1410,"N",4.25800399647471e-10,"N",TRUE
1409,"N",8.13904782804729e-12,"N",TRUE
1408,"N",4.97982107568674e-09,"N",TRUE
1404,"Y",0.278741621685633,"N",FALSE
1403,"Y",3.85955056114246e-09,"N",FALSE
1402,"N",0.0374690462062884,"N",TRUE
1401,"N",0.00900668066766802,"N",TRUE
1400,"N",0.0130043188098703,"N",TRUE
1395,"N",1.41347132922146e-08,"N",TRUE
1379,"N",4.38999586579045e-10,"N",TRUE
1377,"N",0.00173531619544886,"N",TRUE
1373,"N",6.83584189614717e-10,"N",TRUE
1370,"N",2.22044604925031e-16,"N",TRUE
1369,"N",0.231430272810832,"N",TRUE
1363,"N",0.000619850184304488,"N",TRUE
1359,"N",2.22044604925031e-16,"N",TRUE
1355,"N",0.448900142674222,"Y",FALSE
1354,"N",0.353217060690299,"Y",FALSE
1353,"N",0.00453000253211407,"N",TRUE
1351,"N",2.22044604925031e-16,"N",TRUE
1346,"N",0.0162502280496406,"N",TRUE
1345,"N",0.00282270429512026,"N",TRUE
1343,"N",0.0851853864342275,"N",TRUE
1337,"N",2.22044604925031e-16,"N",TRUE
1336,"N",0.000159357370154514,"N",TRUE
1335,"N",0.00442245931149189,"N",TRUE
1329,"N",2.22044604925031e-16,"N",TRUE
1434,"N",6.51627085112529e-05,"N",TRUE
1433,"Y",0.520050718579706,"Y",TRUE
1432,"N",2.22044604925031e-16,"N",TRUE
1431,"N",2.22044604925031e-16,"N",TRUE
1426,"N",2.22044604925031e-16,"N",TRUE
1419,"Y",0.566745442422126,"Y",TRUE
1479,"N",2.22044604925031e-16,"N",TRUE
1476,"N",2.22044604925031e-16,"N",TRUE
1472,"N",2.22044604925031e-16,"N",TRUE
1470,"N",0.0120686303774004,"N",TRUE
1468,"N",9.24280537381535e-09,"N",TRUE
1465,"N",0.00437903023354102,"N",TRUE
1461,"N",0.100697316892129,"N",TRUE
1454,"N",0.18749881494702,"N",TRUE
1449,"Y",0.981369790623456,"Y",TRUE
1446,"N",0.0854254451614522,"N",TRUE
1443,"N",0.00789785262836161,"N",TRUE
1440,"Y",0.596690144259276,"Y",TRUE
1599,"N",0.066759110115766,"N",TRUE
1598,"N",4.96632848756723e-10,"N",TRUE
1596,"Y",0.449351618955226,"Y",TRUE
1594,"N",0.0178934860855657,"N",TRUE
1593,"N",0.0591600019041938,"N",TRUE
1592,"N",4.68078849069239e-10,"N",TRUE
1589,"N",0.0179385705555024,"N",TRUE
1588,"Y",0.0540947852422181,"N",FALSE
1587,"N",0.0490774391378668,"N",TRUE
1580,"N",0.0102165436609055,"N",TRUE
1579,"N",1.39238693978681e-09,"N",TRUE
1576,"N",0.0279770121765349,"N",TRUE
1566,"N",2.22044604925031e-16,"N",TRUE
1563,"N",2.22044604925031e-16,"N",TRUE
1558,"Y",0.597546708607281,"Y",TRUE
1556,"N",0.00343844726831268,"N",TRUE
1554,"N",0.739734565808435,"Y",FALSE
1547,"N",0.00140375710118298,"N",TRUE
1544,"N",0.00601335321351605,"N",TRUE
1540,"N",0.0321406319693005,"N",TRUE
1538,"N",2.66467154682718e-10,"N",TRUE
1534,"N",0.0127421701474134,"N",TRUE
1532,"N",0.260736910755494,"N",TRUE
1529,"Y",0.999999998987321,"Y",TRUE
1526,"Y",0.33109291590779,"Y",TRUE
1525,"N",0.670692992930028,"Y",FALSE
1524,"N",0.00542371947151935,"N",TRUE
1520,"N",0.00952327691250277,"N",TRUE
1519,"N",0.0487904335174862,"N",TRUE
1516,"N",0.0089061528374723,"N",TRUE
1515,"N",0.179092275706339,"N",TRUE
1511,"N",0.0153040488845258,"N",TRUE
1509,"N",2.24493791786003e-05,"N",TRUE
1505,"N",0.0416168416568768,"N",TRUE
1498,"N",0.0698145350252976,"N",TRUE
1492,"N",0.0103592524202601,"N",TRUE
1490,"N",0.130693970467807,"N",TRUE
1489,"Y",0.056805527440107,"N",FALSE
1488,"N",1.22498019432181e-07,"N",TRUE
1486,"Y",0.124407191349943,"N",FALSE
1481,"N",0.00814495930883055,"N",TRUE
1725,"N",0.00978329859765131,"N",TRUE
1719,"N",0.0103948222496066,"N",TRUE
1714,"N",0.247450318580746,"N",TRUE
1711,"N",0.0232989914084561,"N",TRUE
1710,"N",3.95658585797327e-12,"N",TRUE
1709,"N",0.0581634808111815,"N",TRUE
1700,"N",0.00912847690120905,"N",TRUE
1685,"N",0.551999495156165,"Y",FALSE
1683,"N",0.0421779141212676,"N",TRUE
1679,"N",0.010137022790602,"N",TRUE
1677,"N",0.636821118406791,"Y",FALSE
1672,"N",0.0175795281115137,"N",TRUE
1671,"N",4.8943449344532e-10,"N",TRUE
1667,"N",0.958563858596585,"Y",FALSE
1666,"N",0.29156520635552,"N",TRUE
1665,"N",0.00273221252843525,"N",TRUE
1664,"N",0.0157783002315138,"N",TRUE
1660,"N",0.0192401149755092,"N",TRUE
1658,"N",0.0487773361315577,"N",TRUE
1655,"Y",0.77155000136991,"Y",TRUE
1652,"N",1.12207260801686e-11,"N",TRUE
1651,"N",0.00612889143108671,"N",TRUE
1645,"N",0.0627090812542954,"N",TRUE
1639,"N",0.576317733863767,"Y",FALSE
1637,"N",0.00962578736095217,"N",TRUE
1634,"N",1.59967234702598e-09,"N",TRUE
1630,"N",1.971015683173e-05,"N",TRUE
1629,"N",2.22044604925031e-16,"N",TRUE
1625,"N",1.14456708935682e-12,"N",TRUE
1622,"N",7.71198000739682e-05,"N",TRUE
1621,"N",0.0821636227158591,"N",TRUE
1620,"N",0.00248444945277824,"N",TRUE
1619,"N",0.0511854603587726,"N",TRUE
1617,"N",0.0346570372102359,"N",TRUE
1616,"N",0.0191184443718298,"N",TRUE
1613,"N",0.129430967896902,"N",TRUE
1611,"N",0.119329137972628,"N",TRUE
1608,"Y",0.349966846982862,"Y",TRUE
1851,"Y",0.917057662204553,"Y",TRUE
1844,"N",0.0205343497815949,"N",TRUE
1843,"Y",0.705668971400583,"Y",TRUE
1836,"N",0.0088011970883618,"N",TRUE
1830,"N",0.101227676855833,"N",TRUE
1826,"N",2.22044604925031e-16,"N",TRUE
1815,"Y",0.981461110878781,"Y",TRUE
1813,"N",0.0338573475407961,"N",TRUE
1812,"N",0.00137375729351416,"N",TRUE
1810,"N",0.0142724048139182,"N",TRUE
1805,"N",0.283794188305883,"N",TRUE
1804,"N",0.0516173854372002,"N",TRUE
1800,"N",0.00879230678724728,"N",TRUE
1796,"N",5.12160339535718e-10,"N",TRUE
1794,"N",0.000747903212059448,"N",TRUE
1793,"N",5.44868000419521e-10,"N",TRUE
1788,"N",0.00646784475063527,"N",TRUE
1779,"N",4.31805462191955e-10,"N",TRUE
1772,"N",0.00278743257425219,"N",TRUE
1768,"N",0.0924015541183605,"N",TRUE
1766,"N",2.22044604925031e-16,"N",TRUE
1763,"N",0.263293578562418,"N",TRUE
1761,"N",0.00745314323149968,"N",TRUE
1754,"N",0.0192818376041811,"N",TRUE
1749,"N",0.000446985882902384,"N",TRUE
1744,"N",4.82210977692712e-10,"N",TRUE
1741,"N",0.0157731580369615,"N",TRUE
1740,"N",0.212434203016437,"N",TRUE
1739,"N",0.0496993585666944,"N",TRUE
1735,"N",0.163447162955714,"N",TRUE
1734,"N",0.125522302274945,"N",TRUE
1732,"N",0.000547856191329514,"N",TRUE
1961,"N",3.43345220123795e-12,"N",TRUE
1956,"N",2.22044604925031e-16,"N",TRUE
1953,"N",0.0220420947531332,"N",TRUE
1946,"N",3.35392403151189e-10,"N",TRUE
1941,"N",1.0499213166697e-09,"N",TRUE
1936,"N",0.0514378012008847,"N",TRUE
1935,"N",0.043112455853985,"N",TRUE
1933,"N",3.76804313955253e-10,"N",TRUE
1931,"Y",0.945301874221617,"Y",TRUE
1930,"Y",0.899197866800151,"Y",TRUE
1928,"Y",0.218156568328003,"N",FALSE
1927,"Y",0.882676601443022,"Y",TRUE
1926,"N",0.00591339172569521,"N",TRUE
1924,"N",6.21773947894557e-12,"N",TRUE
1916,"N",0.0142084014411217,"N",TRUE
1915,"Y",0.791183715548525,"Y",TRUE
1913,"N",6.34349965355995e-10,"N",TRUE
1911,"N",0.0108600217913113,"N",TRUE
1909,"N",0.0430542802963306,"N",TRUE
1905,"N",0.274734208525522,"N",TRUE
1904,"N",0.00466564915246861,"N",TRUE
1903,"Y",0.871065635881655,"Y",TRUE
1902,"N",0.0117143412799333,"N",TRUE
1901,"N",1.6687738514582e-10,"N",TRUE
1899,"N",0.00489562299073994,"N",TRUE
1893,"N",0.0126601772397855,"N",TRUE
1891,"Y",0.360837035244265,"Y",TRUE
1890,"Y",0.662680386096871,"Y",TRUE
1884,"N",0.0540835616517898,"N",TRUE
1881,"N",0.00706346196079134,"N",TRUE
1879,"N",0.00647950665005947,"N",TRUE
1878,"N",0.170472487682613,"N",TRUE
1877,"N",0.13057060995851,"N",TRUE
1872,"N",0.00100189561806791,"N",TRUE
1870,"N",0.610044401768189,"Y",FALSE
1868,"N",2.22044604925031e-16,"N",TRUE
1865,"N",2.22044604925031e-16,"N",TRUE
1863,"N",0.0111779328079612,"N",TRUE
1862,"N",0.0109130315087614,"N",TRUE
1855,"N",0.138949130618538,"N",TRUE
1853,"Y",0.879763318868644,"Y",TRUE
1852,"N",0.0308640176688781,"N",TRUE
2076,"N",3.595488268191e-11,"N",TRUE
2069,"N",0.0759420968386909,"N",TRUE
2068,"N",0.136701525800923,"N",TRUE
2060,"Y",0.348996703478868,"Y",TRUE
2058,"N",0.0267376231633302,"N",TRUE
2056,"N",2.65672044007821e-06,"N",TRUE
2052,"Y",0.0947398572647928,"N",FALSE
2048,"N",0.175447812898729,"N",TRUE
2047,"N",2.22044604925031e-16,"N",TRUE
2041,"N",0.164716219474607,"N",TRUE
2039,"N",0.00531513157807735,"N",TRUE
2038,"N",0.194749678058668,"N",TRUE
2036,"N",0.02216079687763,"N",TRUE
2034,"N",0.0999074600264362,"N",TRUE
2033,"N",0.00612923128909842,"N",TRUE
2028,"N",0.0778088382437706,"N",TRUE
2026,"Y",3.71436059023092e-10,"N",FALSE
2021,"N",0.0351454889265982,"N",TRUE
2016,"N",5.79649675034015e-11,"N",TRUE
2013,"N",0.070677149064222,"N",TRUE
2011,"N",0.032834739813888,"N",TRUE
2010,"N",0.200469920884392,"N",TRUE
2008,"N",0.00891573544672069,"N",TRUE
2007,"Y",0.38915722864548,"Y",TRUE
2006,"N",0.000414761809640609,"N",TRUE
2005,"N",4.9517075470319e-10,"N",TRUE
2001,"N",0.0380421522081318,"N",TRUE
1999,"N",6.7930635335506e-08,"N",TRUE
1996,"Y",0.924474059536186,"Y",TRUE
1994,"N",2.22044604925031e-16,"N",TRUE
1993,"N",2.03316612543413e-05,"N",TRUE
1990,"N",0.022537210138455,"N",TRUE
1984,"N",0.00202396661036857,"N",TRUE
1983,"N",2.24087072789011e-09,"N",TRUE
1980,"N",0.0531377903686588,"N",TRUE
1978,"N",0.00101623703438529,"N",TRUE
1977,"N",0.0186427363555301,"N",TRUE
1973,"N",0.0620267862502079,"N",TRUE
1972,"N",0.0589888520966414,"N",TRUE
1970,"N",0.105049324881086,"N",TRUE
1968,"N",0.00700178543566959,"N",TRUE
2104,"N",2.99011063816307e-11,"N",TRUE
2103,"Y",0.040677288667559,"N",FALSE
2098,"N",9.97810313271965e-10,"N",TRUE
2095,"N",0.0573042594728881,"N",TRUE
2092,"N",0.00114346534183659,"N",TRUE
2091,"N",2.22044604925031e-16,"N",TRUE
2088,"Y",0.0784406407332644,"N",FALSE
2086,"N",0.0114449600274331,"N",TRUE
2085,"N",1.22016571117214e-11,"N",TRUE
2082,"N",0.0361807130340857,"N",TRUE
2124,"N",2.22044604925031e-16,"N",TRUE
2123,"Y",0.361257950765277,"Y",TRUE
2122,"N",0.718933731449218,"Y",FALSE
2118,"N",1.14135919480556e-12,"N",TRUE
2116,"N",0.0296793834571156,"N",TRUE
2115,"Y",0.942470527752653,"Y",TRUE
2114,"N",2.22044604925031e-16,"N",TRUE
2109,"Y",0.174641313277588,"N",FALSE
2108,"N",0.245196872052923,"N",TRUE
2107,"N",0.0981888135563985,"N",TRUE
2242,"N",0.0465126938646007,"N",TRUE
2240,"N",0.0441496923253268,"N",TRUE
2235,"N",0.0959715700013178,"N",TRUE
2231,"N",0.00956329129786779,"N",TRUE
2229,"N",0.074427402621485,"N",TRUE
2226,"N",0.776394464556322,"Y",FALSE
2224,"N",0.0417971883044492,"N",TRUE
2221,"N",0.0526271124091016,"N",TRUE
2220,"N",0.0245355367209934,"N",TRUE
2218,"N",0.192704170195969,"N",TRUE
2216,"N",1.10305599018166e-09,"N",TRUE
2214,"N",0.00957921812844054,"N",TRUE
2213,"N",0.0327682412648865,"N",TRUE
2211,"N",1.80401523719523e-09,"N",TRUE
2208,"N",5.29186102744271e-08,"N",TRUE
2206,"N",0.0724170804080885,"N",TRUE
2203,"Y",0.90107052521554,"Y",TRUE
2201,"N",0.00979910736624472,"N",TRUE
2200,"N",2.22044604925031e-16,"N",TRUE
2190,"N",0.00630759152126503,"N",TRUE
2183,"N",0.0569974120704627,"N",TRUE
2177,"N",0.011278044576375,"N",TRUE
2171,"Y",0.679398508441971,"Y",TRUE
2169,"N",0.0175164176278243,"N",TRUE
2163,"N",0.131698067034205,"N",TRUE
2160,"N",2.22044604925031e-16,"N",TRUE
2157,"N",1.59859729617474e-07,"N",TRUE
2155,"N",0.0481693645347642,"N",TRUE
2151,"N",0.000586596560003341,"N",TRUE
2147,"Y",0.820295245635227,"Y",TRUE
2146,"N",0.0877844986065439,"N",TRUE
2138,"N",0.00790490297249438,"N",TRUE
2136,"N",0.547012915737857,"Y",FALSE
2134,"N",0.188507274126171,"N",TRUE
2338,"N",0.00951662897860802,"N",TRUE
2337,"N",2.22044604925031e-16,"N",TRUE
2331,"N",0.0893993615758071,"N",TRUE
2330,"Y",0.208315685848874,"N",FALSE
2328,"N",0.0393519195170235,"N",TRUE
2325,"N",0.00330182406199788,"N",TRUE
2320,"N",0.00129870962781321,"N",TRUE
2313,"N",0.00277972056446489,"N",TRUE
2311,"N",0.0102058063538998,"N",TRUE
2310,"N",0.0569537792009407,"N",TRUE
2309,"N",0.106276225956806,"N",TRUE
2306,"Y",0.819447174651745,"Y",TRUE
2302,"N",0.00236516442035314,"N",TRUE
2299,"N",0.0419562226748533,"N",TRUE
2295,"N",0.00814910896078035,"N",TRUE
2292,"N",2.7002716054965e-10,"N",TRUE
2291,"Y",0.893880828482966,"Y",TRUE
2290,"N",2.22044604925031e-16,"N",TRUE
2289,"N",2.22044604925031e-16,"N",TRUE
2288,"N",0.0188350040082416,"N",TRUE
2286,"N",1.26780624396801e-09,"N",TRUE
2284,"N",1.51620735212609e-09,"N",TRUE
2279,"N",0.0453770106429847,"N",TRUE
2277,"Y",0.277721105870638,"N",FALSE
2272,"N",0.00545993403224496,"N",TRUE
2264,"N",0.00665675069802806,"N",TRUE
2260,"N",0.00311715634140342,"N",TRUE
2255,"N",0.25297109199624,"N",TRUE
2252,"N",0.0216033354454001,"N",TRUE
2250,"N",0.179967569370481,"N",TRUE
2248,"N",0.169207865053068,"N",TRUE
2247,"Y",0.997120260348537,"Y",TRUE
2246,"N",0.00975925285702754,"N",TRUE
2245,"N",2.22044604925031e-16,"N",TRUE
2444,"N",0.0427564207534908,"N",TRUE
2442,"N",0.0254593161032226,"N",TRUE
2439,"N",2.22044604925031e-16,"N",TRUE
2437,"N",0.0201285603798552,"N",TRUE
2434,"Y",0.0863736998157757,"N",FALSE
2432,"N",0.275370032250476,"N",TRUE
2429,"N",0.0118019351263308,"N",TRUE
2428,"N",2.22044604925031e-16,"N",TRUE
2427,"N",5.86439635962166e-11,"N",TRUE
2421,"N",0.128512605440732,"N",TRUE
2417,"N",2.22044604925031e-16,"N",TRUE
2416,"N",0.00593869352426825,"N",TRUE
2414,"Y",0.23870307984189,"N",FALSE
2412,"N",0.566505400328659,"Y",FALSE
2405,"N",0.0187140801465421,"N",TRUE
2403,"N",0.134151146210149,"N",TRUE
2399,"N",0.00947884552278278,"N",TRUE
2397,"N",3.13568689536332e-09,"N",TRUE
2389,"N",2.22044604925031e-16,"N",TRUE
2387,"N",4.41777347827071e-11,"N",TRUE
2386,"N",0.0645226055787372,"N",TRUE
2382,"N",0.608355723106721,"Y",FALSE
2381,"N",0.00983964188965639,"N",TRUE
2379,"N",0.0392857069149549,"N",TRUE
2378,"N",0.0766539322051712,"N",TRUE
2377,"Y",0.95897969471327,"Y",TRUE
2374,"N",0.0144353759581994,"N",TRUE
2371,"N",0.379946148677796,"Y",FALSE
2364,"Y",0.997661235734948,"Y",TRUE
2360,"N",0.00783525682538612,"N",TRUE
2357,"Y",0.145408931493985,"N",FALSE
2352,"N",3.11412394014941e-05,"N",TRUE
2348,"Y",0.0862640511988513,"N",FALSE
2347,"N",0.376708350641382,"Y",FALSE
2345,"N",0.00176500573242178,"N",TRUE
2546,"N",0.0110901504875854,"N",TRUE
2543,"N",6.26072608620268e-11,"N",TRUE
2538,"Y",0.0807853550094169,"N",FALSE
2533,"N",0.0141708347374181,"N",TRUE
2530,"N",0.0107124687023939,"N",TRUE
2527,"Y",0.012751131677835,"N",FALSE
2526,"N",0.0190896618635065,"N",TRUE
2525,"N",6.03859326466848e-10,"N",TRUE
2523,"N",0.0472616303551852,"N",TRUE
2515,"Y",0.270650935623221,"N",FALSE
2514,"N",2.22044604925031e-16,"N",TRUE
2511,"N",0.0162640771749745,"N",TRUE
2509,"N",8.3936682327976e-05,"N",TRUE
2507,"N",0.41867403281745,"Y",FALSE
2506,"N",2.22044604925031e-16,"N",TRUE
2502,"N",0.0252152820503968,"N",TRUE
2497,"N",0.0433467170957011,"N",TRUE
2487,"N",0.0073595185232857,"N",TRUE
2485,"N",0.00585154758841973,"N",TRUE
2483,"N",0.23103794091203,"N",TRUE
2481,"N",0.0235794575403106,"N",TRUE
2479,"N",0.152464190403855,"N",TRUE
2477,"N",2.22044604925031e-16,"N",TRUE
2475,"N",1.84438174626731e-08,"N",TRUE
2474,"N",0.0224173098879212,"N",TRUE
2467,"Y",0.705840628705629,"Y",TRUE
2465,"Y",0.646363139845244,"Y",TRUE
2461,"N",0.0783576896092436,"N",TRUE
2459,"N",0.018321279959441,"N",TRUE
2458,"Y",0.53812100255333,"Y",TRUE
2648,"N",1.64429394498352e-10,"N",TRUE
2647,"N",0.0435595212713936,"N",TRUE
2646,"N",0.0327359977147629,"N",TRUE
2645,"N",0.0798719287597854,"N",TRUE
2644,"N",9.59615594373067e-12,"N",TRUE
2641,"N",0.0283348479046348,"N",TRUE
2636,"N",0.0279804862965133,"N",TRUE
2633,"N",4.05585248926578e-10,"N",TRUE
2632,"N",1.77655148199443e-10,"N",TRUE
2625,"N",0.00568425460089499,"N",TRUE
2624,"N",0.0306553635335676,"N",TRUE
2619,"Y",0.886714834426371,"Y",TRUE
2617,"N",0.00184096980023799,"N",TRUE
2613,"N",4.99962662285737e-10,"N",TRUE
2612,"Y",0.493997880108297,"Y",TRUE
2611,"N",0.00536964756000762,"N",TRUE
2604,"Y",0.0826613464326463,"N",FALSE
2597,"N",0.00200332616070374,"N",TRUE
2595,"N",0.0322340618320819,"N",TRUE
2593,"N",0.215800551634344,"N",TRUE
2584,"N",0.0175215582631818,"N",TRUE
2583,"Y",0.425636225041131,"Y",TRUE
2580,"N",0.00375104149052101,"N",TRUE
2574,"N",0.0944503571616889,"N",TRUE
2571,"N",0.15005540967047,"N",TRUE
2566,"N",0.126388676825871,"N",TRUE
2564,"N",0.0181776592803359,"N",TRUE
2561,"N",0.0469854637639802,"N",TRUE
2663,"N",0.000437503786721287,"N",TRUE
2659,"N",0.0218491807762739,"N",TRUE
2653,"N",0.00282363604019256,"N",TRUE
2651,"Y",0.989995464026572,"Y",TRUE
2686,"N",0.0548766346440377,"N",TRUE
2684,"N",0.00958409391496762,"N",TRUE
2679,"N",2.22044604925031e-16,"N",TRUE
2676,"N",0.187160430372088,"N",TRUE
2674,"N",0.0467920332919947,"N",TRUE
2671,"Y",0.993068777452329,"Y",TRUE
2668,"N",0.724179700379483,"Y",FALSE
2666,"N",0.00181109594519691,"N",TRUE
2665,"Y",0.398173070423398,"Y",TRUE
2789,"N",3.23575236678581e-10,"N",TRUE
2787,"N",0.032903393468436,"N",TRUE
2785,"N",0.0178733703293572,"N",TRUE
2779,"N",0.0711481797592207,"N",TRUE
2774,"N",0.0146160582947317,"N",TRUE
2773,"N",0.0345338853804975,"N",TRUE
2770,"N",1.64406638768107e-11,"N",TRUE
2766,"N",0.04087886011597,"N",TRUE
2763,"Y",0.751951481258354,"Y",TRUE
2762,"N",0.14125360793111,"N",TRUE
2760,"N",0.0279173315264278,"N",TRUE
2758,"N",0.00331112223284204,"N",TRUE
2754,"N",0.0145887205839755,"N",TRUE
2744,"N",2.1771317287706e-09,"N",TRUE
2741,"N",0.0433881966833673,"N",TRUE
2740,"N",0.0615793319183071,"N",TRUE
2735,"N",0.0276058934257419,"N",TRUE
2722,"N",0.0150947078143707,"N",TRUE
2720,"N",2.22044604925031e-16,"N",TRUE
2716,"Y",0.213769404897459,"N",FALSE
2712,"N",5.28796004563693e-05,"N",TRUE
2711,"N",0.0343959041871611,"N",TRUE
2709,"Y",0.737051839191652,"Y",TRUE
2708,"N",0.809782849357805,"Y",FALSE
2707,"Y",0.893779191617944,"Y",TRUE
2705,"N",0.0124607705986614,"N",TRUE
2701,"N",0.0536100922171766,"N",TRUE
2697,"N",0.0381682842636711,"N",TRUE
2694,"Y",0.579540537249538,"Y",TRUE
2692,"N",0.0661961366815078,"N",TRUE
2889,"N",0.00198585434305426,"N",TRUE
2888,"N",1.86349067631364e-12,"N",TRUE
2884,"N",0.107339221398381,"N",TRUE
2862,"N",0.000278463693599795,"N",TRUE
2857,"N",0.013521656515565,"N",TRUE
2856,"N",2.22044604925031e-16,"N",TRUE
2849,"Y",0.195112035236653,"N",FALSE
2847,"Y",0.683213053908744,"Y",TRUE
2845,"N",0.00964165657170581,"N",TRUE
2844,"N",0.00281554457292805,"N",TRUE
2838,"N",2.22044604925031e-16,"N",TRUE
2832,"Y",0.691509281449699,"Y",TRUE
2830,"N",0.00147445973372002,"N",TRUE
2829,"N",0.00790791761374472,"N",TRUE
2828,"N",0.012490765895712,"N",TRUE
2827,"N",0.0286547875451884,"N",TRUE
2822,"N",0.00979091866842807,"N",TRUE
2819,"N",0.155969505462784,"N",TRUE
2818,"N",0.00196826368327072,"N",TRUE
2817,"Y",0.479953422946849,"Y",TRUE
2810,"N",0.00201873870834271,"N",TRUE
2801,"N",0.00961306145181714,"N",TRUE
2800,"N",0.277326125035121,"N",TRUE
2790,"Y",0.603042603698287,"Y",TRUE
2984,"N",6.04924768721809e-10,"N",TRUE
2975,"N",0.086609112093667,"N",TRUE
2974,"N",0.0338017751126173,"N",TRUE
2973,"N",0.00778051871889101,"N",TRUE
2971,"N",2.22044604925031e-16,"N",TRUE
2969,"N",0.0749820873414125,"N",TRUE
2968,"N",0.0648372208915692,"N",TRUE
2966,"N",0.0356812372563368,"N",TRUE
2965,"Y",0.738728285981162,"Y",TRUE
2960,"N",0.240513706342174,"N",TRUE
2956,"N",0.0486265129552981,"N",TRUE
2955,"N",0.511887820605781,"Y",FALSE
2954,"N",0.0725095246993891,"N",TRUE
2953,"N",0.00304658081450829,"N",TRUE
2951,"N",6.68514648162194e-10,"N",TRUE
2950,"N",0.0324258800376548,"N",TRUE
2948,"N",0.198158091860158,"N",TRUE
2947,"N",0.0141109585243255,"N",TRUE
2945,"Y",0.995046559170837,"Y",TRUE
2944,"N",0.0493409843925196,"N",TRUE
2936,"Y",0.737962028291836,"Y",TRUE
2931,"N",0.0016705647516726,"N",TRUE
2929,"N",0.0384051156418293,"N",TRUE
2927,"N",0.0174828710942737,"N",TRUE
2926,"N",5.72412311347837e-11,"N",TRUE
2924,"N",0.117856002348238,"N",TRUE
2923,"N",0.0423563854502656,"N",TRUE
2922,"N",0.00157680862495846,"N",TRUE
2921,"N",2.22044604925031e-16,"N",TRUE
2914,"N",0.00178644652520681,"N",TRUE
2909,"N",0.0219618825019542,"N",TRUE
2908,"N",0.0808023082065698,"N",TRUE
2905,"N",0.0201059564156067,"N",TRUE
2901,"Y",0.76977860137866,"Y",TRUE
2897,"Y",0.0642024231465458,"N",FALSE
2893,"N",0.0169933345596769,"N",TRUE
3085,"N",0.0541672643211723,"N",TRUE
3077,"N",0.122326094247989,"N",TRUE
3076,"Y",0.00310618646263474,"N",FALSE
3075,"N",0.00439882323131193,"N",TRUE
3074,"Y",0.0538308825668237,"N",FALSE
3072,"N",4.76294525802538e-11,"N",TRUE
3060,"N",0.0317725081443365,"N",TRUE
3053,"N",0.101455489589722,"N",TRUE
3050,"Y",0.195783007039966,"N",FALSE
3043,"N",0.00563173505131231,"N",TRUE
3042,"N",0.0525695895462108,"N",TRUE
3037,"N",0.0335654035171742,"N",TRUE
3035,"Y",0.860214152458851,"Y",TRUE
3033,"N",0.0448929544501293,"N",TRUE
3030,"N",0.041387697632912,"N",TRUE
3026,"N",0.134048101131379,"N",TRUE
3025,"N",0.0246258952618623,"N",TRUE
3022,"Y",0.640906415947906,"Y",TRUE
3021,"N",0.0464079833301107,"N",TRUE
3020,"N",0.0426718846442571,"N",TRUE
3016,"N",0.0228859400537161,"N",TRUE
3011,"N",0.00121532985540749,"N",TRUE
3009,"N",0.0143428761002703,"N",TRUE
3006,"Y",0.797868873582394,"Y",TRUE
3002,"N",0.00631954713215641,"N",TRUE
3001,"N",0.0345958519040633,"N",TRUE
2997,"N",0.382880083666709,"Y",FALSE
2996,"N",0.05677947706021,"N",TRUE
2994,"N",0.0197247710137508,"N",TRUE
2991,"Y",0.0555483938702166,"N",FALSE
2987,"N",0.00230234092722338,"N",TRUE
3178,"N",0.0512757249939305,"N",TRUE
3175,"N",5.5768270249132e-11,"N",TRUE
3174,"N",4.87818986152802e-12,"N",TRUE
3173,"N",0.0442494226994425,"N",TRUE
3163,"N",2.66427564476293e-10,"N",TRUE
3160,"Y",0.887745103149986,"Y",TRUE
3157,"N",0.0481509578875122,"N",TRUE
3156,"Y",0.0653938190632467,"N",FALSE
3154,"N",0.00729401644663282,"N",TRUE
3153,"N",0.14307613587674,"N",TRUE
3150,"N",0.00184810791831398,"N",TRUE
3146,"N",1.0336768757809e-10,"N",TRUE
3144,"N",0.0904095278907093,"N",TRUE
3141,"N",0.00293745096861734,"N",TRUE
3138,"N",0.00235649459887193,"N",TRUE
3135,"N",0.00973620215927946,"N",TRUE
3127,"N",0.0984381384705006,"N",TRUE
3126,"N",0.00316946064083454,"N",TRUE
3121,"N",0.00791303139996143,"N",TRUE
3120,"N",0.0525135640499546,"N",TRUE
3117,"N",0.0103649185773318,"N",TRUE
3114,"N",0.0135958724000068,"N",TRUE
3111,"N",0.028339379738701,"N",TRUE
3108,"N",0.0389805805412211,"N",TRUE
3105,"N",0.0679529082196358,"N",TRUE
3103,"N",0.00410682890650743,"N",TRUE
3100,"N",4.3343114092914e-05,"N",TRUE
3093,"N",0.0980287402696166,"N",TRUE
3090,"N",0.229693543636099,"N",TRUE
3087,"N",0.0677355602839585,"N",TRUE
3188,"Y",0.261088107284097,"N",FALSE
3187,"N",6.28566478461311e-12,"N",TRUE
3186,"N",2.22044604925031e-16,"N",TRUE
3183,"N",0.248295655816645,"N",TRUE
3181,"N",0.0526016545665213,"N",TRUE
3210,"Y",0.888808024709799,"Y",TRUE
3208,"N",2.22044604925031e-16,"N",TRUE
3207,"N",0.0473342137111606,"N",TRUE
3206,"N",0.0711455263545988,"N",TRUE
3202,"N",0.0228058044932391,"N",TRUE
3201,"N",0.0274155822868828,"N",TRUE
3200,"Y",0.609648962568439,"Y",TRUE
3196,"N",0.348940358552443,"Y",FALSE
3194,"Y",0.915206447081722,"Y",TRUE
3191,"Y",0.851685386170182,"Y",TRUE
3291,"N",0.0873313941073219,"N",TRUE
3289,"N",0.145755633177695,"N",TRUE
3284,"N",0.024834086213939,"N",TRUE
3279,"N",1.09818639288799e-10,"N",TRUE
3277,"N",1.03510353723914e-10,"N",TRUE
3275,"N",6.20207545794658e-11,"N",TRUE
3274,"N",0.0049635141727453,"N",TRUE
3272,"N",0.0175863997644375,"N",TRUE
3266,"N",0.0442759174790059,"N",TRUE
3265,"N",2.22044604925031e-16,"N",TRUE
3263,"Y",0.102972604686817,"N",FALSE
3262,"Y",0.887090149722861,"Y",TRUE
3258,"N",0.925392404810089,"Y",FALSE
3256,"N",0.012961112828353,"N",TRUE
3250,"N",2.22044604925031e-16,"N",TRUE
3248,"N",0.00235372692590012,"N",TRUE
3247,"N",0.103839706511952,"N",TRUE
3244,"N",0.00260736429744066,"N",TRUE
3243,"Y",0.833787146451703,"Y",TRUE
3242,"N",0.01181330510293,"N",TRUE
3236,"N",0.028660920336936,"N",TRUE
3235,"Y",0.121960936462647,"N",FALSE
3232,"Y",0.825539878077103,"Y",TRUE
3230,"Y",0.778569020374301,"Y",TRUE
3227,"Y",0.750754677290499,"Y",TRUE
3225,"N",0.0437306164407665,"N",TRUE
3222,"N",2.1649687261333e-09,"N",TRUE
3217,"N",0.00856873920744061,"N",TRUE
3216,"Y",0.23930352714682,"N",FALSE
3211,"Y",0.888214610804077,"Y",TRUE
3388,"N",2.20863820950887e-10,"N",TRUE
3384,"N",0.0238530455861321,"N",TRUE
3383,"N",4.28473867795749e-09,"N",TRUE
3377,"N",1.06813662849749e-11,"N",TRUE
3374,"N",0.00690079007336144,"N",TRUE
3371,"N",0.00269925057782516,"N",TRUE
3370,"N",0.0283268888435372,"N",TRUE
3369,"N",8.61836076732761e-11,"N",TRUE
3366,"Y",0.116179921868504,"N",FALSE
3363,"N",1.53541191193228e-09,"N",TRUE
3362,"N",0.0162585131210098,"N",TRUE
3361,"N",0.0123771080119457,"N",TRUE
3359,"N",9.70009132663833e-10,"N",TRUE
3357,"Y",0.646095080174131,"Y",TRUE
3355,"N",0.00863057449857646,"N",TRUE
3352,"N",0.00261994435197263,"N",TRUE
3350,"N",0.544117275764823,"Y",FALSE
3349,"N",0.0101867419186652,"N",TRUE
3346,"N",1.22128046226821e-11,"N",TRUE
3345,"N",6.53139637257478e-11,"N",TRUE
3342,"Y",0.968172789847214,"Y",TRUE
3338,"N",0.00700076669292005,"N",TRUE
3329,"N",0.014449125604558,"N",TRUE
3328,"Y",0.821737886228254,"Y",TRUE
3324,"N",9.98196511318968e-11,"N",TRUE
3319,"N",0.00305266576290593,"N",TRUE
3318,"N",0.0236226943100404,"N",TRUE
3317,"N",0.0892483244323244,"N",TRUE
3315,"N",0.0254339297980915,"N",TRUE
3308,"N",0.0745311264253158,"N",TRUE
3307,"N",0.000817748799280278,"N",TRUE
3306,"Y",0.494583678189053,"Y",TRUE
3302,"N",0.00752353073252579,"N",TRUE
3297,"N",0.0112057302705092,"N",TRUE
3481,"N",2.54433004024692e-10,"N",TRUE
3480,"N",6.50734410128333e-12,"N",TRUE
3479,"N",0.0337780074950797,"N",TRUE
3478,"N",0.00641306347212961,"N",TRUE
3475,"N",0.0164981547734179,"N",TRUE
3472,"Y",0.0894259602528796,"N",FALSE
3469,"N",0.016326423709746,"N",TRUE
3468,"N",0.0532633098445822,"N",TRUE
3462,"N",1.70498646784018e-09,"N",TRUE
3461,"N",1.0539618812704e-08,"N",TRUE
3458,"N",0.0121421737949651,"N",TRUE
3457,"N",0.0369576546166901,"N",TRUE
3447,"N",0.00974226793860756,"N",TRUE
3443,"N",0.000898711670723852,"N",TRUE
3442,"N",5.33514601858096e-11,"N",TRUE
3441,"N",0.00272302378272582,"N",TRUE
3435,"N",2.22044604925031e-16,"N",TRUE
3432,"N",0.0182931746369716,"N",TRUE
3430,"N",4.56048726550289e-10,"N",TRUE
3429,"N",0.012287989966556,"N",TRUE
3428,"N",5.01866680122925e-10,"N",TRUE
3425,"N",0.0741481949768876,"N",TRUE
3424,"N",0.0113356594644753,"N",TRUE
3423,"Y",0.516861231923724,"Y",TRUE
3419,"N",0.0151132909364137,"N",TRUE
3417,"Y",0.0265314117217885,"N",FALSE
3415,"N",0.22289085088103,"N",TRUE
3403,"N",0.0120733554509183,"N",TRUE
3400,"Y",0.9588824951633,"Y",TRUE
3399,"N",0.0384916608755072,"N",TRUE
3393,"N",7.83024286936836e-10,"N",TRUE
3392,"Y",0.946569267845327,"Y",TRUE
3390,"N",0.0260995311558447,"N",TRUE
3583,"N",0.0933650757011408,"N",TRUE
3580,"N",0.0419793104202436,"N",TRUE
3578,"N",0.0136742239216273,"N",TRUE
3574,"Y",0.351685975463957,"Y",TRUE
3572,"N",0.0218587692219714,"N",TRUE
3571,"N",0.00248437695946011,"N",TRUE
3570,"N",0.00449521940189086,"N",TRUE
3566,"N",0.0083026394399367,"N",TRUE
3565,"N",8.38820695061018e-10,"N",TRUE
3562,"N",2.22044604925031e-16,"N",TRUE
3561,"N",0.0278695170615072,"N",TRUE
3557,"N",0.401082464151949,"Y",FALSE
3551,"N",2.43842833696022e-10,"N",TRUE
3549,"N",0.294827689659822,"N",TRUE
3548,"N",1.74948977882914e-09,"N",TRUE
3543,"Y",0.949924643844706,"Y",TRUE
3542,"N",0.0116666439606999,"N",TRUE
3540,"N",0.0114053097600564,"N",TRUE
3538,"Y",0.800563024211001,"Y",TRUE
3534,"N",0.00709652795050647,"N",TRUE
3528,"N",0.0470635481761688,"N",TRUE
3527,"N",7.96033725572831e-10,"N",TRUE
3515,"N",0.00117414324995036,"N",TRUE
3514,"N",0.0212058386039297,"N",TRUE
3513,"N",0.0323038495732194,"N",TRUE
3505,"N",0.00502202582355609,"N",TRUE
3504,"N",0.123963775568113,"N",TRUE
3503,"N",0.0126392062872236,"N",TRUE
3502,"N",0.00887998084488734,"N",TRUE
3497,"Y",0.865269806354824,"Y",TRUE
3496,"N",0.0474546161733295,"N",TRUE
3495,"N",0.00665771108693913,"N",TRUE
3494,"Y",0.904799683787597,"Y",TRUE
3492,"Y",0.0255096153411237,"N",FALSE
3491,"N",0.0104278610435656,"N",TRUE
3489,"N",0.128147327801905,"N",TRUE
3488,"N",0.0239542786440424,"N",TRUE
3487,"N",1.08001070882304e-11,"N",TRUE
3485,"Y",0.180184375267145,"N",FALSE
3679,"N",0.206148755829267,"N",TRUE
3673,"N",0.0769051045446713,"N",TRUE
3672,"N",0.0486670258382197,"N",TRUE
3670,"N",0.422159553304774,"Y",FALSE
3669,"N",0.0518537319636771,"N",TRUE
3666,"N",0.0188342106542522,"N",TRUE
3661,"N",0.00746124043385726,"N",TRUE
3655,"N",2.12480169176766e-08,"N",TRUE
3654,"N",1.07912026320897e-09,"N",TRUE
3653,"N",0.0154483625009972,"N",TRUE
3650,"Y",0.114042649300394,"N",FALSE
3649,"N",0.465132223787564,"Y",FALSE
3648,"N",6.06625422655057e-09,"N",TRUE
3646,"N",0.000905529378099398,"N",TRUE
3640,"N",0.00485001911867557,"N",TRUE
3631,"N",0.0125383430718837,"N",TRUE
3630,"N",0.00302434355109989,"N",TRUE
3625,"N",0.00909465252352405,"N",TRUE
3621,"Y",0.891074908779694,"Y",TRUE
3617,"N",3.62288301226016e-13,"N",TRUE
3615,"N",0.00046809137833339,"N",TRUE
3609,"N",0.0372872960921742,"N",TRUE
3598,"N",0.530700228261183,"Y",FALSE
3596,"N",5.35907533653845e-11,"N",TRUE
3592,"N",0.305094969890486,"Y",FALSE
3591,"Y",0.832958941506533,"Y",TRUE
3585,"N",0.0095800261029395,"N",TRUE
3695,"N",3.23400382234771e-11,"N",TRUE
3693,"Y",0.981620076026079,"Y",TRUE
3690,"N",0.0196904154239352,"N",TRUE
3688,"Y",0.982876282550624,"Y",TRUE
3714,"N",0.03013704154329,"N",TRUE
3709,"Y",0.99915527070492,"Y",TRUE
3708,"N",0.485033874941225,"Y",FALSE
3704,"Y",0.989864563006388,"Y",TRUE
3703,"N",0.364994350832257,"Y",FALSE
3702,"N",0.0187723826944998,"N",TRUE
3818,"N",5.3797665129567e-12,"N",TRUE
3815,"N",0.0606441076791532,"N",TRUE
3810,"N",2.22044604925031e-16,"N",TRUE
3791,"N",3.22571145211955e-09,"N",TRUE
3788,"Y",0.286360835438388,"N",FALSE
3786,"Y",0.886380161317801,"Y",TRUE
3783,"N",0.786427111656121,"Y",FALSE
3781,"Y",0.955139450431953,"Y",TRUE
3774,"Y",0.999999999410372,"Y",TRUE
3773,"N",0.000985135419248954,"N",TRUE
3770,"N",0.0586261064208543,"N",TRUE
3768,"N",0.0183005705379273,"N",TRUE
3766,"N",0.010813214794953,"N",TRUE
3765,"Y",0.105425179990746,"N",FALSE
3764,"N",0.0201924825563731,"N",TRUE
3763,"N",0.18823659260952,"N",TRUE
3760,"N",0.491668706823909,"Y",FALSE
3757,"N",0.0113311206869439,"N",TRUE
3754,"N",2.22044604925031e-16,"N",TRUE
3750,"Y",0.718533150352069,"Y",TRUE
3748,"N",2.22044604925031e-16,"N",TRUE
3746,"N",0.00197719872178364,"N",TRUE
3745,"Y",0.925720927797867,"Y",TRUE
3744,"N",0.0841784983373432,"N",TRUE
3743,"Y",2.22044604925031e-16,"N",FALSE
3740,"N",2.3515129729232e-09,"N",TRUE
3738,"N",0.00258705167534289,"N",TRUE
3725,"Y",0.63742081638895,"Y",TRUE
3724,"N",0.0648685198126035,"N",TRUE
3723,"N",0.0229828398820572,"N",TRUE
3720,"N",0.0627552477014212,"N",TRUE
3903,"N",0.00958911975012278,"N",TRUE
3902,"N",5.67806732715669e-11,"N",TRUE
3900,"N",0.00713508182884767,"N",TRUE
3901,"Y",0.614997645053836,"Y",TRUE
3899,"N",1.53502513806719e-09,"N",TRUE
3898,"N",7.70399037784571e-10,"N",TRUE
3897,"N",0.0191491583267137,"N",TRUE
3896,"N",0.113214412641123,"N",TRUE
3894,"Y",0.747128304835109,"Y",TRUE
3889,"N",2.22044604925031e-16,"N",TRUE
3885,"N",2.22044604925031e-16,"N",TRUE
3882,"Y",6.78573068879245e-10,"N",FALSE
3881,"N",0.107029621400061,"N",TRUE
3875,"N",0.823786225367749,"Y",FALSE
3873,"Y",0.85425731069869,"Y",TRUE
3869,"Y",0.819264845694159,"Y",TRUE
3864,"N",0.0244629722986467,"N",TRUE
3854,"N",4.440004340995e-12,"N",TRUE
3851,"Y",0.673194507896327,"Y",TRUE
3840,"N",0.0239578494269,"N",TRUE
3837,"Y",0.795892737317777,"Y",TRUE
3835,"Y",0.756155153052059,"Y",TRUE
3834,"N",7.31721270778861e-05,"N",TRUE
3830,"N",2.42086396618224e-05,"N",TRUE
3829,"N",0.0415873789344515,"N",TRUE
3823,"Y",0.944844297718286,"Y",TRUE
3821,"N",0.0559955626838152,"N",TRUE
4017,"N",3.91989752915496e-10,"N",TRUE
4014,"N",4.52972135885328e-12,"N",TRUE
4009,"N",0.0623026338363851,"N",TRUE
4008,"N",0.373951760177208,"Y",FALSE
4007,"N",0.205366973976105,"N",TRUE
4003,"N",0.0222307169228177,"N",TRUE
3993,"N",0.351976244533733,"Y",FALSE
3992,"N",0.000494687434884263,"N",TRUE
3991,"N",0.000602282626369816,"N",TRUE
3984,"N",0.00522334653652702,"N",TRUE
3983,"Y",0.8662206611366,"Y",TRUE
3982,"N",2.22044604925031e-16,"N",TRUE
3980,"N",0.000905712049827374,"N",TRUE
3979,"N",0.1053130749718,"N",TRUE
3976,"Y",0.358975060484234,"Y",TRUE
3972,"N",0.00441959364726063,"N",TRUE
3971,"N",0.0792576037880571,"N",TRUE
3970,"N",9.3224164822876e-10,"N",TRUE
3969,"N",0.443554898960975,"Y",FALSE
3966,"Y",0.381282181814067,"Y",TRUE
3964,"N",0.084850017777623,"N",TRUE
3961,"Y",0.21009409339942,"N",FALSE
3960,"Y",0.217203651033183,"N",FALSE
3959,"N",0.00392032257820681,"N",TRUE
3954,"N",0.00723009250333634,"N",TRUE
3950,"N",2.22044604925031e-16,"N",TRUE
3948,"N",0.223753000610429,"N",TRUE
3946,"N",0.612535478210904,"Y",FALSE
3945,"N",0.0447082313033671,"N",TRUE
3943,"N",0.000853782471678974,"N",TRUE
3939,"N",0.0399299936761353,"N",TRUE
3936,"N",0.000726293088858224,"N",TRUE
3933,"N",0.0236872899252353,"N",TRUE
3932,"N",0.0290630135584619,"N",TRUE
3929,"N",0.100330087983153,"N",TRUE
3928,"N",0.0424404421822858,"N",TRUE
3927,"Y",0.898596771377125,"Y",TRUE
3921,"Y",0.944176528758249,"Y",TRUE
4117,"N",1.35649506753053e-11,"N",TRUE
4116,"N",0.00184255895509502,"N",TRUE
4114,"N",0.0282258018398857,"N",TRUE
4105,"N",2.17464387437799e-09,"N",TRUE
4104,"N",1.6775455908312e-09,"N",TRUE
4103,"N",0.0363584116337777,"N",TRUE
4101,"N",4.71655170118356e-09,"N",TRUE
4100,"N",0.132758057712021,"N",TRUE
4099,"N",6.27034219502899e-10,"N",TRUE
4098,"N",2.00721912039501e-12,"N",TRUE
4095,"N",0.0380210786119509,"N",TRUE
4090,"Y",0.313690399513106,"Y",TRUE
4084,"N",0.0827390884738425,"N",TRUE
4074,"Y",0.574633121496178,"Y",TRUE
4069,"N",0.00202901278449788,"N",TRUE
4054,"N",0.058642352261327,"N",TRUE
4053,"N",0.0434220484732667,"N",TRUE
4052,"N",0.017817461696554,"N",TRUE
4040,"N",0.0368881004241588,"N",TRUE
4038,"N",0.125852753046976,"N",TRUE
4034,"N",0.029011338088564,"N",TRUE
4031,"N",0.0117490431897038,"N",TRUE
4030,"N",0.00846522388670664,"N",TRUE
4028,"N",0.019517642690946,"N",TRUE
4023,"N",0.0097189129608649,"N",TRUE
4021,"N",0.00671705975215122,"N",TRUE
4212,"N",1.20485332080831e-11,"N",TRUE
4208,"N",0.165684951612668,"N",TRUE
4204,"N",1.08028905946381e-08,"N",TRUE
4189,"Y",0.802220580966246,"Y",TRUE
4188,"N",0.0343018742840419,"N",TRUE
4186,"N",0.0777401509339634,"N",TRUE
4184,"N",0.0187461249912213,"N",TRUE
4182,"N",0.00123119093104308,"N",TRUE
4180,"N",0.0181774984078731,"N",TRUE
4177,"N",0.698295774425613,"Y",FALSE
4175,"N",0.0355258495941522,"N",TRUE
4174,"N",0.00892496517690585,"N",TRUE
4173,"Y",0.444283647321007,"Y",TRUE
4171,"Y",0.737532355907034,"Y",TRUE
4170,"N",0.010848665482702,"N",TRUE
4167,"Y",0.97385037678345,"Y",TRUE
4164,"N",0.0203484726003741,"N",TRUE
4163,"N",0.0147902470848626,"N",TRUE
4158,"N",0.0926288498606883,"N",TRUE
4157,"Y",0.641649628196771,"Y",TRUE
4154,"Y",0.871107006932121,"Y",TRUE
4153,"N",0.00947970546440983,"N",TRUE
4152,"N",0.198175889091897,"N",TRUE
4143,"N",0.0268768578489607,"N",TRUE
4137,"N",0.000797270019899775,"N",TRUE
4134,"N",0.830726928403673,"Y",FALSE
4132,"N",0.0128667553626068,"N",TRUE
4131,"N",8.87480593807264e-05,"N",TRUE
4130,"N",3.84457527533051e-05,"N",TRUE
4129,"N",0.00751369302365629,"N",TRUE
4125,"N",0.16682552301809,"N",TRUE
4229,"N",0.0125785576780491,"N",TRUE
4228,"N",2.22044604925031e-16,"N",TRUE
4227,"N",0.34520044463581,"Y",FALSE
4221,"N",0.0567085691574007,"N",TRUE
4219,"N",0.195625537324795,"N",TRUE
4251,"N",2.22044604925031e-16,"N",TRUE
4247,"N",0.0264689796451403,"N",TRUE
4245,"N",2.22044604925031e-16,"N",TRUE
4244,"N",0.15254491965837,"N",TRUE
4237,"N",0.0654503086647993,"N",TRUE
4233,"Y",0.909539488288084,"Y",TRUE
4342,"N",2.74158314918925e-10,"N",TRUE
4340,"N",4.98521660408727e-12,"N",TRUE
4339,"N",4.12972300005369e-11,"N",TRUE
4337,"N",4.43248393222614e-09,"N",TRUE
4333,"Y",0.960583392318997,"Y",TRUE
4331,"N",0.347935767694399,"Y",FALSE
4330,"N",0.0109058716633761,"N",TRUE
4327,"N",0.146418794572877,"N",TRUE
4325,"N",1.04648289848335e-10,"N",TRUE
4322,"N",1.64327914516827e-08,"N",TRUE
4321,"N",0.0450876918618429,"N",TRUE
4315,"N",0.102609066354258,"N",TRUE
4295,"N",0.631255109160215,"Y",FALSE
4293,"N",7.66904472941372e-10,"N",TRUE
4292,"N",0.0135501500559114,"N",TRUE
4291,"N",0.489786159987051,"Y",FALSE
4275,"N",0.0327200343184922,"N",TRUE
4274,"N",0.021025345433156,"N",TRUE
4268,"N",2.22044604925031e-16,"N",TRUE
4267,"N",0.30741879023633,"Y",FALSE
4266,"Y",0.748358792527099,"Y",TRUE
4264,"N",0.0208508187641627,"N",TRUE
4263,"N",0.0465950503740481,"N",TRUE
4261,"N",0.0555998101381542,"N",TRUE
4436,"N",1.36131429733678e-10,"N",TRUE
4432,"N",2.7118512801423e-12,"N",TRUE
4430,"N",0.0474400085034475,"N",TRUE
4429,"N",0.0238616795131901,"N",TRUE
4425,"N",0.00467689057580851,"N",TRUE
4423,"N",2.22044604925031e-16,"N",TRUE
4422,"N",6.85437324947498e-10,"N",TRUE
4418,"N",0.00712579789196908,"N",TRUE
4417,"N",3.77389563901306e-12,"N",TRUE
4415,"Y",0.264538339429621,"N",FALSE
4414,"N",3.17692989867196e-10,"N",TRUE
4410,"N",1.29931461759291e-09,"N",TRUE
4408,"N",0.0322884123511776,"N",TRUE
4407,"N",0.00982383072730513,"N",TRUE
4403,"N",0.0143262309671215,"N",TRUE
4402,"N",0.00105851519612798,"N",TRUE
4401,"N",0.0777890518934895,"N",TRUE
4400,"N",2.22044604925031e-16,"N",TRUE
4399,"N",0.0472896006853539,"N",TRUE
4397,"N",0.700835452572048,"Y",FALSE
4395,"N",0.0034861194782993,"N",TRUE
4388,"N",0.0193497204165793,"N",TRUE
4387,"Y",0.565440237105287,"Y",TRUE
4384,"N",0.106468663852799,"N",TRUE
4383,"N",0.0361491242757879,"N",TRUE
4379,"Y",0.978552461406551,"Y",TRUE
4377,"N",0.95105248575802,"Y",FALSE
4376,"N",0.0868231441843194,"N",TRUE
4372,"Y",0.866444038148061,"Y",TRUE
4368,"N",6.43940467475674e-10,"N",TRUE
4367,"Y",0.609382998832187,"Y",TRUE
4364,"Y",0.140039664535213,"N",FALSE
4362,"Y",0.827147884888819,"Y",TRUE
4358,"N",0.0135204568228954,"N",TRUE
4356,"N",0.0797844559586512,"N",TRUE
4355,"N",0.000134573489576182,"N",TRUE
4349,"N",0.090077520589405,"N",TRUE
4347,"N",0.145535875510445,"N",TRUE
4346,"Y",0.601526634266347,"Y",TRUE
4534,"N",0.821004947769962,"Y",FALSE
4532,"N",0.142280869788748,"N",TRUE
4522,"N",0.217773539340738,"N",TRUE
4515,"N",1.17400827684217e-09,"N",TRUE
4513,"N",0.00058902494790873,"N",TRUE
4507,"N",0.108961154141703,"N",TRUE
4504,"N",0.279226871049153,"N",TRUE
4493,"Y",0.912639206466628,"Y",TRUE
4492,"N",0.000540004645967841,"N",TRUE
4489,"N",0.0167650884063339,"N",TRUE
4480,"N",0.0083568651568654,"N",TRUE
4477,"N",2.22044604925031e-16,"N",TRUE
4469,"N",0.0133081739168178,"N",TRUE
4467,"Y",0.918674746551267,"Y",TRUE
4465,"Y",0.788493807157386,"Y",TRUE
4464,"N",0.0598914613014891,"N",TRUE
4463,"N",0.0128348961233585,"N",TRUE
4460,"N",0.00719458308216098,"N",TRUE
4453,"N",0.0686447714044697,"N",TRUE
4452,"N",0.052356651671434,"N",TRUE
4451,"Y",0.968207432554395,"Y",TRUE
4450,"N",0.0198033830646282,"N",TRUE
4629,"N",0.00286099143771935,"N",TRUE
4623,"N",3.7663601217688e-09,"N",TRUE
4621,"N",0.166311835132072,"N",TRUE
4620,"N",0.0263104805604638,"N",TRUE
4619,"Y",0.739151746888478,"Y",TRUE
4608,"N",0.00494364495579225,"N",TRUE
4607,"N",2.10366538596013e-09,"N",TRUE
4606,"N",0.096532777112443,"N",TRUE
4601,"N",7.81454317864625e-10,"N",TRUE
4600,"N",0.0675582255834309,"N",TRUE
4597,"N",0.641954612346,"Y",FALSE
4596,"N",0.0298510558004959,"N",TRUE
4593,"Y",0.969793838546906,"Y",TRUE
4590,"N",0.240003284872801,"N",TRUE
4587,"Y",0.913502284069564,"Y",TRUE
4581,"N",0.0209766490888546,"N",TRUE
4577,"N",0.287577155726532,"N",TRUE
4573,"N",0.0160028719725091,"N",TRUE
4572,"N",0.241157622571683,"N",TRUE
4571,"N",0.0944399880450487,"N",TRUE
4568,"N",0.00671767338959985,"N",TRUE
4559,"N",2.40854143386037e-10,"N",TRUE
4552,"N",0.0464635471696283,"N",TRUE
4551,"N",0.0769748397664694,"N",TRUE
4545,"N",0.0688003515080731,"N",TRUE
4541,"Y",0.877110250031188,"Y",TRUE
4539,"N",0.112021403568244,"N",TRUE
4536,"N",1.11334772054601e-08,"N",TRUE
4535,"N",0.164683086368801,"N",TRUE
4714,"N",0.0526901333006983,"N",TRUE
4711,"N",0.0169838924198886,"N",TRUE
4710,"N",0.0330991932585041,"N",TRUE
4708,"N",0.0667262605749827,"N",TRUE
4706,"N",2.22044604925031e-16,"N",TRUE
4702,"N",0.0936869147025522,"N",TRUE
4696,"N",0.0763915794839599,"N",TRUE
4691,"N",0.00091049439343999,"N",TRUE
4689,"N",0.0323845388591064,"N",TRUE
4688,"N",0.315236364520792,"Y",FALSE
4685,"N",0.100463206160458,"N",TRUE
4682,"N",0.497931152480639,"Y",FALSE
4678,"N",1.21137407894563e-09,"N",TRUE
4677,"N",0.10245957558175,"N",TRUE
4671,"N",0.0778544900845419,"N",TRUE
4668,"N",2.88472000062055e-10,"N",TRUE
4665,"N",0.00324027838644547,"N",TRUE
4664,"N",5.4767689509012e-12,"N",TRUE
4663,"N",0.0162268787981691,"N",TRUE
4660,"N",0.0147080849540921,"N",TRUE
4658,"N",0.00539108721114001,"N",TRUE
4657,"N",0.33910844164762,"Y",FALSE
4656,"N",0.0099535201539409,"N",TRUE
4650,"N",1.62473722027796e-09,"N",TRUE
4649,"N",0.00703769551146485,"N",TRUE
4648,"N",0.0551083478576441,"N",TRUE
4647,"Y",0.968275320902066,"Y",TRUE
4641,"N",3.53991917161021e-05,"N",TRUE
4640,"N",0.0216400498060098,"N",TRUE
4638,"N",0.000172339414121638,"N",TRUE
4637,"N",0.0703886562841276,"N",TRUE
4636,"N",0.00770307198574033,"N",TRUE
4633,"N",0.203406031589524,"N",TRUE
4632,"Y",3.54074283197454e-09,"N",FALSE
4631,"N",0.498172682537088,"Y",FALSE
4630,"Y",0.957253440868213,"Y",TRUE
4731,"N",0.0234146844390263,"N",TRUE
4730,"N",0.242855309414535,"N",TRUE
4729,"Y",0.980601695589982,"Y",TRUE
4726,"N",0.0185895159656793,"N",TRUE
4725,"Y",0.928051153188097,"Y",TRUE
4752,"N",0.299536244298041,"N",TRUE
4751,"N",0.739272785945197,"Y",FALSE
4746,"N",0.0308076823967872,"N",TRUE
4739,"Y",0.842425254508635,"Y",TRUE
4738,"N",0.699288171377809,"Y",FALSE
4735,"Y",0.387505485591646,"Y",TRUE
4842,"N",0.00538607664208241,"N",TRUE
4837,"N",0.0305231720815662,"N",TRUE
4834,"N",0.123916025941457,"N",TRUE
4830,"N",0.105201059595357,"N",TRUE
4829,"N",0.0761214226732382,"N",TRUE
4828,"N",0.0197255288106504,"N",TRUE
4824,"N",0.00866181119038568,"N",TRUE
4819,"Y",0.916366676089192,"Y",TRUE
4813,"N",0.0197639638698468,"N",TRUE
4810,"N",8.63794280205843e-10,"N",TRUE
4807,"N",0.0451318035695261,"N",TRUE
4806,"N",0.0468300478934274,"N",TRUE
4801,"N",0.0402950438834576,"N",TRUE
4800,"N",0.00333829147223559,"N",TRUE
4798,"N",0.0329580356461629,"N",TRUE
4793,"N",0.100917848980929,"N",TRUE
4792,"N",0.702477464438362,"Y",FALSE
4789,"N",0.0138918102916995,"N",TRUE
4785,"N",0.00351997012674719,"N",TRUE
4784,"N",0.0439916887825725,"N",TRUE
4782,"Y",0.525180196308662,"Y",TRUE
4779,"N",0.0474370639463666,"N",TRUE
4778,"N",0.181093366602708,"N",TRUE
4775,"Y",0.0103410396480812,"N",FALSE
4773,"N",5.34626435552372e-05,"N",TRUE
4771,"N",0.950646001986742,"Y",FALSE
4769,"N",1.79989060535985e-09,"N",TRUE
4768,"N",0.0248995788272545,"N",TRUE
4763,"N",0.939111935072924,"Y",FALSE
4762,"N",0.0134901820805818,"N",TRUE
4759,"N",0.0167370452080892,"N",TRUE
4758,"N",0.241025300916853,"N",TRUE
4757,"Y",0.247200081392652,"N",FALSE
4930,"N",3.02061704779906e-10,"N",TRUE
4921,"N",5.01705995475317e-09,"N",TRUE
4917,"N",0.177200486738203,"N",TRUE
4915,"N",0.0166734441886243,"N",TRUE
4911,"N",0.328380703551824,"Y",FALSE
4907,"N",0.234460686666201,"N",TRUE
4905,"N",6.39413752335712e-13,"N",TRUE
4893,"N",0.078166298592229,"N",TRUE
4889,"N",0.147863608558353,"N",TRUE
4886,"N",2.05322295317309e-09,"N",TRUE
4885,"N",0.00463438120377704,"N",TRUE
4884,"N",0.00325036698530552,"N",TRUE
4882,"N",0.98735074271873,"Y",FALSE
4881,"N",0.0210380864142205,"N",TRUE
4880,"N",0.0297646837420067,"N",TRUE
4874,"N",0.000896489544862641,"N",TRUE
4871,"N",0.014537382598235,"N",TRUE
4870,"N",0.21316278780603,"N",TRUE
4869,"N",0.00389836761819561,"N",TRUE
4868,"N",0.174695051076034,"N",TRUE
4860,"N",7.61411999996874e-05,"N",TRUE
4859,"N",2.4952531710841e-10,"N",TRUE
4857,"N",0.0122354501945063,"N",TRUE
4856,"N",0.00755016645285666,"N",TRUE
4853,"N",0.855726573730332,"Y",FALSE
4848,"N",0.0800306837916782,"N",TRUE
4845,"N",0.355342420320582,"Y",FALSE
5013,"Y",0.961051468929832,"Y",TRUE
5010,"N",0.103346627490808,"N",TRUE
5006,"N",0.0266713818744857,"N",TRUE
5003,"N",0.00676408151578021,"N",TRUE
5001,"N",0.0659598351400549,"N",TRUE
4997,"N",0.282297344438296,"N",TRUE
4991,"N",6.69070920000684e-09,"N",TRUE
4987,"N",0.803173588887559,"Y",FALSE
4983,"N",0.0095711773365001,"N",TRUE
4979,"N",0.119266373974761,"N",TRUE
4976,"N",0.033356486414304,"N",TRUE
4975,"N",0.958153956815396,"Y",FALSE
4971,"Y",0.712968242569498,"Y",TRUE
4961,"Y",0.603512953205469,"Y",TRUE
4958,"N",0.00102841229998597,"N",TRUE
4957,"Y",0.615175139262387,"Y",TRUE
4955,"N",0.480526384030912,"Y",FALSE
4953,"N",0.00232612187727653,"N",TRUE
4942,"N",0.0536329217467179,"N",TRUE
4939,"Y",0.984248089560615,"Y",TRUE
4934,"N",0.025441497657534,"N",TRUE
5118,"N",0.00907491863702939,"N",TRUE
5113,"N",1.57106414320288e-08,"N",TRUE
5110,"N",0.0212904282921386,"N",TRUE
5109,"N",0.0952652477184745,"N",TRUE
5108,"N",0.0522761248166672,"N",TRUE
5107,"N",0.0236655108856204,"N",TRUE
5104,"N",2.22044604925031e-16,"N",TRUE
5102,"N",5.55835091016057e-10,"N",TRUE
5101,"Y",0.677174019901262,"Y",TRUE
5086,"N",0.00390916946057313,"N",TRUE
5085,"N",0.00271568136265718,"N",TRUE
5082,"N",2.22044604925031e-16,"N",TRUE
5072,"N",0.014121914078078,"N",TRUE
5071,"N",0.0374781367564422,"N",TRUE
5067,"Y",0.135181895614038,"N",FALSE
5058,"Y",0.0561411286883789,"N",FALSE
5053,"N",3.73657251063799e-10,"N",TRUE
5047,"N",0.0164748494112179,"N",TRUE
5044,"N",2.10108360263235e-05,"N",TRUE
5043,"N",0.0312771344492494,"N",TRUE
5041,"N",0.0903138956676781,"N",TRUE
5039,"N",0.0541475578754057,"N",TRUE
5036,"N",0.0084488494985271,"N",TRUE
5034,"N",0.0217521680355356,"N",TRUE
5032,"N",0.00184393713607961,"N",TRUE
5031,"N",0.121572875154761,"N",TRUE
5024,"N",0.0324300523319931,"N",TRUE
5022,"N",0.0138305269270425,"N",TRUE
5021,"Y",0.573456053211069,"Y",TRUE
5018,"N",0.23341879757735,"N",TRUE
5017,"Y",0.92744497886386,"Y",TRUE
5016,"N",0.0055196820175748,"N",TRUE
5204,"N",0.00897096848962919,"N",TRUE
5201,"N",0.0231966036367969,"N",TRUE
5199,"N",2.36253688257979e-09,"N",TRUE
5197,"N",0.00542700324145513,"N",TRUE
5196,"N",0.00211196162270157,"N",TRUE
5183,"N",3.64144203674239e-10,"N",TRUE
5174,"N",0.000829805409587194,"N",TRUE
5170,"Y",0.968206202640925,"Y",TRUE
5165,"N",0.00783361173233575,"N",TRUE
5162,"N",1.00987788827031e-09,"N",TRUE
5158,"N",1.48095314547465e-10,"N",TRUE
5153,"Y",0.852570043857816,"Y",TRUE
5150,"N",0.0541174349404532,"N",TRUE
5149,"N",0.0121908814325906,"N",TRUE
5144,"N",0.853636884312711,"Y",FALSE
5143,"N",0.0105564964192237,"N",TRUE
5139,"N",0.0679209130747893,"N",TRUE
5137,"N",0.00140348054391854,"N",TRUE
5136,"N",0.061378354906271,"N",TRUE
5134,"Y",0.450319767020157,"Y",TRUE
5132,"N",0.0947228290515739,"N",TRUE
5130,"Y",0.864744612030483,"Y",TRUE
5126,"N",0.113802387164503,"N",TRUE
5123,"N",0.0130882836731356,"N",TRUE
5206,"Y",0.910942574580461,"Y",TRUE
5231,"N",0.00153497910696449,"N",TRUE
5227,"N",0.0569196092938731,"N",TRUE
5225,"N",2.22044604925031e-16,"N",TRUE
5221,"Y",0.988552338601749,"Y",TRUE
5218,"Y",0.371199832664292,"Y",TRUE
5217,"N",0.349596085296127,"Y",FALSE
5216,"Y",0.466526481805588,"Y",TRUE
5215,"N",0.0707838016302997,"N",TRUE
5327,"N",5.87358224726005e-10,"N",TRUE
5325,"Y",0.392047886717547,"Y",TRUE
5324,"N",0.0301775324698905,"N",TRUE
5322,"N",6.28305688130387e-12,"N",TRUE
5319,"N",0.057745591019132,"N",TRUE
5313,"N",0.0413375862067524,"N",TRUE
5308,"N",1.60232562760536e-09,"N",TRUE
5305,"Y",0.798530633800419,"Y",TRUE
5302,"N",6.39539428709208e-12,"N",TRUE
5295,"N",2.22044604925031e-16,"N",TRUE
5284,"N",0.00994494461992626,"N",TRUE
5282,"N",1.55377807588737e-09,"N",TRUE
5273,"N",0.0271224235199217,"N",TRUE
5272,"N",0.00481067700512204,"N",TRUE
5270,"N",0.0218917483101376,"N",TRUE
5269,"N",0.00440648791886737,"N",TRUE
5261,"N",0.00748787597149311,"N",TRUE
5257,"N",0.0117174931830399,"N",TRUE
5252,"N",0.0496914458349931,"N",TRUE
5249,"Y",0.999999999895389,"Y",TRUE
5247,"N",3.96673847360225e-05,"N",TRUE
5246,"N",0.09215566150674,"N",TRUE
5244,"N",0.861661292451124,"Y",FALSE
5241,"N",0.125018349779763,"N",TRUE
5239,"Y",0.154148568636794,"N",FALSE
5403,"N",0.0377948528099721,"N",TRUE
5399,"N",8.76728930029494e-12,"N",TRUE
5397,"N",0.0200299197950939,"N",TRUE
5395,"Y",0.051794963759122,"N",FALSE
5394,"N",0.0110935725242231,"N",TRUE
5391,"N",2.22044604925031e-16,"N",TRUE
5387,"Y",0.572093483234588,"Y",TRUE
5386,"N",0.0236563212437103,"N",TRUE
5383,"N",7.33879905160859e-10,"N",TRUE
5378,"N",5.39267320378339e-10,"N",TRUE
5377,"N",0.00970109095686124,"N",TRUE
5376,"N",0.361232875047691,"Y",FALSE
5375,"N",0.028969560335593,"N",TRUE
5372,"N",0.278126660732058,"N",TRUE
5371,"N",0.000424820115762764,"N",TRUE
5369,"N",0.00122686960047252,"N",TRUE
5367,"N",0.86444151151272,"Y",FALSE
5366,"N",1.5904207122871e-09,"N",TRUE
5362,"N",0.00338745111613531,"N",TRUE
5356,"N",0.0389952569061825,"N",TRUE
5354,"Y",0.210990628576812,"N",FALSE
5349,"Y",0.90928617739797,"Y",TRUE
5342,"Y",0.31674624227486,"Y",TRUE
5336,"N",2.86596525852783e-05,"N",TRUE
5335,"N",3.85662818795378e-05,"N",TRUE
5334,"N",5.74491175928412e-05,"N",TRUE
5332,"N",0.126673702927209,"N",TRUE
5329,"Y",0.972392450523991,"Y",TRUE
5496,"N",1.15331055936436e-10,"N",TRUE
5495,"N",4.58140910989204e-12,"N",TRUE
5489,"N",0.0107893086039068,"N",TRUE
5486,"Y",8.02362669099556e-10,"N",FALSE
5483,"N",0.153637293942506,"N",TRUE
5482,"N",0.0197123479573079,"N",TRUE
5479,"N",0.00978978024679445,"N",TRUE
5476,"N",2.22044604925031e-16,"N",TRUE
5470,"N",0.378001200400571,"Y",FALSE
5469,"N",9.01306352066374e-13,"N",TRUE
5464,"N",2.22044604925031e-16,"N",TRUE
5457,"N",0.0772918144363977,"N",TRUE
5456,"Y",0.126147944227466,"N",FALSE
5454,"N",0.0802214991077945,"N",TRUE
5453,"N",0.0488468771009149,"N",TRUE
5451,"N",0.0111129435091966,"N",TRUE
5446,"N",0.143772702735282,"N",TRUE
5445,"Y",0.99999999999916,"Y",TRUE
5429,"N",0.0400282245752538,"N",TRUE
5426,"Y",0.651997899373137,"Y",TRUE
5424,"N",0.502540187571092,"Y",FALSE
5423,"Y",2.22044604925031e-16,"N",FALSE
5422,"N",0.17940154384356,"N",TRUE
5419,"N",0.0234922908883919,"N",TRUE
5410,"Y",0.943324611459919,"Y",TRUE
5596,"N",2.28633433016132e-10,"N",TRUE
5595,"N",0.216720990638746,"N",TRUE
5592,"N",7.84760715627471e-12,"N",TRUE
5583,"N",0.00762577599663783,"N",TRUE
5580,"N",1.95525302822343e-10,"N",TRUE
5579,"N",0.00699759207428033,"N",TRUE
5576,"N",2.31819107523136e-09,"N",TRUE
5574,"N",2.22044604925031e-16,"N",TRUE
5573,"Y",1.00704409796811e-10,"N",FALSE
5570,"N",0.00777880470471515,"N",TRUE
5569,"N",0.0730563082390766,"N",TRUE
5568,"Y",0.801562932280768,"Y",TRUE
5565,"Y",0.959503617498832,"Y",TRUE
5563,"N",0.815918916829355,"Y",FALSE
5555,"N",0.00429976330605464,"N",TRUE
5551,"N",3.01418831087246e-08,"N",TRUE
5547,"N",2.06058887224301e-09,"N",TRUE
5544,"N",0.00368893233743018,"N",TRUE
5543,"N",0.0358324721880902,"N",TRUE
5539,"N",0.117074680034183,"N",TRUE
5536,"Y",0.967009478895679,"Y",TRUE
5525,"N",6.27025662853001e-09,"N",TRUE
5524,"N",1.51851691376386e-08,"N",TRUE
5523,"N",0.942106622126682,"Y",FALSE
5521,"Y",0.800440021185869,"Y",TRUE
5517,"N",0.0204684441361054,"N",TRUE
5511,"N",0.0567905562888773,"N",TRUE
5509,"N",0.00504308264018962,"N",TRUE
5508,"N",0.0108535989452139,"N",TRUE
5506,"N",0.0758363538604877,"N",TRUE
5502,"Y",0.994672237582745,"Y",TRUE
5686,"N",2.29606363316064e-12,"N",TRUE
5682,"N",0.00973403286024952,"N",TRUE
5681,"N",0.0133101341789445,"N",TRUE
5680,"N",0.0662667150975953,"N",TRUE
5673,"N",0.100995559756259,"N",TRUE
5665,"Y",0.810929059731096,"Y",TRUE
5663,"N",1.04671060832286e-09,"N",TRUE
5658,"Y",0.814160408025704,"Y",TRUE
5659,"Y",0.866386495733416,"Y",TRUE
5657,"N",0.00690648433190857,"N",TRUE
5652,"N",0.00788608153145015,"N",TRUE
5650,"N",0.0104304988844219,"N",TRUE
5646,"N",0.0842392094029184,"N",TRUE
5645,"Y",0.730179333943378,"Y",TRUE
5640,"N",0.0318921320163343,"N",TRUE
5637,"N",0.00346187934194517,"N",TRUE
5636,"Y",0.945839384204258,"Y",TRUE
5634,"N",0.0256742602074419,"N",TRUE
5627,"N",0.0460332041777019,"N",TRUE
5625,"N",0.76717901124655,"Y",FALSE
5624,"N",2.22044604925031e-16,"N",TRUE
5622,"N",0.0151950050115695,"N",TRUE
5619,"Y",0.259565478978774,"N",FALSE
5608,"N",9.20993789121741e-05,"N",TRUE
5606,"N",0.148839733482508,"N",TRUE
5605,"N",0.135095257279225,"N",TRUE
5603,"N",3.47475304446979e-05,"N",TRUE
5600,"N",0.0497314941368098,"N",TRUE
5599,"N",0.0751054388216062,"N",TRUE
5702,"N",0.0115294221750758,"N",TRUE
5701,"Y",0.088974324834952,"N",FALSE
5700,"N",0.00052466599344712,"N",TRUE
5696,"N",0.313504108902554,"Y",FALSE
5692,"Y",0.875452395704441,"Y",TRUE
5691,"Y",0.785758749303105,"Y",TRUE
5716,"Y",0.0738286124957683,"N",FALSE
5714,"N",2.22044604925031e-16,"N",TRUE
5713,"N",1.22394171943037e-10,"N",TRUE
5818,"N",3.60958809798218e-10,"N",TRUE
5816,"N",0.0561694179374936,"N",TRUE
5811,"N",0.107880608856997,"N",TRUE
5810,"N",3.508695570758e-09,"N",TRUE
5806,"N",0.0207436826112911,"N",TRUE
5803,"N",0.016729795572125,"N",TRUE
5797,"N",3.67701956347771e-10,"N",TRUE
5796,"N",0.0195282084797992,"N",TRUE
5793,"N",0.0377465049982863,"N",TRUE
5792,"N",0.000349005040491939,"N",TRUE
5791,"N",0.0656884856840358,"N",TRUE
5790,"N",0.120585549349805,"N",TRUE
5788,"N",0.0140685968368513,"N",TRUE
5785,"N",0.0345965083543496,"N",TRUE
5784,"N",0.0120098523305788,"N",TRUE
5780,"N",0.0990280873062124,"N",TRUE
5779,"N",0.00197891262772075,"N",TRUE
5776,"N",2.22044604925031e-16,"N",TRUE
5774,"N",1.64804354127216e-05,"N",TRUE
5770,"N",0.000616071894093463,"N",TRUE
5765,"Y",0.722082058250367,"Y",TRUE
5761,"N",0.245163549711931,"N",TRUE
5759,"N",1.15098832313194e-09,"N",TRUE
5756,"Y",0.974459486877686,"Y",TRUE
5755,"N",9.11842144162955e-10,"N",TRUE
5748,"N",0.00368043831435257,"N",TRUE
5747,"N",0.0488958656750526,"N",TRUE
5738,"N",4.72633634178085e-05,"N",TRUE
5737,"N",2.22044604925031e-16,"N",TRUE
5731,"N",0.218396302383454,"N",TRUE
5729,"N",0.530285883390556,"Y",FALSE
5723,"Y",0.933105338278692,"Y",TRUE
5722,"N",0.190597840870278,"N",TRUE
5901,"N",2.91827977024162e-11,"N",TRUE
5900,"N",1.1474472296785e-12,"N",TRUE
5894,"N",0.0181402298718876,"N",TRUE
5893,"N",5.30267813164756e-12,"N",TRUE
5892,"N",0.0164346344306876,"N",TRUE
5891,"N",0.286874702662421,"N",TRUE
5887,"N",0.0264599652887336,"N",TRUE
5885,"N",0.00125090740983555,"N",TRUE
5883,"N",0.0142723875463504,"N",TRUE
5880,"N",0.0220965858116965,"N",TRUE
5878,"N",1.9031499453045e-10,"N",TRUE
5876,"N",0.00541566099257048,"N",TRUE
5873,"N",0.0226518905721563,"N",TRUE
5868,"Y",0.784367173429919,"Y",TRUE
5866,"N",0.00683149034814982,"N",TRUE
5861,"N",0.0155489816497704,"N",TRUE
5859,"Y",0.91680727745486,"Y",TRUE
5855,"Y",0.889051677124122,"Y",TRUE
5852,"N",2.22044604925031e-16,"N",TRUE
5847,"N",0.170939404002801,"N",TRUE
5846,"N",0.00170437745833127,"N",TRUE
5845,"N",0.013988957586384,"N",TRUE
5844,"N",0.162269144049762,"N",TRUE
5843,"N",0.00871571506507804,"N",TRUE
5836,"N",0.0016654186056344,"N",TRUE
5834,"N",0.498014939096912,"Y",FALSE
5833,"N",4.68391986778329e-11,"N",TRUE
5830,"N",6.22597731344257e-05,"N",TRUE
5829,"N",5.421474641216e-05,"N",TRUE
5828,"N",0.0125228651715972,"N",TRUE
5826,"N",0.08741634368449,"N",TRUE
5825,"N",0.227256633999238,"N",TRUE
5821,"N",0.095945277373166,"N",TRUE
5820,"N",0.0724550587140382,"N",TRUE
5998,"Y",0.955285895863146,"Y",TRUE
5993,"N",3.74601781938419e-12,"N",TRUE
5992,"N",1.99826854587177e-11,"N",TRUE
5988,"N",0.101572541601953,"N",TRUE
5984,"N",3.45305750790218e-09,"N",TRUE
5979,"N",0.00495511554898484,"N",TRUE
5978,"N",0.000351640769016038,"N",TRUE
5977,"N",0.0450363874693083,"N",TRUE
5974,"N",2.22044604925031e-16,"N",TRUE
5959,"Y",0.899463358555993,"Y",TRUE
5958,"Y",0.466235275010255,"Y",TRUE
5954,"N",9.71072291005505e-10,"N",TRUE
5953,"N",0.00974299792591511,"N",TRUE
5951,"N",0.352855094108886,"Y",FALSE
5949,"N",0.00894042806308287,"N",TRUE
5943,"N",0.0534592977431715,"N",TRUE
5941,"N",0.0524718574095707,"N",TRUE
5938,"N",0.00363342471610427,"N",TRUE
5935,"N",0.176779751444256,"N",TRUE
5932,"Y",0.98432500377218,"Y",TRUE
5929,"N",0.00203250981784828,"N",TRUE
5927,"N",0.0205230983743785,"N",TRUE
5926,"N",8.71454379918691e-10,"N",TRUE
5925,"Y",0.25888321389831,"N",FALSE
5922,"N",0.0219831466109635,"N",TRUE
5920,"N",0.0182193407215358,"N",TRUE
6090,"N",1.68428799024194e-11,"N",TRUE
6085,"N",0.00431826777047609,"N",TRUE
6083,"N",0.0330151644467928,"N",TRUE
6080,"N",0.0203616054715651,"N",TRUE
6079,"N",4.7155814239735e-09,"N",TRUE
6078,"N",0.00745283245777622,"N",TRUE
6064,"N",2.22044604925031e-16,"N",TRUE
6063,"Y",0.969167511138119,"Y",TRUE
6060,"N",0.0244811800778971,"N",TRUE
6055,"N",0.382688616288891,"Y",FALSE
6053,"N",0.194881053378209,"N",TRUE
6052,"N",2.22044604925031e-16,"N",TRUE
6051,"N",0.0120938301156374,"N",TRUE
6045,"N",7.71825621610699e-10,"N",TRUE
6044,"N",0.00387785316580691,"N",TRUE
6040,"N",0.00114118860984443,"N",TRUE
6039,"Y",0.143100724987508,"N",FALSE
6034,"N",0.0179311632884823,"N",TRUE
6033,"N",0.00204168695766022,"N",TRUE
6029,"N",0.124335327236125,"N",TRUE
6026,"N",0.00152413660272746,"N",TRUE
6022,"Y",0.53150483770384,"Y",TRUE
6020,"N",0.000628760611069115,"N",TRUE
6019,"N",2.30322939707875e-05,"N",TRUE
6018,"N",0.000100745074029842,"N",TRUE
6017,"N",0.00503089669657206,"N",TRUE
6015,"N",0.0142356816218208,"N",TRUE
6014,"N",0.0230820751240736,"N",TRUE
6013,"Y",0.565024251190202,"Y",TRUE
6009,"N",0.00180937602700872,"N",TRUE
6008,"N",0.0462941407057558,"N",TRUE
6006,"N",0.068030189598841,"N",TRUE
6001,"Y",0.875139855452642,"Y",TRUE
6196,"N",1.42221557959929e-10,"N",TRUE
6190,"N",0.109521346520042,"N",TRUE
6186,"N",0.0407211495305502,"N",TRUE
6185,"N",0.00550703801281785,"N",TRUE
6182,"N",0.00490066525531074,"N",TRUE
6179,"N",0.108155793888724,"N",TRUE
6177,"N",0.000458801096115716,"N",TRUE
6176,"N",0.0186464916864723,"N",TRUE
6174,"N",7.86741320719959e-11,"N",TRUE
6170,"N",0.0673396117627835,"N",TRUE
6165,"N",0.465037529113139,"Y",FALSE
6164,"N",0.0609691534439846,"N",TRUE
6163,"N",6.41998130293084e-10,"N",TRUE
6160,"N",3.17169396448191e-10,"N",TRUE
6156,"N",0.00260650629024512,"N",TRUE
6151,"N",0.00693930061269404,"N",TRUE
6149,"N",0.115224879978573,"N",TRUE
6145,"N",0.00743020274258582,"N",TRUE
6143,"Y",0.744174616464313,"Y",TRUE
6140,"N",0.00722909663793187,"N",TRUE
6139,"N",0.0542756848118459,"N",TRUE
6132,"N",0.0221635300728172,"N",TRUE
6125,"N",0.0131104408871189,"N",TRUE
6117,"N",0.00447312411980914,"N",TRUE
6116,"N",1.98287552520423e-10,"N",TRUE
6204,"Y",0.952517574584443,"Y",TRUE
6203,"N",0.06895312760977,"N",TRUE
6200,"Y",0.979719060740217,"Y",TRUE
6220,"N",0.0132667098456509,"N",TRUE
6212,"N",0.00833443141817616,"N",TRUE
6307,"N",9.98899729024792e-12,"N",TRUE
6304,"N",0.0151872002011839,"N",TRUE
6299,"N",2.96527537955378e-10,"N",TRUE
6298,"N",0.00915323728279855,"N",TRUE
6284,"N",0.037924957174375,"N",TRUE
6276,"N",0.490747489819288,"Y",FALSE
6273,"N",0.047318149936055,"N",TRUE
6270,"N",0.0152376775268367,"N",TRUE
6264,"N",0.0356534988586861,"N",TRUE
6260,"N",1.52881765277219e-09,"N",TRUE
6254,"N",0.19039795232697,"N",TRUE
6253,"Y",0.907360954085295,"Y",TRUE
6252,"Y",0.548394622973343,"Y",TRUE
6246,"N",0.0611312984263,"N",TRUE
6241,"N",0.00823744124333623,"N",TRUE
6233,"N",0.155561944240637,"N",TRUE
6230,"N",0.022832041971993,"N",TRUE
6229,"N",0.390334494731246,"Y",FALSE
6383,"N",0.0121025468639548,"N",TRUE
6381,"N",6.91669885305505e-11,"N",TRUE
6379,"N",1.04451749877811e-08,"N",TRUE
6378,"N",0.00778819704349625,"N",TRUE
6377,"N",0.00987597361902485,"N",TRUE
6376,"N",0.0208363075085285,"N",TRUE
6375,"N",0.103617278620196,"N",TRUE
6370,"Y",0.538899632119718,"Y",TRUE
6362,"N",5.8308900587201e-10,"N",TRUE
6357,"Y",0.397835299296366,"Y",TRUE
6356,"N",0.0196065256374754,"N",TRUE
6354,"Y",0.421175583925475,"Y",TRUE
6350,"N",2.20630869294444e-08,"N",TRUE
6349,"N",0.000933086461478137,"N",TRUE
6346,"Y",0.685290790903733,"Y",TRUE
6345,"Y",0.394103178347595,"Y",TRUE
6341,"N",0.0185085603288312,"N",TRUE
6336,"N",0.0078177323128168,"N",TRUE
6329,"N",0.914093486654035,"Y",FALSE
6325,"N",5.09370680191582e-05,"N",TRUE
6314,"N",0.0207505577467743,"N",TRUE
6313,"Y",0.969549269885137,"Y",TRUE
6312,"N",0.0118947618187323,"N",TRUE
6448,"Y",0.773220954689576,"Y",TRUE
6445,"N",3.6439159859563e-11,"N",TRUE
6442,"N",2.31801201523749e-09,"N",TRUE
6438,"N",0.0604227362393035,"N",TRUE
6436,"N",0.00436966596006147,"N",TRUE
6435,"N",0.0685606784306956,"N",TRUE
6434,"N",0.0292711712167231,"N",TRUE
6430,"N",3.59830179423244e-10,"N",TRUE
6429,"N",2.89747496469774e-10,"N",TRUE
6428,"N",0.000453430039730061,"N",TRUE
6427,"N",0.0617781546538256,"N",TRUE
6426,"N",2.33535599690558e-09,"N",TRUE
6423,"N",1.19360376752043e-11,"N",TRUE
6419,"N",0.0178524431370174,"N",TRUE
6415,"Y",0.98793992922146,"Y",TRUE
6414,"N",0.0357166062529377,"N",TRUE
6412,"N",0.846709084325278,"Y",FALSE
6407,"N",0.029522205085724,"N",TRUE
6406,"N",2.22044604925031e-16,"N",TRUE
6402,"N",0.00323748219958552,"N",TRUE
6401,"N",0.0103516790002121,"N",TRUE
6396,"N",0.0300043177190328,"N",TRUE
6394,"N",0.0117722890574046,"N",TRUE
6392,"N",0.0865800948752357,"N",TRUE
6390,"Y",0.542215373605125,"Y",TRUE
6387,"Y",3.92071849931834e-10,"N",FALSE
6385,"Y",0.988166826129741,"Y",TRUE
6473,"N",0.838631576042594,"Y",FALSE
6470,"N",0.000541129846790122,"N",TRUE
6469,"N",0.0311906350965037,"N",TRUE
6467,"N",6.72150866915436e-12,"N",TRUE
6461,"N",0.0156334638957692,"N",TRUE
6459,"N",0.0587612550466587,"N",TRUE
6457,"Y",0.843649049486657,"Y",TRUE
6456,"N",3.21809641311231e-12,"N",TRUE
6455,"N",0.0244486604167223,"N",TRUE
6454,"Y",0.950630060078649,"Y",TRUE
6453,"N",0.00419060908940026,"N",TRUE
6507,"N",0.0392199179576731,"N",TRUE
6505,"N",0.178909580295945,"N",TRUE
6501,"N",9.83684880566342e-09,"N",TRUE
6499,"N",0.188046181189069,"N",TRUE
6496,"N",0.0200763441673172,"N",TRUE
6491,"N",0.0833035648138123,"N",TRUE
6489,"N",0.0148665439231509,"N",TRUE
6485,"N",0.00597117525762504,"N",TRUE
6483,"N",0.0134870689512651,"N",TRUE
6481,"N",0.00026862453746946,"N",TRUE
6479,"N",0.822257734385309,"Y",FALSE
6478,"Y",0.915666620219934,"Y",TRUE
6514,"N",0.000325651547874706,"N",TRUE
6526,"Y",0.993732786127529,"Y",TRUE
6524,"N",0.0780926064201446,"N",TRUE
6522,"Y",0.922014022463787,"Y",TRUE
6520,"N",0.799431137277691,"Y",FALSE
