"UniqueID","Popular.fctr","Popular.fctr.predict.Conditional.X.glm.prob","Popular.fctr.predict.Conditional.X.glm","Popular.fctr.predict.Conditional.X.glm.accurate"
31,"N",0.00141071266558172,"N",TRUE
30,"N",0.000668629857883043,"N",TRUE
29,"N",0.00263879483469797,"N",TRUE
25,"N",2.67968446837395e-05,"N",TRUE
24,"N",0.132714448081842,"N",TRUE
22,"N",0.0181155623195624,"N",TRUE
21,"N",1.16144750314719e-09,"N",TRUE
18,"N",5.282454922157e-09,"N",TRUE
17,"N",0.767441444802086,"Y",FALSE
16,"Y",0.966671340474652,"Y",TRUE
12,"N",1.10682440350256e-09,"N",TRUE
9,"Y",0.897252264161768,"Y",TRUE
8,"Y",0.92322788183387,"Y",TRUE
4,"Y",0.232819901473861,"N",FALSE
115,"N",2.54627757579096e-10,"N",TRUE
110,"N",0.0268025663859262,"N",TRUE
106,"N",0.0263211123506952,"N",TRUE
104,"Y",0.19565356165702,"N",FALSE
100,"N",0.0368370742704531,"N",TRUE
99,"N",0.116159776178677,"N",TRUE
96,"N",0.0465658886877955,"N",TRUE
95,"Y",0.349724352069934,"N",FALSE
94,"N",0.0212581962332693,"N",TRUE
88,"N",0.0073713864239524,"N",TRUE
85,"Y",0.763478654631755,"Y",TRUE
83,"N",0.0459043311671321,"N",TRUE
76,"N",0.0635154109490452,"N",TRUE
73,"N",0.00112465592165941,"N",TRUE
72,"N",0.150176197524521,"N",TRUE
68,"N",4.34839996696188e-10,"N",TRUE
57,"Y",0.705156532159665,"Y",TRUE
56,"Y",0.398264375512936,"N",FALSE
55,"N",3.43938105125553e-10,"N",TRUE
52,"Y",0.603702335789767,"Y",TRUE
51,"N",0.0214052791303453,"N",TRUE
46,"N",0.113409035807002,"N",TRUE
43,"N",0.0689512786210997,"N",TRUE
37,"Y",0.134636540111818,"N",FALSE
35,"Y",0.937107380109981,"Y",TRUE
199,"N",4.45221407846359e-10,"N",TRUE
198,"N",0.0130112394162541,"N",TRUE
195,"N",7.1346898912329e-10,"N",TRUE
194,"N",0.305369228050413,"N",TRUE
189,"N",0.0345499011390498,"N",TRUE
186,"N",0.078118625144505,"N",TRUE
184,"N",0.0529228982923947,"N",TRUE
182,"N",0.076142314776255,"N",TRUE
181,"N",3.94214037597745e-09,"N",TRUE
179,"N",0.00134760846542845,"N",TRUE
174,"N",0.149519015822893,"N",TRUE
172,"Y",0.00442953561106748,"N",FALSE
170,"N",0.0224987257672411,"N",TRUE
167,"N",0.183041371547432,"N",TRUE
163,"Y",0.0939946207820024,"N",FALSE
162,"N",0.00108755298125476,"N",TRUE
160,"N",0.0261878836818843,"N",TRUE
158,"N",0.0795042445138384,"N",TRUE
157,"Y",0.440119090049818,"Y",TRUE
156,"Y",0.709719198438274,"Y",TRUE
151,"N",0.134321652444389,"N",TRUE
150,"N",0.29823455393214,"N",TRUE
146,"N",1.10589684475982e-08,"N",TRUE
139,"Y",0.70288090620253,"Y",TRUE
135,"N",0.0180153528297522,"N",TRUE
134,"N",0.0274997182191678,"N",TRUE
126,"N",7.53251108968469e-11,"N",TRUE
301,"N",0.0222841884663496,"N",TRUE
299,"N",2.99109526251571e-10,"N",TRUE
294,"N",0.0337516087073423,"N",TRUE
290,"N",1.07784073718804e-08,"N",TRUE
284,"N",0.154944514541218,"N",TRUE
281,"N",0.0372521322339928,"N",TRUE
279,"N",2.22044604925031e-16,"N",TRUE
277,"N",0.00198101743354752,"N",TRUE
272,"N",0.130279043394695,"N",TRUE
270,"N",2.17953252131791e-09,"N",TRUE
265,"N",0.00724582976949679,"N",TRUE
263,"N",0.199665264514291,"N",TRUE
260,"N",0.000557144101997949,"N",TRUE
256,"N",0.0199985778213377,"N",TRUE
252,"Y",0.761705299528006,"Y",TRUE
251,"N",0.0790400112922471,"N",TRUE
248,"N",0.0180154618963676,"N",TRUE
247,"N",0.00253396710608947,"N",TRUE
246,"N",0.0820514647602845,"N",TRUE
239,"N",0.0540384122473048,"N",TRUE
238,"Y",0.902133819099455,"Y",TRUE
237,"N",0.0124984590606563,"N",TRUE
230,"N",0.209971605148134,"N",TRUE
226,"N",2.22044604925031e-16,"N",TRUE
224,"N",0.00615489938246237,"N",TRUE
222,"N",0.0773748829841877,"N",TRUE
218,"N",0.0990126867781873,"N",TRUE
216,"N",0.0081649463729635,"N",TRUE
214,"N",0.51598565924195,"Y",FALSE
202,"Y",0.910759775727111,"Y",TRUE
393,"Y",0.772769835352516,"Y",TRUE
392,"N",3.10841100714991e-10,"N",TRUE
390,"N",0.0325786585557682,"N",TRUE
389,"N",0.0177679182162298,"N",TRUE
382,"N",0.22034376960739,"N",TRUE
367,"N",0.0720745755807563,"N",TRUE
361,"Y",0.843178077031274,"Y",TRUE
359,"N",0.291980271847272,"N",TRUE
347,"N",0.0190944540622936,"N",TRUE
346,"N",0.192533608702687,"N",TRUE
345,"Y",0.582958578429509,"Y",TRUE
343,"N",0.618598553835512,"Y",FALSE
340,"Y",0.505353988789428,"Y",TRUE
338,"Y",0.794408350293021,"Y",TRUE
335,"Y",0.921965961485487,"Y",TRUE
334,"N",0.200365141897371,"N",TRUE
332,"N",0.0350919100348999,"N",TRUE
328,"N",0.0435240060028074,"N",TRUE
327,"Y",0.845837758643966,"Y",TRUE
323,"N",0.0403890301098576,"N",TRUE
318,"N",0.000364135360429119,"N",TRUE
306,"N",4.50176260378754e-09,"N",TRUE
303,"N",0.19841216811363,"N",TRUE
417,"N",2.22044604925031e-16,"N",TRUE
416,"N",0.0950604534305593,"N",TRUE
415,"N",0.0124371271733959,"N",TRUE
411,"N",2.45824430077825e-09,"N",TRUE
407,"N",1.67459686788899e-09,"N",TRUE
405,"N",1.20594241167561e-09,"N",TRUE
400,"N",0.0020611884949701,"N",TRUE
396,"N",2.03016433483119e-09,"N",TRUE
395,"N",0.0441668968417737,"N",TRUE
447,"N",2.22044604925031e-16,"N",TRUE
443,"N",3.87714874159892e-09,"N",TRUE
442,"N",4.60404786439829e-09,"N",TRUE
437,"N",4.31727987965895e-09,"N",TRUE
436,"Y",0.708964390681183,"Y",TRUE
429,"N",0.0333471791371579,"N",TRUE
428,"N",3.74981531695129e-09,"N",TRUE
420,"Y",0.442017733813949,"Y",TRUE
419,"N",0.585625794851605,"Y",FALSE
418,"Y",0.275523626123934,"N",FALSE
558,"N",0.0342191961127028,"N",TRUE
555,"N",0.0070734850448141,"N",TRUE
554,"Y",0.708320242805781,"Y",TRUE
552,"N",2.28041539790428e-10,"N",TRUE
551,"N",1.78125373127239e-09,"N",TRUE
549,"N",8.08961745058881e-08,"N",TRUE
548,"N",0.192698132514724,"N",TRUE
547,"N",0.0766506512850468,"N",TRUE
544,"N",4.12559569442957e-10,"N",TRUE
543,"N",0.022646439616232,"N",TRUE
539,"N",3.94353073898945e-09,"N",TRUE
537,"N",0.0200585976756214,"N",TRUE
534,"N",2.22044604925031e-16,"N",TRUE
532,"N",0.0981789134924465,"N",TRUE
531,"N",2.29634491460655e-09,"N",TRUE
530,"N",0.0524526006279691,"N",TRUE
529,"N",0.00162011326522872,"N",TRUE
526,"N",0.00696009584793112,"N",TRUE
525,"N",1.43195681039523e-09,"N",TRUE
524,"N",0.0324372646524864,"N",TRUE
521,"N",0.0811471857775177,"N",TRUE
517,"N",0.0141132567218902,"N",TRUE
513,"N",3.52483465519194e-09,"N",TRUE
510,"N",0.0010868235411791,"N",TRUE
508,"N",0.182781093230183,"N",TRUE
507,"N",0.053778243171057,"N",TRUE
502,"N",0.0272729578739506,"N",TRUE
501,"N",0.073017929242642,"N",TRUE
499,"Y",0.733317782063413,"Y",TRUE
497,"N",0.0397140237779585,"N",TRUE
487,"N",0.0251523063634748,"N",TRUE
486,"N",0.0687004006705828,"N",TRUE
478,"N",0.0441441330564904,"N",TRUE
476,"N",1.37862264269707e-09,"N",TRUE
474,"N",0.0523457988739912,"N",TRUE
467,"N",0.0195528329035867,"N",TRUE
466,"N",0.0611285162733884,"N",TRUE
464,"N",0.00417406408996588,"N",TRUE
457,"N",0.125958198995707,"N",TRUE
454,"N",1.3242963268856e-09,"N",TRUE
452,"Y",0.92106953897025,"Y",TRUE
450,"Y",0.0552787381774089,"N",FALSE
641,"Y",0.881719925419533,"Y",TRUE
640,"N",0.504157222780935,"Y",FALSE
639,"N",0.0409715487262633,"N",TRUE
633,"N",0.0362338956654528,"N",TRUE
630,"N",0.0616841874960378,"N",TRUE
627,"N",0.0030825737976818,"N",TRUE
625,"N",0.000880589338858954,"N",TRUE
619,"N",0.00682034712803045,"N",TRUE
617,"N",2.06898079461983e-09,"N",TRUE
616,"Y",0.847572100805417,"Y",TRUE
611,"N",0.0307610086144703,"N",TRUE
608,"N",0.0097013749876883,"N",TRUE
601,"Y",0.0585200998885479,"N",FALSE
598,"Y",0.0252040154132966,"N",FALSE
597,"N",0.0937941187701597,"N",TRUE
590,"N",0.00524124619270072,"N",TRUE
589,"N",1.13546965581826e-09,"N",TRUE
581,"N",1.05870829574056e-09,"N",TRUE
578,"Y",0.447990636367074,"Y",TRUE
575,"N",0.205214112331049,"N",TRUE
574,"N",0.0759349524100412,"N",TRUE
572,"N",0.0320186768606947,"N",TRUE
567,"N",0.0525107077318835,"N",TRUE
565,"N",2.22044604925031e-16,"N",TRUE
564,"N",0.00619951903974549,"N",TRUE
746,"N",0.0316140702761635,"N",TRUE
744,"N",0.0522471523530325,"N",TRUE
739,"N",0.00920926014274673,"N",TRUE
738,"N",2.58830672674106e-10,"N",TRUE
734,"N",0.0323387338792047,"N",TRUE
733,"N",0.002038367535914,"N",TRUE
729,"N",0.00586489467411684,"N",TRUE
727,"N",0.00672552734241622,"N",TRUE
726,"N",1.28442742997362e-09,"N",TRUE
725,"N",0.701963606491356,"Y",FALSE
722,"N",0.0239484205302292,"N",TRUE
721,"N",0.0395727297568502,"N",TRUE
720,"N",0.0969725342468506,"N",TRUE
715,"Y",0.785770133831459,"Y",TRUE
712,"N",2.60685211500929e-08,"N",TRUE
707,"Y",0.70873517013232,"Y",TRUE
704,"N",0.176979222561938,"N",TRUE
702,"N",0.0207278425062692,"N",TRUE
701,"N",0.0102858832388791,"N",TRUE
697,"N",0.0505465419874735,"N",TRUE
695,"N",7.06763042050727e-10,"N",TRUE
687,"N",0.0322919276816059,"N",TRUE
685,"Y",0.213549172443297,"N",FALSE
677,"N",0.0879554392446214,"N",TRUE
671,"N",0.156736573692282,"N",TRUE
670,"N",0.0144618024665406,"N",TRUE
666,"N",0.0998913937264491,"N",TRUE
665,"N",0.00460711404231168,"N",TRUE
664,"N",0.81313014646065,"Y",FALSE
663,"N",0.125691674394231,"N",TRUE
659,"N",2.22044604925031e-16,"N",TRUE
655,"N",0.00815080690554571,"N",TRUE
654,"Y",0.577802855937696,"Y",TRUE
653,"N",0.174319848377431,"N",TRUE
652,"N",0.152201256524165,"N",TRUE
649,"N",0.0695059735548907,"N",TRUE
835,"N",1.36641250758273e-10,"N",TRUE
833,"N",0.156747094129121,"N",TRUE
830,"N",0.236159870000776,"N",TRUE
827,"N",2.22044604925031e-16,"N",TRUE
825,"Y",0.115349148883445,"N",FALSE
821,"N",0.0180765849806723,"N",TRUE
816,"N",2.6363232562243e-10,"N",TRUE
815,"Y",0.97425818213238,"Y",TRUE
814,"Y",0.124576248505553,"N",FALSE
811,"N",0.67800347486026,"Y",FALSE
810,"N",2.01866405272881e-09,"N",TRUE
806,"N",4.86674840387282e-09,"N",TRUE
805,"N",0.29674694873945,"N",TRUE
804,"N",1.47059533820534e-09,"N",TRUE
800,"N",0.000501204822282836,"N",TRUE
795,"N",2.25618050803164e-09,"N",TRUE
794,"N",0.0157068805484111,"N",TRUE
793,"N",0.0237524835968619,"N",TRUE
790,"N",0.00454104513909518,"N",TRUE
789,"N",0.0712806210113569,"N",TRUE
788,"N",0.0434600662651977,"N",TRUE
785,"N",0.292709520403215,"N",TRUE
783,"N",1.06946589247695e-09,"N",TRUE
780,"N",0.0473044369567867,"N",TRUE
779,"Y",0.485504474745789,"Y",TRUE
778,"N",2.22521412654467e-09,"N",TRUE
771,"N",0.000414894710021793,"N",TRUE
770,"N",0.967530665090321,"Y",FALSE
768,"N",2.65999409065241e-09,"N",TRUE
767,"N",0.092974436341645,"N",TRUE
756,"Y",0.147886475583148,"N",FALSE
755,"Y",0.806369821750439,"Y",TRUE
917,"N",0.24476280951029,"N",TRUE
913,"N",1.46823357122568e-09,"N",TRUE
911,"N",0.0290316369990521,"N",TRUE
906,"N",8.69747893168941e-10,"N",TRUE
902,"N",0.169828004590386,"N",TRUE
898,"N",0.033153598282911,"N",TRUE
892,"N",0.344739358684291,"N",TRUE
890,"N",0.00263646377584716,"N",TRUE
883,"N",0.000942412068255306,"N",TRUE
880,"N",0.00858817089867276,"N",TRUE
871,"N",0.154010053846235,"N",TRUE
867,"N",0.0239081222352283,"N",TRUE
865,"N",0.0474434773982859,"N",TRUE
862,"N",0.0116578372839023,"N",TRUE
861,"N",0.0405339205526146,"N",TRUE
860,"N",4.85717940543219e-09,"N",TRUE
859,"N",0.106162368510171,"N",TRUE
856,"N",0.00678094588121093,"N",TRUE
850,"N",0.0987387172442007,"N",TRUE
849,"N",0.0369908446488637,"N",TRUE
845,"N",0.0357681128268605,"N",TRUE
838,"N",0.127673511260788,"N",TRUE
938,"N",0.142938224338869,"N",TRUE
937,"N",1.71369534802774e-10,"N",TRUE
932,"N",0.661410043904013,"Y",FALSE
928,"N",0.00474996877355771,"N",TRUE
925,"N",0.00234051434084931,"N",TRUE
924,"Y",0.861602766356605,"Y",TRUE
922,"N",9.58431600200185e-10,"N",TRUE
962,"N",0.303271313420671,"N",TRUE
957,"N",3.24798034969389e-09,"N",TRUE
953,"N",0.0805781960105408,"N",TRUE
949,"N",2.00607066980547e-09,"N",TRUE
946,"N",0.484820743129054,"Y",FALSE
941,"N",0.600750182494639,"Y",FALSE
1060,"N",0.0941352688543819,"N",TRUE
1058,"N",1.90579031945035e-10,"N",TRUE
1057,"N",9.76153428547022e-10,"N",TRUE
1054,"N",0.0274955700580167,"N",TRUE
1053,"Y",0.519638360085132,"Y",TRUE
1047,"N",0.045487106453664,"N",TRUE
1043,"N",0.04592657059555,"N",TRUE
1035,"Y",0.855487700418801,"Y",TRUE
1032,"N",0.0728790055763224,"N",TRUE
1031,"N",0.0877965746802078,"N",TRUE
1027,"N",1.84110576742748e-09,"N",TRUE
1025,"N",0.0147513919679666,"N",TRUE
1019,"Y",0.720214249921667,"Y",TRUE
1014,"N",1.7335200383946e-09,"N",TRUE
1006,"Y",0.81226861069011,"Y",TRUE
1005,"N",1.82229720943857e-09,"N",TRUE
1003,"N",0.0357135665455109,"N",TRUE
997,"N",0.0973718176526834,"N",TRUE
994,"N",0.0480396993815409,"N",TRUE
991,"N",2.90046803052739e-09,"N",TRUE
986,"Y",0.836289715495748,"Y",TRUE
982,"N",0.0425844358118064,"N",TRUE
978,"N",0.000492461706938088,"N",TRUE
967,"N",0.161643325385887,"N",TRUE
966,"Y",0.894318919988319,"Y",TRUE
1145,"N",2.16377808291329e-11,"N",TRUE
1142,"N",0.0254153429172611,"N",TRUE
1138,"N",0.00327758202782755,"N",TRUE
1136,"N",3.95996991087854e-11,"N",TRUE
1132,"Y",0.166082125094262,"N",FALSE
1123,"N",1.3498510259849e-09,"N",TRUE
1120,"N",0.0416519892718613,"N",TRUE
1117,"N",0.146751722030557,"N",TRUE
1103,"N",0.0236288779047655,"N",TRUE
1099,"N",0.00322912485427432,"N",TRUE
1097,"N",1.56912587599426e-09,"N",TRUE
1096,"Y",0.117955164466766,"N",FALSE
1092,"Y",0.0564647787457295,"N",FALSE
1089,"N",0.0982578114099215,"N",TRUE
1087,"N",0.0193407339274073,"N",TRUE
1080,"N",0.00122443063848223,"N",TRUE
1074,"N",7.52810489325197e-10,"N",TRUE
1072,"N",2.22044604925031e-16,"N",TRUE
1071,"N",0.00195457473360567,"N",TRUE
1070,"N",0.117064754199589,"N",TRUE
1228,"N",2.37160593549876e-10,"N",TRUE
1227,"N",2.22044604925031e-16,"N",TRUE
1226,"N",1.99792081801713e-10,"N",TRUE
1225,"N",1.57981352450817e-09,"N",TRUE
1219,"N",0.0619946632392248,"N",TRUE
1217,"N",0.00936656667340278,"N",TRUE
1214,"N",0.0054080987042964,"N",TRUE
1213,"N",0.0331609025420461,"N",TRUE
1210,"N",0.074840595372458,"N",TRUE
1208,"N",0.0449339162308176,"N",TRUE
1202,"N",0.0691208906533491,"N",TRUE
1201,"N",0.0249564846843052,"N",TRUE
1198,"N",0.0770868963888213,"N",TRUE
1195,"Y",0.237163174911362,"N",FALSE
1192,"N",1.52318238906645e-09,"N",TRUE
1189,"N",0.0593373783276099,"N",TRUE
1185,"N",0.0285995708783831,"N",TRUE
1184,"N",0.00134172098049574,"N",TRUE
1179,"N",0.857146035943832,"Y",FALSE
1170,"N",1.53397103954246e-09,"N",TRUE
1169,"N",0.0901810189159634,"N",TRUE
1167,"Y",0.63855868662934,"Y",TRUE
1161,"N",0.00773428627349456,"N",TRUE
1159,"N",0.04864082253942,"N",TRUE
1153,"N",0.145288999720862,"N",TRUE
1152,"N",0.468460050539006,"Y",FALSE
1151,"N",0.872676786361982,"Y",FALSE
1322,"N",0.67998695580687,"Y",FALSE
1320,"N",1.3867660325554e-10,"N",TRUE
1319,"N",0.0311166242730292,"N",TRUE
1318,"N",0.0171258145909456,"N",TRUE
1313,"N",0.0547785009554662,"N",TRUE
1310,"N",0.0235978405158585,"N",TRUE
1307,"N",0.175074819489363,"N",TRUE
1306,"Y",0.734710311714101,"Y",TRUE
1298,"Y",0.949831143588137,"Y",TRUE
1296,"N",8.71970502390194e-10,"N",TRUE
1295,"N",0.093831998722087,"N",TRUE
1293,"N",0.00425127328231535,"N",TRUE
1282,"N",6.10180731486315e-10,"N",TRUE
1280,"N",0.00697189950905846,"N",TRUE
1279,"N",7.70209775798702e-10,"N",TRUE
1274,"N",0.0239616660836613,"N",TRUE
1273,"Y",0.00221833141755855,"N",FALSE
1270,"Y",0.791067706023019,"Y",TRUE
1268,"N",0.042939617563214,"N",TRUE
1265,"N",0.00443782862608245,"N",TRUE
1263,"Y",0.831612940718339,"Y",TRUE
1262,"N",0.0417709286915881,"N",TRUE
1260,"N",0.190645010013472,"N",TRUE
1259,"N",0.0320876010917801,"N",TRUE
1255,"Y",0.0199220099946608,"N",FALSE
1252,"N",0.0111640400704375,"N",TRUE
1249,"N",0.0150475646923938,"N",TRUE
1247,"N",0.00456326574706772,"N",TRUE
1246,"Y",0.226607157199906,"N",FALSE
1245,"N",0.0958778095761592,"N",TRUE
1241,"N",0.886675260408953,"Y",FALSE
1237,"N",0.20242100036157,"N",TRUE
1236,"N",0.118856886659545,"N",TRUE
1234,"N",0.118916473656662,"N",TRUE
1411,"N",0.0167712768703628,"N",TRUE
1410,"N",0.0377998997633468,"N",TRUE
1409,"N",2.07082174425612e-10,"N",TRUE
1408,"N",1.43919692589566e-08,"N",TRUE
1404,"Y",0.233613563879128,"N",FALSE
1403,"Y",0.113081562384294,"N",FALSE
1402,"N",0.0362358998916718,"N",TRUE
1401,"N",0.0251507725091306,"N",TRUE
1400,"N",0.0180027081065071,"N",TRUE
1395,"N",0.0680613147898949,"N",TRUE
1379,"N",0.000498332996943025,"N",TRUE
1377,"N",0.0045831916207717,"N",TRUE
1373,"N",0.130397910273413,"N",TRUE
1370,"N",7.18924796017206e-10,"N",TRUE
1369,"N",0.24643529890805,"N",TRUE
1363,"N",0.000787426600008723,"N",TRUE
1359,"N",1.25977446742612e-09,"N",TRUE
1355,"N",0.544189934255168,"Y",FALSE
1354,"N",0.156089662690663,"N",TRUE
1353,"N",0.00566873686952524,"N",TRUE
1351,"N",6.81191703163197e-10,"N",TRUE
1346,"N",0.00758764811424739,"N",TRUE
1345,"N",0.00513153106527926,"N",TRUE
1343,"N",0.0238686047355382,"N",TRUE
1337,"N",1.01065038210542e-09,"N",TRUE
1336,"N",0.0914008691756337,"N",TRUE
1335,"N",0.0406952835427317,"N",TRUE
1329,"N",2.22044604925031e-16,"N",TRUE
1434,"N",0.000280387502018814,"N",TRUE
1433,"Y",0.698328461996522,"Y",TRUE
1432,"N",6.30831234974123e-10,"N",TRUE
1431,"N",9.52278237038832e-10,"N",TRUE
1426,"N",7.55427618877835e-10,"N",TRUE
1419,"Y",0.30249668206875,"N",FALSE
1479,"N",4.33527845059708e-10,"N",TRUE
1476,"N",2.69229838299265e-09,"N",TRUE
1472,"N",2.55879147757303e-09,"N",TRUE
1470,"N",0.0373630692472535,"N",TRUE
1468,"N",1.15541000730606e-08,"N",TRUE
1465,"N",0.0088091316112214,"N",TRUE
1461,"N",0.0673843826817271,"N",TRUE
1454,"N",0.344379499841936,"N",TRUE
1449,"Y",0.976192902828622,"Y",TRUE
1446,"N",0.0475488953711813,"N",TRUE
1443,"N",0.0326437099415823,"N",TRUE
1440,"Y",0.575019098091246,"Y",TRUE
1599,"N",0.0672007247341074,"N",TRUE
1598,"N",2.69141603924702e-09,"N",TRUE
1596,"Y",0.579325496790672,"Y",TRUE
1594,"N",0.0276461497501576,"N",TRUE
1593,"N",0.0889014120981607,"N",TRUE
1592,"N",3.75615441888697e-09,"N",TRUE
1589,"N",0.0286152557038001,"N",TRUE
1588,"Y",0.146435503293776,"N",FALSE
1587,"N",0.215481130390971,"N",TRUE
1580,"N",0.0151358496668305,"N",TRUE
1579,"N",0.00492000307013202,"N",TRUE
1576,"N",0.103153854422617,"N",TRUE
1566,"N",0.0249521009884586,"N",TRUE
1563,"N",1.56020001691585e-09,"N",TRUE
1558,"Y",0.791960800667081,"Y",TRUE
1556,"N",0.017861694624164,"N",TRUE
1554,"N",0.736717753635821,"Y",FALSE
1547,"N",0.0129543886639798,"N",TRUE
1544,"N",0.0135804993037435,"N",TRUE
1540,"N",0.0334788069749823,"N",TRUE
1538,"N",0.00822480047788901,"N",TRUE
1534,"N",0.0134328715859275,"N",TRUE
1532,"N",0.226902101104972,"N",TRUE
1529,"Y",0.520632919453666,"Y",TRUE
1526,"Y",0.367837990178894,"N",FALSE
1525,"N",0.650856555529798,"Y",FALSE
1524,"N",0.0316619153861308,"N",TRUE
1520,"N",0.0369949336915105,"N",TRUE
1519,"N",0.0216858600808834,"N",TRUE
1516,"N",0.0249100076205777,"N",TRUE
1515,"N",0.10964898859684,"N",TRUE
1511,"N",0.0241558371823706,"N",TRUE
1509,"N",0.000353894732564999,"N",TRUE
1505,"N",0.00927218072855013,"N",TRUE
1498,"N",0.0268088682979137,"N",TRUE
1492,"N",0.0461145057136346,"N",TRUE
1490,"N",0.0849008513687772,"N",TRUE
1489,"Y",0.0217387369663377,"N",FALSE
1488,"N",0.148839950151833,"N",TRUE
1486,"Y",0.161403712216174,"N",FALSE
1481,"N",0.0128730215679696,"N",TRUE
1725,"N",0.00746141332900847,"N",TRUE
1719,"N",0.0110192380330908,"N",TRUE
1714,"N",0.156316199483977,"N",TRUE
1711,"N",0.0136453691362671,"N",TRUE
1710,"N",4.28874321237943e-11,"N",TRUE
1709,"N",0.0253105181283884,"N",TRUE
1700,"N",0.0123421845486482,"N",TRUE
1685,"N",0.397352541704617,"N",TRUE
1683,"N",0.035653023231827,"N",TRUE
1679,"N",0.0138528467674647,"N",TRUE
1677,"N",0.800173076716767,"Y",FALSE
1672,"N",0.0276614929927135,"N",TRUE
1671,"N",0.016676577633309,"N",TRUE
1667,"N",0.91295116384628,"Y",FALSE
1666,"N",0.33196205283502,"N",TRUE
1665,"N",0.00498867450257851,"N",TRUE
1664,"N",0.0275919071123064,"N",TRUE
1660,"N",0.0330355294112441,"N",TRUE
1658,"N",0.000257840216209774,"N",TRUE
1655,"Y",0.748176118947166,"Y",TRUE
1652,"N",0.0243543743674361,"N",TRUE
1651,"N",0.00615339066419321,"N",TRUE
1645,"N",0.0741975167687325,"N",TRUE
1639,"N",0.386157607989068,"N",TRUE
1637,"N",0.0149258597124897,"N",TRUE
1634,"N",0.0235179487319711,"N",TRUE
1630,"N",0.000252082784290365,"N",TRUE
1629,"N",8.72116565492954e-10,"N",TRUE
1625,"N",1.19930686642191e-08,"N",TRUE
1622,"N",0.0566459138081525,"N",TRUE
1621,"N",0.0801654766829257,"N",TRUE
1620,"N",0.012640878567157,"N",TRUE
1619,"N",0.138581014003662,"N",TRUE
1617,"N",0.0847152905935836,"N",TRUE
1616,"N",0.0248075732843795,"N",TRUE
1613,"N",0.0695050420575749,"N",TRUE
1611,"N",0.092270986438858,"N",TRUE
1608,"Y",0.158481186252436,"N",FALSE
1851,"Y",0.927579258467289,"Y",TRUE
1844,"N",0.0240823224368107,"N",TRUE
1843,"Y",0.633596143869003,"Y",TRUE
1836,"N",0.039381804016666,"N",TRUE
1830,"N",0.084191636647174,"N",TRUE
1826,"N",9.70875087415978e-10,"N",TRUE
1815,"Y",0.962371085800167,"Y",TRUE
1813,"N",0.0378284459447105,"N",TRUE
1812,"N",0.00270884823107067,"N",TRUE
1810,"N",0.0355883523990989,"N",TRUE
1805,"N",0.400217854628465,"Y",FALSE
1804,"N",0.014005592571137,"N",TRUE
1800,"N",0.019408430150417,"N",TRUE
1796,"N",9.24958812996876e-06,"N",TRUE
1794,"N",0.00387819961157121,"N",TRUE
1793,"N",0.0160151290804069,"N",TRUE
1788,"N",0.00486645488897291,"N",TRUE
1779,"N",0.000499535799797795,"N",TRUE
1772,"N",0.00823968477623153,"N",TRUE
1768,"N",0.0884547592431483,"N",TRUE
1766,"N",1.30846097389071e-09,"N",TRUE
1763,"N",0.128872449674333,"N",TRUE
1761,"N",0.00848084034714681,"N",TRUE
1754,"N",0.0336162827646981,"N",TRUE
1749,"N",0.0034974520926147,"N",TRUE
1744,"N",0.00659889624839412,"N",TRUE
1741,"N",0.031169347988588,"N",TRUE
1740,"N",0.272272615048567,"N",TRUE
1739,"N",0.0442620134528027,"N",TRUE
1735,"N",0.101181634424936,"N",TRUE
1734,"N",0.153374041840076,"N",TRUE
1732,"N",0.0021738791822513,"N",TRUE
1961,"N",1.02222334820631e-10,"N",TRUE
1956,"N",2.09419249260124e-10,"N",TRUE
1953,"N",0.0234634590321293,"N",TRUE
1946,"N",0.134917808051792,"N",TRUE
1941,"N",0.00338946410576108,"N",TRUE
1936,"N",0.0500990048829535,"N",TRUE
1935,"N",0.044850346270409,"N",TRUE
1933,"N",3.64808815659202e-08,"N",TRUE
1931,"Y",0.891939494652971,"Y",TRUE
1930,"Y",0.775691559617817,"Y",TRUE
1928,"Y",0.118626533305898,"N",FALSE
1927,"Y",0.827896707380947,"Y",TRUE
1926,"N",0.0159483396694754,"N",TRUE
1924,"N",4.05426652465432e-09,"N",TRUE
1916,"N",0.0130475716121698,"N",TRUE
1915,"Y",0.753577381884354,"Y",TRUE
1913,"N",0.00119372951923982,"N",TRUE
1911,"N",0.038850034652238,"N",TRUE
1909,"N",0.0466991471770783,"N",TRUE
1905,"N",0.179191120081025,"N",TRUE
1904,"N",0.00995118436859046,"N",TRUE
1903,"Y",0.856183464570466,"Y",TRUE
1902,"N",0.0226689261780733,"N",TRUE
1901,"N",0.00799889023111074,"N",TRUE
1899,"N",0.00575774090602867,"N",TRUE
1893,"N",0.00871885020776453,"N",TRUE
1891,"Y",0.47854774576492,"Y",TRUE
1890,"Y",0.480674297716276,"Y",TRUE
1884,"N",0.0335660812118151,"N",TRUE
1881,"N",0.00609942847229511,"N",TRUE
1879,"N",0.00649459989350565,"N",TRUE
1878,"N",0.155150919079653,"N",TRUE
1877,"N",0.0754817320361736,"N",TRUE
1872,"N",0.000550965540108333,"N",TRUE
1870,"N",0.638732500944844,"Y",FALSE
1868,"N",7.84350149428711e-10,"N",TRUE
1865,"N",1.52493048141044e-08,"N",TRUE
1863,"N",0.0286669702489704,"N",TRUE
1862,"N",0.0172200717670903,"N",TRUE
1855,"N",0.0820718660574606,"N",TRUE
1853,"Y",0.878238495453786,"Y",TRUE
1852,"N",0.0377650006688497,"N",TRUE
2076,"N",8.30082257093223e-10,"N",TRUE
2069,"N",0.0151678739164714,"N",TRUE
2068,"N",0.0470224869241178,"N",TRUE
2060,"Y",0.16196560312002,"N",FALSE
2058,"N",0.0639059200010482,"N",TRUE
2056,"N",1.08958212656707e-07,"N",TRUE
2052,"Y",0.0434811178876035,"N",FALSE
2048,"N",0.165987586991018,"N",TRUE
2047,"N",1.42790594951938e-09,"N",TRUE
2041,"N",0.0965363720242721,"N",TRUE
2039,"N",0.0260932354940388,"N",TRUE
2038,"N",0.116840915311813,"N",TRUE
2036,"N",0.0271871733743011,"N",TRUE
2034,"N",0.0553736399187213,"N",TRUE
2033,"N",0.0254566720700071,"N",TRUE
2028,"N",0.00320092379389017,"N",TRUE
2026,"Y",0.054737484370589,"N",FALSE
2021,"N",0.033146425689079,"N",TRUE
2016,"N",2.27930014180095e-10,"N",TRUE
2013,"N",0.0927731652130019,"N",TRUE
2011,"N",0.0602505114065007,"N",TRUE
2010,"N",0.141510787592428,"N",TRUE
2008,"N",0.0119573425702819,"N",TRUE
2007,"Y",0.35158224224511,"N",FALSE
2006,"N",0.00144358148516594,"N",TRUE
2005,"N",5.7199472498583e-09,"N",TRUE
2001,"N",0.0328458556452028,"N",TRUE
1999,"N",0.0171815789961165,"N",TRUE
1996,"Y",0.929497923682883,"Y",TRUE
1994,"N",7.74404099233659e-10,"N",TRUE
1993,"N",0.000366539700801198,"N",TRUE
1990,"N",0.0202139458807512,"N",TRUE
1984,"N",0.0236808561000888,"N",TRUE
1983,"N",0.0208727127903921,"N",TRUE
1980,"N",0.0328511329656107,"N",TRUE
1978,"N",0.0036024259184284,"N",TRUE
1977,"N",0.0130129026164226,"N",TRUE
1973,"N",0.0847020641304066,"N",TRUE
1972,"N",0.0696840635969989,"N",TRUE
1970,"N",0.129394439746358,"N",TRUE
1968,"N",0.091251032328764,"N",TRUE
2104,"N",2.07483679562522e-10,"N",TRUE
2103,"Y",0.0322045526509256,"N",FALSE
2098,"N",7.10402707396772e-09,"N",TRUE
2095,"N",0.0100360994919746,"N",TRUE
2092,"N",0.00292281039988227,"N",TRUE
2091,"N",8.72417219046839e-10,"N",TRUE
2088,"Y",0.155474315179314,"N",FALSE
2086,"N",0.131044027096518,"N",TRUE
2085,"N",0.0249324513818739,"N",TRUE
2082,"N",0.0455743400634369,"N",TRUE
2124,"N",3.71704685988342e-09,"N",TRUE
2123,"Y",0.528920136660367,"Y",TRUE
2122,"N",0.652113562178761,"Y",FALSE
2118,"N",3.63730877912326e-09,"N",TRUE
2116,"N",0.0124582885122525,"N",TRUE
2115,"Y",0.930873279105271,"Y",TRUE
2114,"N",0.345964199024148,"N",TRUE
2109,"Y",0.340070461360348,"N",FALSE
2108,"N",0.515314578988548,"Y",FALSE
2107,"N",0.0920702786055232,"N",TRUE
2242,"N",0.0164819959425024,"N",TRUE
2240,"N",0.0300723317529197,"N",TRUE
2235,"N",0.0914069917145992,"N",TRUE
2231,"N",0.0177783264039357,"N",TRUE
2229,"N",0.0342843335079263,"N",TRUE
2226,"N",0.539187462603009,"Y",FALSE
2224,"N",0.0258245691682346,"N",TRUE
2221,"N",0.015715270003588,"N",TRUE
2220,"N",0.0311046251867208,"N",TRUE
2218,"N",0.145000336406242,"N",TRUE
2216,"N",0.00412284734986676,"N",TRUE
2214,"N",0.042911246878981,"N",TRUE
2213,"N",0.0346407245854698,"N",TRUE
2211,"N",0.0782297618253629,"N",TRUE
2208,"N",6.6850238897825e-08,"N",TRUE
2206,"N",0.0990481330165147,"N",TRUE
2203,"Y",0.761958907191861,"Y",TRUE
2201,"N",0.0123696447030162,"N",TRUE
2200,"N",1.97977555159365e-09,"N",TRUE
2190,"N",0.0102563104072467,"N",TRUE
2183,"N",0.0518982724434059,"N",TRUE
2177,"N",0.0105826323815195,"N",TRUE
2171,"Y",0.717144444108532,"Y",TRUE
2169,"N",0.0232069363135778,"N",TRUE
2163,"N",0.126300389600966,"N",TRUE
2160,"N",1.24967922379746e-09,"N",TRUE
2157,"N",0.00601046316907955,"N",TRUE
2155,"N",0.055951682505673,"N",TRUE
2151,"N",0.00050012968256278,"N",TRUE
2147,"Y",0.813584836018703,"Y",TRUE
2146,"N",0.220573587048394,"N",TRUE
2138,"N",0.0333358981631963,"N",TRUE
2136,"N",0.238114869443615,"N",TRUE
2134,"N",0.278890087105169,"N",TRUE
2338,"N",0.0245213778708727,"N",TRUE
2337,"N",1.78729988460866e-09,"N",TRUE
2331,"N",0.0387974528395836,"N",TRUE
2330,"Y",0.117311526623476,"N",FALSE
2328,"N",0.0145606109927367,"N",TRUE
2325,"N",0.0186403492320033,"N",TRUE
2320,"N",0.0152779238739267,"N",TRUE
2313,"N",0.0142996289407717,"N",TRUE
2311,"N",0.0116942649121252,"N",TRUE
2310,"N",0.130185045543299,"N",TRUE
2309,"N",0.0716943316685601,"N",TRUE
2306,"Y",0.836537846006031,"Y",TRUE
2302,"N",0.00404541811750068,"N",TRUE
2299,"N",0.0803645853309597,"N",TRUE
2295,"N",0.0158076575214554,"N",TRUE
2292,"N",0.00536898087408423,"N",TRUE
2291,"Y",0.789606254622156,"Y",TRUE
2290,"N",8.41379555433313e-10,"N",TRUE
2289,"N",5.48990899667246e-10,"N",TRUE
2288,"N",0.00876959188264726,"N",TRUE
2286,"N",0.00517290148188301,"N",TRUE
2284,"N",0.215929569793444,"N",TRUE
2279,"N",0.0317361453271437,"N",TRUE
2277,"Y",0.121150687034652,"N",FALSE
2272,"N",0.00855620450597094,"N",TRUE
2264,"N",0.0105139763012615,"N",TRUE
2260,"N",0.02078130309666,"N",TRUE
2255,"N",0.185413807374872,"N",TRUE
2252,"N",0.10260264221619,"N",TRUE
2250,"N",0.182655467906662,"N",TRUE
2248,"N",0.126081189483788,"N",TRUE
2247,"Y",0.915372921287808,"Y",TRUE
2246,"N",0.00331886751751656,"N",TRUE
2245,"N",1.43521270180082e-09,"N",TRUE
2444,"N",0.0260207591292023,"N",TRUE
2442,"N",0.0399762582553788,"N",TRUE
2439,"N",1.82940044987884e-09,"N",TRUE
2437,"N",0.0115385755721214,"N",TRUE
2434,"Y",0.261245932013702,"N",FALSE
2432,"N",0.252925790789488,"N",TRUE
2429,"N",0.0233667629446968,"N",TRUE
2428,"N",1.12258641134322e-09,"N",TRUE
2427,"N",0.00897688202658978,"N",TRUE
2421,"N",0.203484069269488,"N",TRUE
2417,"N",1.12422024693943e-09,"N",TRUE
2416,"N",0.00561909348284901,"N",TRUE
2414,"Y",0.595282197788723,"Y",TRUE
2412,"N",0.61758212885826,"Y",FALSE
2405,"N",0.0589193803153352,"N",TRUE
2403,"N",0.165069910089936,"N",TRUE
2399,"N",0.0053940481441962,"N",TRUE
2397,"N",0.000756200125926984,"N",TRUE
2389,"N",1.19578460889348e-09,"N",TRUE
2387,"N",0.0319606483463064,"N",TRUE
2386,"N",0.0899795563219466,"N",TRUE
2382,"N",0.603781477720867,"Y",FALSE
2381,"N",0.0301904042187842,"N",TRUE
2379,"N",0.0460004042761575,"N",TRUE
2378,"N",0.0669535214880962,"N",TRUE
2377,"Y",0.955807633254367,"Y",TRUE
2374,"N",0.0296040960678162,"N",TRUE
2371,"N",0.629909252037548,"Y",FALSE
2364,"Y",0.847558223464787,"Y",TRUE
2360,"N",1.27033284077353e-05,"N",TRUE
2357,"Y",0.139935710734691,"N",FALSE
2352,"N",0.000228926344405874,"N",TRUE
2348,"Y",0.135907669301282,"N",FALSE
2347,"N",0.245754948741322,"N",TRUE
2345,"N",0.0137946568985846,"N",TRUE
2546,"N",0.0230471625985424,"N",TRUE
2543,"N",7.44074836421397e-10,"N",TRUE
2538,"Y",0.0471386309095063,"N",FALSE
2533,"N",0.0253349491523338,"N",TRUE
2530,"N",0.0120330168462277,"N",TRUE
2527,"Y",0.0294199307136889,"N",FALSE
2526,"N",0.0320044667155895,"N",TRUE
2525,"N",0.00898814994110635,"N",TRUE
2523,"N",0.0651437657045121,"N",TRUE
2515,"Y",0.353900561246484,"N",FALSE
2514,"N",0.000137582242116676,"N",TRUE
2511,"N",0.102793725200819,"N",TRUE
2509,"N",7.30799578900455e-05,"N",TRUE
2507,"N",0.515518795719519,"Y",FALSE
2506,"N",2.00412384973766e-09,"N",TRUE
2502,"N",0.058137773126622,"N",TRUE
2497,"N",0.0329021523856806,"N",TRUE
2487,"N",0.0103150982220475,"N",TRUE
2485,"N",0.00524807659032483,"N",TRUE
2483,"N",0.144283047515531,"N",TRUE
2481,"N",0.0310576705572649,"N",TRUE
2479,"N",0.215575423040362,"N",TRUE
2477,"N",9.38633630672705e-10,"N",TRUE
2475,"N",6.31059721755493e-11,"N",TRUE
2474,"N",0.0313591941762755,"N",TRUE
2467,"Y",0.829179409573566,"Y",TRUE
2465,"Y",0.626756261842721,"Y",TRUE
2461,"N",0.0553390991151438,"N",TRUE
2459,"N",0.0174567877775237,"N",TRUE
2458,"Y",0.281180996430047,"N",FALSE
2648,"N",2.36963128619503e-10,"N",TRUE
2647,"N",0.0474311391254018,"N",TRUE
2646,"N",0.0309422763538838,"N",TRUE
2645,"N",0.145481025571971,"N",TRUE
2644,"N",2.82703699920403e-10,"N",TRUE
2641,"N",0.0197552721711651,"N",TRUE
2636,"N",0.0241229760977003,"N",TRUE
2633,"N",0.0871046446132682,"N",TRUE
2632,"N",0.0753604016548007,"N",TRUE
2625,"N",0.00726085620432042,"N",TRUE
2624,"N",0.0419798641748305,"N",TRUE
2619,"Y",0.762128816091895,"Y",TRUE
2617,"N",0.00784161901018178,"N",TRUE
2613,"N",0.0889784087326077,"N",TRUE
2612,"Y",0.536071799105708,"Y",TRUE
2611,"N",0.0131331567324162,"N",TRUE
2604,"Y",0.0267766890459572,"N",FALSE
2597,"N",0.00313858751206367,"N",TRUE
2595,"N",0.0200372939843228,"N",TRUE
2593,"N",0.0748460477298271,"N",TRUE
2584,"N",0.0110207308836048,"N",TRUE
2583,"Y",0.821548526777867,"Y",TRUE
2580,"N",0.0502421683284666,"N",TRUE
2574,"N",0.0776431563189113,"N",TRUE
2571,"N",0.113882773055919,"N",TRUE
2566,"N",0.113708760051969,"N",TRUE
2564,"N",0.107449363441117,"N",TRUE
2561,"N",0.101945388686255,"N",TRUE
2663,"N",0.000973178979159508,"N",TRUE
2659,"N",0.0175134042688854,"N",TRUE
2653,"N",0.00754482565522781,"N",TRUE
2651,"Y",0.905198419205729,"Y",TRUE
2686,"N",0.02879243346052,"N",TRUE
2684,"N",0.00455171959929319,"N",TRUE
2679,"N",3.7513447359457e-09,"N",TRUE
2676,"N",0.0819051182334664,"N",TRUE
2674,"N",0.0389011009458443,"N",TRUE
2671,"Y",0.993986563115865,"Y",TRUE
2668,"N",0.630630951287797,"Y",FALSE
2666,"N",0.00858194157401974,"N",TRUE
2665,"Y",0.337474593900858,"N",FALSE
2789,"N",5.23487040678216e-10,"N",TRUE
2787,"N",0.0193625776996434,"N",TRUE
2785,"N",0.0427676895961685,"N",TRUE
2779,"N",0.0635365424607189,"N",TRUE
2774,"N",0.0373632739593303,"N",TRUE
2773,"N",0.00121135683586235,"N",TRUE
2770,"N",0.0417269851174718,"N",TRUE
2766,"N",0.0554134448417435,"N",TRUE
2763,"Y",0.888898168784645,"Y",TRUE
2762,"N",0.555297520138996,"Y",FALSE
2760,"N",0.0233940409460792,"N",TRUE
2758,"N",0.00598576995218173,"N",TRUE
2754,"N",0.020075074503669,"N",TRUE
2744,"N",0.00301667302854028,"N",TRUE
2741,"N",0.0230219683883164,"N",TRUE
2740,"N",0.195358091152252,"N",TRUE
2735,"N",0.0220925945944723,"N",TRUE
2722,"N",0.0303583523321459,"N",TRUE
2720,"N",1.62284993901268e-09,"N",TRUE
2716,"Y",0.269263984881659,"N",FALSE
2712,"N",0.000792496914017682,"N",TRUE
2711,"N",0.0211912106387873,"N",TRUE
2709,"Y",0.830245563044121,"Y",TRUE
2708,"N",0.750114160809598,"Y",FALSE
2707,"Y",0.796800063198188,"Y",TRUE
2705,"N",0.0151081592519295,"N",TRUE
2701,"N",0.123867889360581,"N",TRUE
2697,"N",0.255516761992758,"N",TRUE
2694,"Y",0.248532236431343,"N",FALSE
2692,"N",0.0654215523138229,"N",TRUE
2889,"N",0.00329518867980686,"N",TRUE
2888,"N",2.82341246817102e-11,"N",TRUE
2884,"N",0.0525383384696856,"N",TRUE
2862,"N",0.00283226641956341,"N",TRUE
2857,"N",0.0204396737210294,"N",TRUE
2856,"N",6.91959738230268e-10,"N",TRUE
2849,"Y",0.0888680446253108,"N",FALSE
2847,"Y",0.535280749563721,"Y",TRUE
2845,"N",0.0131657692999421,"N",TRUE
2844,"N",0.0117630678515401,"N",TRUE
2838,"N",0.0182789885454191,"N",TRUE
2832,"Y",0.741042234111752,"Y",TRUE
2830,"N",0.00150491447376147,"N",TRUE
2829,"N",0.0129507836910141,"N",TRUE
2828,"N",0.0510484064995085,"N",TRUE
2827,"N",0.0751029907918904,"N",TRUE
2822,"N",0.0215982981557797,"N",TRUE
2819,"N",0.279979474223405,"N",TRUE
2818,"N",0.00554578391809305,"N",TRUE
2817,"Y",0.13805740950644,"N",FALSE
2810,"N",0.00341949687055974,"N",TRUE
2801,"N",0.0228387769200077,"N",TRUE
2800,"N",0.143985126703575,"N",TRUE
2790,"Y",0.686991120725549,"Y",TRUE
2984,"N",5.39635069908651e-10,"N",TRUE
2975,"N",0.162510244229871,"N",TRUE
2974,"N",0.0373042479468951,"N",TRUE
2973,"N",0.0114229642571763,"N",TRUE
2971,"N",8.69163686761163e-10,"N",TRUE
2969,"N",0.0344332422925317,"N",TRUE
2968,"N",0.0103452915029459,"N",TRUE
2966,"N",0.0381368598660543,"N",TRUE
2965,"Y",0.701813848144645,"Y",TRUE
2960,"N",0.140638979396318,"N",TRUE
2956,"N",0.0261229070296901,"N",TRUE
2955,"N",0.343249728858947,"N",TRUE
2954,"N",0.0501423841705892,"N",TRUE
2953,"N",0.012977985133862,"N",TRUE
2951,"N",0.00692272150782887,"N",TRUE
2950,"N",0.0239831459222137,"N",TRUE
2948,"N",0.219673624161187,"N",TRUE
2947,"N",0.0128634764068213,"N",TRUE
2945,"Y",0.983351312654907,"Y",TRUE
2944,"N",0.0237609240781527,"N",TRUE
2936,"Y",0.666914466624772,"Y",TRUE
2931,"N",0.0121921315578089,"N",TRUE
2929,"N",0.0598613599168886,"N",TRUE
2927,"N",0.0258510116196866,"N",TRUE
2926,"N",1.16810627025194e-09,"N",TRUE
2924,"N",0.227810430312096,"N",TRUE
2923,"N",0.0439345744975271,"N",TRUE
2922,"N",0.00443448405218228,"N",TRUE
2921,"N",2.80463546592828e-09,"N",TRUE
2914,"N",0.0106733138633188,"N",TRUE
2909,"N",0.0148864228456998,"N",TRUE
2908,"N",0.174851277580983,"N",TRUE
2905,"N",0.0620403751849491,"N",TRUE
2901,"Y",0.901147280121874,"Y",TRUE
2897,"Y",0.230060551746383,"N",FALSE
2893,"N",0.0116236330159943,"N",TRUE
3085,"N",0.133617837844012,"N",TRUE
3077,"N",0.0389139442555963,"N",TRUE
3076,"Y",0.00962863049846885,"N",FALSE
3075,"N",0.0237082568938082,"N",TRUE
3074,"Y",0.0508926371880569,"N",FALSE
3072,"N",2.57732058144122e-10,"N",TRUE
3060,"N",0.0774197829816214,"N",TRUE
3053,"N",0.219949557599574,"N",TRUE
3050,"Y",0.784032701903596,"Y",TRUE
3043,"N",0.0443026696561575,"N",TRUE
3042,"N",0.0100488323785348,"N",TRUE
3037,"N",0.0257606898239932,"N",TRUE
3035,"Y",0.708884803671417,"Y",TRUE
3033,"N",0.0312462929513499,"N",TRUE
3030,"N",0.0397398273117008,"N",TRUE
3026,"N",0.113802521318631,"N",TRUE
3025,"N",0.016166030181658,"N",TRUE
3022,"Y",0.604684618214787,"Y",TRUE
3021,"N",0.0206385538303566,"N",TRUE
3020,"N",0.0370095562534064,"N",TRUE
3016,"N",0.0408629844689512,"N",TRUE
3011,"N",0.00383216195996469,"N",TRUE
3009,"N",0.0530943974956702,"N",TRUE
3006,"Y",0.915521058226106,"Y",TRUE
3002,"N",0.00791368280796338,"N",TRUE
3001,"N",0.0307657090660038,"N",TRUE
2997,"N",0.475175394920144,"Y",FALSE
2996,"N",0.0659814300914463,"N",TRUE
2994,"N",0.0298649020428588,"N",TRUE
2991,"Y",0.0858191036084819,"N",FALSE
2987,"N",0.0121717113365402,"N",TRUE
3178,"N",0.0878957350583848,"N",TRUE
3175,"N",1.58547081639457e-09,"N",TRUE
3174,"N",2.09826156018759e-10,"N",TRUE
3173,"N",0.0310953249499207,"N",TRUE
3163,"N",0.167011432548385,"N",TRUE
3160,"Y",0.913522744852756,"Y",TRUE
3157,"N",0.0121949170370292,"N",TRUE
3156,"Y",0.136986527788396,"N",FALSE
3154,"N",0.0396519369025267,"N",TRUE
3153,"N",0.0568367146650414,"N",TRUE
3150,"N",0.00308195269709132,"N",TRUE
3146,"N",3.56651934877651e-10,"N",TRUE
3144,"N",0.080112922385433,"N",TRUE
3141,"N",0.00294850561259315,"N",TRUE
3138,"N",0.00550598514030326,"N",TRUE
3135,"N",0.0215373706425177,"N",TRUE
3127,"N",0.0730562751029574,"N",TRUE
3126,"N",0.0252946675771439,"N",TRUE
3121,"N",0.00913192494317193,"N",TRUE
3120,"N",0.0547391983574865,"N",TRUE
3117,"N",3.84125588823232e-10,"N",TRUE
3114,"N",0.0126735016576662,"N",TRUE
3111,"N",0.0437190622964438,"N",TRUE
3108,"N",0.0190828241693333,"N",TRUE
3105,"N",0.0576999436456765,"N",TRUE
3103,"N",0.0146291566959301,"N",TRUE
3100,"N",0.000385017282048123,"N",TRUE
3093,"N",0.0858360615008443,"N",TRUE
3090,"N",0.186979625338752,"N",TRUE
3087,"N",0.120417112475722,"N",TRUE
3188,"Y",0.113709064262514,"N",FALSE
3187,"N",1.19670231338186e-10,"N",TRUE
3186,"N",2.8901122803063e-09,"N",TRUE
3183,"N",0.399763819572435,"N",TRUE
3181,"N",0.0509433439479984,"N",TRUE
3210,"Y",0.93309797666453,"Y",TRUE
3208,"N",6.73786827215486e-09,"N",TRUE
3207,"N",0.0842666577698105,"N",TRUE
3206,"N",0.137734429353798,"N",TRUE
3202,"N",0.0245492540151112,"N",TRUE
3201,"N",0.0774194894518333,"N",TRUE
3200,"Y",0.689271024051064,"Y",TRUE
3196,"N",0.315760892067298,"N",TRUE
3194,"Y",0.794768413361206,"Y",TRUE
3191,"Y",0.838206475050452,"Y",TRUE
3291,"N",0.0442374786084691,"N",TRUE
3289,"N",0.0859031161163315,"N",TRUE
3284,"N",0.0223966923572023,"N",TRUE
3279,"N",0.10414317953115,"N",TRUE
3277,"N",1.47116363559618e-09,"N",TRUE
3275,"N",4.41783458614528e-08,"N",TRUE
3274,"N",0.0151979753815407,"N",TRUE
3272,"N",0.0387351391967493,"N",TRUE
3266,"N",0.0505530602395435,"N",TRUE
3265,"N",1.04573633367123e-09,"N",TRUE
3263,"Y",0.204539450707709,"N",FALSE
3262,"Y",0.661083226209528,"Y",TRUE
3258,"N",0.907790734202456,"Y",FALSE
3256,"N",0.0132434422283351,"N",TRUE
3250,"N",0.0468813421207526,"N",TRUE
3248,"N",0.0060711294815477,"N",TRUE
3247,"N",0.0294407867261413,"N",TRUE
3244,"N",0.00524345398681094,"N",TRUE
3243,"Y",0.705749108344244,"Y",TRUE
3242,"N",0.0215549186868163,"N",TRUE
3236,"N",0.021488319481997,"N",TRUE
3235,"Y",0.137274695104117,"N",FALSE
3232,"Y",0.792432391079026,"Y",TRUE
3230,"Y",0.696633112404227,"Y",TRUE
3227,"Y",0.754551005254002,"Y",TRUE
3225,"N",0.105642097973324,"N",TRUE
3222,"N",0.0112279084800813,"N",TRUE
3217,"N",0.0244052518472799,"N",TRUE
3216,"Y",0.122916961961636,"N",FALSE
3211,"Y",0.830635774503029,"Y",TRUE
3388,"N",3.6440873117269e-10,"N",TRUE
3384,"N",0.0252971873869627,"N",TRUE
3383,"N",1.96751805694754e-08,"N",TRUE
3377,"N",0.112290082258652,"N",TRUE
3374,"N",0.0103404362846441,"N",TRUE
3371,"N",0.00999491034980429,"N",TRUE
3370,"N",0.0187032401225225,"N",TRUE
3369,"N",0.0139423174441557,"N",TRUE
3366,"Y",0.127537265704315,"N",FALSE
3363,"N",7.44089736173005e-09,"N",TRUE
3362,"N",0.0180543863324468,"N",TRUE
3361,"N",0.00729933911154871,"N",TRUE
3359,"N",0.00299425456164515,"N",TRUE
3357,"Y",0.249827951774247,"N",FALSE
3355,"N",0.0101917576079054,"N",TRUE
3352,"N",0.00703604349616507,"N",TRUE
3350,"N",0.66268424671208,"Y",FALSE
3349,"N",0.0073171196769531,"N",TRUE
3346,"N",0.0176191456845048,"N",TRUE
3345,"N",0.00484076208690907,"N",TRUE
3342,"Y",0.868478481467284,"Y",TRUE
3338,"N",0.0211473698958178,"N",TRUE
3329,"N",0.0192457414398034,"N",TRUE
3328,"Y",0.904394823269842,"Y",TRUE
3324,"N",0.00961246018232446,"N",TRUE
3319,"N",0.00467238579680522,"N",TRUE
3318,"N",0.0360064729394852,"N",TRUE
3317,"N",0.161548553210738,"N",TRUE
3315,"N",0.0276736136017672,"N",TRUE
3308,"N",0.143161339251394,"N",TRUE
3307,"N",0.0104074077092325,"N",TRUE
3306,"Y",0.529488603916239,"Y",TRUE
3302,"N",0.016806729691436,"N",TRUE
3297,"N",0.0276315790126244,"N",TRUE
3481,"N",4.644096462909e-10,"N",TRUE
3480,"N",5.24931581957e-11,"N",TRUE
3479,"N",0.0365633284750892,"N",TRUE
3478,"N",0.0185137427194964,"N",TRUE
3475,"N",0.0230905258982812,"N",TRUE
3472,"Y",0.251888959675094,"N",FALSE
3469,"N",0.0241085530552438,"N",TRUE
3468,"N",0.0709004772688693,"N",TRUE
3462,"N",0.00544207436285414,"N",TRUE
3461,"N",1.06012776750431e-08,"N",TRUE
3458,"N",0.0138742334497846,"N",TRUE
3457,"N",0.11460384276183,"N",TRUE
3447,"N",0.011292856309027,"N",TRUE
3443,"N",0.00105221897580723,"N",TRUE
3442,"N",0.0155963455111347,"N",TRUE
3441,"N",0.0258636357848463,"N",TRUE
3435,"N",2.22044604925031e-16,"N",TRUE
3432,"N",0.0258987648990088,"N",TRUE
3430,"N",0.012408808952762,"N",TRUE
3429,"N",0.0208775555921982,"N",TRUE
3428,"N",0.0580947448372645,"N",TRUE
3425,"N",0.0194650257663501,"N",TRUE
3424,"N",0.0287119653730238,"N",TRUE
3423,"Y",0.654501314594161,"Y",TRUE
3419,"N",0.0313603803056137,"N",TRUE
3417,"Y",0.0301574159432422,"N",FALSE
3415,"N",0.14470239911297,"N",TRUE
3403,"N",0.0100556610400016,"N",TRUE
3400,"Y",0.962703509345122,"Y",TRUE
3399,"N",0.0106928607966557,"N",TRUE
3393,"N",0.186991929856552,"N",TRUE
3392,"Y",0.883090482186831,"Y",TRUE
3390,"N",0.0373317603900247,"N",TRUE
3583,"N",0.0821930934443665,"N",TRUE
3580,"N",0.0421052063600799,"N",TRUE
3578,"N",0.00543706294453615,"N",TRUE
3574,"Y",0.298100369070791,"N",FALSE
3572,"N",0.0180159587502171,"N",TRUE
3571,"N",0.0127735937840059,"N",TRUE
3570,"N",0.0171620942863777,"N",TRUE
3566,"N",0.0168125001917445,"N",TRUE
3565,"N",0.0622412485528307,"N",TRUE
3562,"N",2.22044604925031e-16,"N",TRUE
3561,"N",0.057290798952536,"N",TRUE
3557,"N",0.596162786852683,"Y",FALSE
3551,"N",1.37243513464874e-09,"N",TRUE
3549,"N",0.216446213017634,"N",TRUE
3548,"N",0.00079265917048363,"N",TRUE
3543,"Y",0.952734738705964,"Y",TRUE
3542,"N",0.0110099028736427,"N",TRUE
3540,"N",0.00954694952450072,"N",TRUE
3538,"Y",0.844988539156401,"Y",TRUE
3534,"N",0.0029324465071502,"N",TRUE
3528,"N",0.132544926706388,"N",TRUE
3527,"N",2.31209797481697e-09,"N",TRUE
3515,"N",0.00367804402468791,"N",TRUE
3514,"N",0.0124017444696949,"N",TRUE
3513,"N",0.0561430499007521,"N",TRUE
3505,"N",0.0156771347593571,"N",TRUE
3504,"N",0.061098130973245,"N",TRUE
3503,"N",0.014833878994495,"N",TRUE
3502,"N",0.0118722509550897,"N",TRUE
3497,"Y",0.905539693345213,"Y",TRUE
3496,"N",0.181167832290844,"N",TRUE
3495,"N",0.0160726321358212,"N",TRUE
3494,"Y",0.898547356230231,"Y",TRUE
3492,"Y",0.0120153449673063,"N",FALSE
3491,"N",0.0129612377798797,"N",TRUE
3489,"N",0.0950209080928953,"N",TRUE
3488,"N",0.041759099419623,"N",TRUE
3487,"N",0.102915727809139,"N",TRUE
3485,"Y",0.175128399087237,"N",FALSE
3679,"N",0.0842667817830351,"N",TRUE
3673,"N",0.0610368456637031,"N",TRUE
3672,"N",0.0282220472527464,"N",TRUE
3670,"N",0.363700857083203,"N",TRUE
3669,"N",0.0340272212773216,"N",TRUE
3666,"N",0.021770927593656,"N",TRUE
3661,"N",0.011439112526623,"N",TRUE
3655,"N",5.95284235670769e-09,"N",TRUE
3654,"N",0.00284342342113596,"N",TRUE
3653,"N",0.025007027116753,"N",TRUE
3650,"Y",0.0375353684141078,"N",FALSE
3649,"N",0.512708824699544,"Y",FALSE
3648,"N",0.00115348835200774,"N",TRUE
3646,"N",0.00189009301984732,"N",TRUE
3640,"N",0.00664084733393662,"N",TRUE
3631,"N",0.0253615824839835,"N",TRUE
3630,"N",0.00490431909964996,"N",TRUE
3625,"N",0.00817957660369694,"N",TRUE
3621,"Y",0.824583641653964,"Y",TRUE
3617,"N",1.55612101019651e-09,"N",TRUE
3615,"N",0.000819201026522013,"N",TRUE
3609,"N",0.12284154256297,"N",TRUE
3598,"N",0.465693451438056,"Y",FALSE
3596,"N",2.1883237295677e-10,"N",TRUE
3592,"N",0.112741985461127,"N",TRUE
3591,"Y",0.58038292353898,"Y",TRUE
3585,"N",0.0528057001369725,"N",TRUE
3695,"N",4.07217061650359e-10,"N",TRUE
3693,"Y",0.595886872318845,"Y",TRUE
3690,"N",0.028922108349289,"N",TRUE
3688,"Y",0.993045130906366,"Y",TRUE
3714,"N",0.0422197710365111,"N",TRUE
3709,"Y",0.979305521096387,"Y",TRUE
3708,"N",0.253941718545251,"N",TRUE
3704,"Y",0.984872946361175,"Y",TRUE
3703,"N",0.266196012900659,"N",TRUE
3702,"N",0.0372755329520591,"N",TRUE
3818,"N",1.29200376834279e-10,"N",TRUE
3815,"N",0.0432063516990483,"N",TRUE
3810,"N",4.12705025268452e-09,"N",TRUE
3791,"N",0.00200144417620459,"N",TRUE
3788,"Y",0.342934180149695,"N",FALSE
3786,"Y",0.800155525001082,"Y",TRUE
3783,"N",0.351207357601069,"N",TRUE
3781,"Y",0.945920221046745,"Y",TRUE
3774,"Y",0.586859670500718,"Y",TRUE
3773,"N",0.00130442380527659,"N",TRUE
3770,"N",0.102701895211164,"N",TRUE
3768,"N",0.0168703451965194,"N",TRUE
3766,"N",0.00820066163881422,"N",TRUE
3765,"Y",0.110773791398093,"N",FALSE
3764,"N",0.0327190770160692,"N",TRUE
3763,"N",0.209448583231797,"N",TRUE
3760,"N",0.282803775694269,"N",TRUE
3757,"N",0.00427108742923401,"N",TRUE
3754,"N",0.0278396644252719,"N",TRUE
3750,"Y",0.748678527327039,"Y",TRUE
3748,"N",0.00978650471250512,"N",TRUE
3746,"N",0.0118580957129658,"N",TRUE
3745,"Y",0.898583224109886,"Y",TRUE
3744,"N",0.0498577723911016,"N",TRUE
3743,"Y",0.158339856372612,"N",FALSE
3740,"N",0.041272695128949,"N",TRUE
3738,"N",0.00623135788701066,"N",TRUE
3725,"Y",0.540604306930946,"Y",TRUE
3724,"N",0.0114421634231317,"N",TRUE
3723,"N",0.0242794368810989,"N",TRUE
3720,"N",0.0657714074987503,"N",TRUE
3903,"N",0.0179061235414471,"N",TRUE
3902,"N",0.0173398326761448,"N",TRUE
3900,"N",0.0420644278516679,"N",TRUE
3901,"Y",0.299202935897844,"N",FALSE
3899,"N",7.4210259161449e-09,"N",TRUE
3898,"N",0.00332761839300261,"N",TRUE
3897,"N",0.0297097562060539,"N",TRUE
3896,"N",0.0668588155291919,"N",TRUE
3894,"Y",0.716688926744471,"Y",TRUE
3889,"N",7.72797543037195e-10,"N",TRUE
3885,"N",2.22044604925031e-16,"N",TRUE
3882,"Y",0.0463079891845662,"N",FALSE
3881,"N",0.161377263391717,"N",TRUE
3875,"N",0.629610717835648,"Y",FALSE
3873,"Y",0.885712519694971,"Y",TRUE
3869,"Y",0.777736164299394,"Y",TRUE
3864,"N",0.0504312918854845,"N",TRUE
3854,"N",0.00271410496700909,"N",TRUE
3851,"Y",0.361836956220344,"N",FALSE
3840,"N",0.169720192094467,"N",TRUE
3837,"Y",0.806054558421048,"Y",TRUE
3835,"Y",0.874489592625387,"Y",TRUE
3834,"N",0.0643494331813464,"N",TRUE
3830,"N",0.000254454755404936,"N",TRUE
3829,"N",0.0344184844757461,"N",TRUE
3823,"Y",0.870167878528784,"Y",TRUE
3821,"N",0.0412971035002563,"N",TRUE
4017,"N",5.794297407042e-10,"N",TRUE
4014,"N",8.06794796769779e-11,"N",TRUE
4009,"N",0.0850763136235204,"N",TRUE
4008,"N",0.50662495725994,"Y",FALSE
4007,"N",0.16304075714796,"N",TRUE
4003,"N",0.044986807778663,"N",TRUE
3993,"N",0.11904532766314,"N",TRUE
3992,"N",0.000670993186643059,"N",TRUE
3991,"N",0.00155528901590286,"N",TRUE
3984,"N",0.0113034117093028,"N",TRUE
3983,"Y",0.856769712748128,"Y",TRUE
3982,"N",1.04491599093286e-09,"N",TRUE
3980,"N",0.0148939668395748,"N",TRUE
3979,"N",0.0428047437637612,"N",TRUE
3976,"Y",0.203784627725421,"N",FALSE
3972,"N",0.0204782170774054,"N",TRUE
3971,"N",0.0481691941475579,"N",TRUE
3970,"N",0.00132906314282224,"N",TRUE
3969,"N",0.301033803449072,"N",TRUE
3966,"Y",0.597672180154641,"Y",TRUE
3964,"N",0.0546208770489705,"N",TRUE
3961,"Y",0.48185233351729,"Y",TRUE
3960,"Y",0.243765065357004,"N",FALSE
3959,"N",0.00556439800652624,"N",TRUE
3954,"N",0.0541812437861552,"N",TRUE
3950,"N",2.22044604925031e-16,"N",TRUE
3948,"N",0.104777880606768,"N",TRUE
3946,"N",0.262860037176976,"N",TRUE
3945,"N",0.157617204726391,"N",TRUE
3943,"N",0.00276505304190729,"N",TRUE
3939,"N",0.0307955996531659,"N",TRUE
3936,"N",0.00304800558910643,"N",TRUE
3933,"N",0.0929354236885035,"N",TRUE
3932,"N",0.131195286524733,"N",TRUE
3929,"N",0.0501218370596788,"N",TRUE
3928,"N",0.0555956904340071,"N",TRUE
3927,"Y",0.922369693200788,"Y",TRUE
3921,"Y",0.932551115450805,"Y",TRUE
4117,"N",2.85599528768362e-10,"N",TRUE
4116,"N",0.0019649554488139,"N",TRUE
4114,"N",0.0213656970959294,"N",TRUE
4105,"N",0.0776200129465628,"N",TRUE
4104,"N",0.0860531606406404,"N",TRUE
4103,"N",0.0358299518910355,"N",TRUE
4101,"N",1.39775556343752e-08,"N",TRUE
4100,"N",0.0461080951486387,"N",TRUE
4099,"N",0.00205313638065241,"N",TRUE
4098,"N",2.15420286554704e-10,"N",TRUE
4095,"N",0.0140276449517913,"N",TRUE
4090,"Y",0.330056483022448,"N",FALSE
4084,"N",0.0796190517324785,"N",TRUE
4074,"Y",0.594284900320743,"Y",TRUE
4069,"N",0.00352241893282339,"N",TRUE
4054,"N",0.0752855219107468,"N",TRUE
4053,"N",0.111346631772099,"N",TRUE
4052,"N",0.0244627920493897,"N",TRUE
4040,"N",0.0252331324565466,"N",TRUE
4038,"N",0.179549581235628,"N",TRUE
4034,"N",0.0158428480568122,"N",TRUE
4031,"N",0.0353316401302016,"N",TRUE
4030,"N",0.0108188891101542,"N",TRUE
4028,"N",0.121611888265882,"N",TRUE
4023,"N",0.00604811672180255,"N",TRUE
4021,"N",0.0069873953295432,"N",TRUE
4212,"N",6.78673356001735e-10,"N",TRUE
4208,"N",0.0279518760199384,"N",TRUE
4204,"N",0.00214936746037554,"N",TRUE
4189,"Y",0.651281749300463,"Y",TRUE
4188,"N",0.012576169933855,"N",TRUE
4186,"N",0.0301746330624201,"N",TRUE
4184,"N",0.0140105011557067,"N",TRUE
4182,"N",0.000684324350901562,"N",TRUE
4180,"N",0.0631882825506842,"N",TRUE
4177,"N",0.741385703101694,"Y",FALSE
4175,"N",0.0246112582735883,"N",TRUE
4174,"N",0.00770470085922466,"N",TRUE
4173,"Y",0.358596418798953,"N",FALSE
4171,"Y",0.623600845931549,"Y",TRUE
4170,"N",0.0286346712416731,"N",TRUE
4167,"Y",0.951926393987166,"Y",TRUE
4164,"N",0.00898913319881086,"N",TRUE
4163,"N",0.0182248004025959,"N",TRUE
4158,"N",0.0607558149765728,"N",TRUE
4157,"Y",0.641718964919034,"Y",TRUE
4154,"Y",0.854232562799441,"Y",TRUE
4153,"N",0.0159149666314321,"N",TRUE
4152,"N",0.0430211274695365,"N",TRUE
4143,"N",0.08203063075697,"N",TRUE
4137,"N",0.00521926852290418,"N",TRUE
4134,"N",0.837757938336982,"Y",FALSE
4132,"N",0.0098298532611277,"N",TRUE
4131,"N",0.0714618433071991,"N",TRUE
4130,"N",0.000314533160837004,"N",TRUE
4129,"N",0.012642584773676,"N",TRUE
4125,"N",0.184704515364278,"N",TRUE
4229,"N",0.00801444113294789,"N",TRUE
4228,"N",2.51078991590941e-09,"N",TRUE
4227,"N",0.163132161678402,"N",TRUE
4221,"N",0.178367246451625,"N",TRUE
4219,"N",0.222170834395385,"N",TRUE
4251,"N",2.27741204809187e-09,"N",TRUE
4247,"N",0.0846913246049887,"N",TRUE
4245,"N",9.91153576889799e-09,"N",TRUE
4244,"N",0.236901861393228,"N",TRUE
4237,"N",0.203466051857095,"N",TRUE
4233,"Y",0.84143932839518,"Y",TRUE
4342,"N",5.27120079248373e-10,"N",TRUE
4340,"N",3.63460731096076e-10,"N",TRUE
4339,"N",1.15270656419507e-09,"N",TRUE
4337,"N",4.655065400452e-08,"N",TRUE
4333,"Y",0.908914642600483,"Y",TRUE
4331,"N",0.236252421368551,"N",TRUE
4330,"N",0.00973852137146692,"N",TRUE
4327,"N",0.103763976884057,"N",TRUE
4325,"N",0.00533468321666857,"N",TRUE
4322,"N",7.0482143213416e-09,"N",TRUE
4321,"N",0.0358215015109772,"N",TRUE
4315,"N",0.100750829795292,"N",TRUE
4295,"N",0.586169801005787,"Y",FALSE
4293,"N",0.00091698054476396,"N",TRUE
4292,"N",0.0363877300067543,"N",TRUE
4291,"N",0.528027569497836,"Y",FALSE
4275,"N",0.034986454154646,"N",TRUE
4274,"N",0.0293571684227954,"N",TRUE
4268,"N",6.83440184619698e-10,"N",TRUE
4267,"N",0.406502382504393,"Y",FALSE
4266,"Y",0.764230324134476,"Y",TRUE
4264,"N",0.0617167452450349,"N",TRUE
4263,"N",0.0661536626609399,"N",TRUE
4261,"N",0.181570707361067,"N",TRUE
4436,"N",2.13023609168302e-10,"N",TRUE
4432,"N",1.00541915866233e-10,"N",TRUE
4430,"N",0.0414173096587718,"N",TRUE
4429,"N",0.0197980492746218,"N",TRUE
4425,"N",0.0215844855471863,"N",TRUE
4423,"N",1.12904868648134e-09,"N",TRUE
4422,"N",0.0989584496638518,"N",TRUE
4418,"N",0.0153757707086354,"N",TRUE
4417,"N",5.41541333084152e-11,"N",TRUE
4415,"Y",0.196518013629914,"N",FALSE
4414,"N",0.0805039089920525,"N",TRUE
4410,"N",0.00460257639587973,"N",TRUE
4408,"N",0.0944945667463715,"N",TRUE
4407,"N",0.0261983953323073,"N",TRUE
4403,"N",0.0388688290978491,"N",TRUE
4402,"N",0.000555212910673946,"N",TRUE
4401,"N",0.0439320784683932,"N",TRUE
4400,"N",1.01064714917492e-09,"N",TRUE
4399,"N",0.0355146231412781,"N",TRUE
4397,"N",0.670725279680544,"Y",FALSE
4395,"N",0.00738832308286024,"N",TRUE
4388,"N",0.0535808098080152,"N",TRUE
4387,"Y",0.585052906570402,"Y",TRUE
4384,"N",0.0657907499456068,"N",TRUE
4383,"N",0.0166631126460556,"N",TRUE
4379,"Y",0.983178876442893,"Y",TRUE
4377,"N",0.860856088037919,"Y",FALSE
4376,"N",0.0968869482129154,"N",TRUE
4372,"Y",0.872169021502615,"Y",TRUE
4368,"N",0.00147298308097296,"N",TRUE
4367,"Y",0.510553152051712,"Y",TRUE
4364,"Y",0.0976153036751447,"N",FALSE
4362,"Y",0.882762007065496,"Y",TRUE
4358,"N",0.0101232517128409,"N",TRUE
4356,"N",0.104176235150456,"N",TRUE
4355,"N",0.0944807076598771,"N",TRUE
4349,"N",0.134122908348002,"N",TRUE
4347,"N",0.148034706513841,"N",TRUE
4346,"Y",0.954577055067443,"Y",TRUE
4534,"N",0.761136236784468,"Y",FALSE
4532,"N",0.197099761308013,"N",TRUE
4522,"N",0.104598129175877,"N",TRUE
4515,"N",0.00500003487989405,"N",TRUE
4513,"N",0.00315287528059949,"N",TRUE
4507,"N",0.0904409916304598,"N",TRUE
4504,"N",0.291372382208321,"N",TRUE
4493,"Y",0.903306696934494,"Y",TRUE
4492,"N",0.000738368076459504,"N",TRUE
4489,"N",0.0219378932303497,"N",TRUE
4480,"N",0.0167881160607744,"N",TRUE
4477,"N",2.22044604925031e-16,"N",TRUE
4469,"N",0.0246087099452454,"N",TRUE
4467,"Y",0.692954192203182,"Y",TRUE
4465,"Y",0.548524376157368,"Y",TRUE
4464,"N",0.0509588244488466,"N",TRUE
4463,"N",0.00978855466377541,"N",TRUE
4460,"N",0.00911806033318496,"N",TRUE
4453,"N",0.0517683607532297,"N",TRUE
4452,"N",0.0411499071583073,"N",TRUE
4451,"Y",0.984672458856024,"Y",TRUE
4450,"N",0.0338244245107774,"N",TRUE
4629,"N",0.0164539672333836,"N",TRUE
4623,"N",1.24985601721895e-08,"N",TRUE
4621,"N",0.0840610630259123,"N",TRUE
4620,"N",0.0540723783413541,"N",TRUE
4619,"Y",0.720447304274123,"Y",TRUE
4608,"N",0.0371913688853503,"N",TRUE
4607,"N",0.00641224079021364,"N",TRUE
4606,"N",0.0761041999564958,"N",TRUE
4601,"N",9.61702166208276e-09,"N",TRUE
4600,"N",0.168822019951998,"N",TRUE
4597,"N",0.785545839050801,"Y",FALSE
4596,"N",0.205843673724835,"N",TRUE
4593,"Y",0.968924837473208,"Y",TRUE
4590,"N",0.154778561531431,"N",TRUE
4587,"Y",0.914224161110371,"Y",TRUE
4581,"N",0.0228877905014836,"N",TRUE
4577,"N",0.643660539986808,"Y",FALSE
4573,"N",0.0450862924268955,"N",TRUE
4572,"N",0.112914347469674,"N",TRUE
4571,"N",0.441787607532478,"Y",FALSE
4568,"N",0.0121173874620686,"N",TRUE
4559,"N",8.72570214914024e-10,"N",TRUE
4552,"N",0.131881996596241,"N",TRUE
4551,"N",0.215164888257818,"N",TRUE
4545,"N",0.0607504480808926,"N",TRUE
4541,"Y",0.867791744699669,"Y",TRUE
4539,"N",0.0725709940049654,"N",TRUE
4536,"N",4.18557329982942e-08,"N",TRUE
4535,"N",0.109219050406706,"N",TRUE
4714,"N",0.0379402373680494,"N",TRUE
4711,"N",0.0150784532488134,"N",TRUE
4710,"N",0.0487941209976393,"N",TRUE
4708,"N",0.0613255192237756,"N",TRUE
4706,"N",2.22044604925031e-16,"N",TRUE
4702,"N",0.175720969136769,"N",TRUE
4696,"N",0.187269328205434,"N",TRUE
4691,"N",0.00228021900111741,"N",TRUE
4689,"N",0.0499774642307959,"N",TRUE
4688,"N",0.400939210864225,"Y",FALSE
4685,"N",0.00542888386936207,"N",TRUE
4682,"N",0.360333186234602,"N",TRUE
4678,"N",0.00156514712158576,"N",TRUE
4677,"N",0.0483522261785973,"N",TRUE
4671,"N",0.0366804281109796,"N",TRUE
4668,"N",0.0116207893119757,"N",TRUE
4665,"N",0.00890296010264844,"N",TRUE
4664,"N",0.0933871014567358,"N",TRUE
4663,"N",0.0135574205354871,"N",TRUE
4660,"N",0.0393187954497164,"N",TRUE
4658,"N",0.0197020378740054,"N",TRUE
4657,"N",0.110456376296185,"N",TRUE
4656,"N",0.0221237532052345,"N",TRUE
4650,"N",0.359408703025944,"N",TRUE
4649,"N",0.00805053836389766,"N",TRUE
4648,"N",0.0610964194817088,"N",TRUE
4647,"Y",0.967335068515555,"Y",TRUE
4641,"N",0.000219083097642172,"N",TRUE
4640,"N",0.0271664295325578,"N",TRUE
4638,"N",0.118436702651605,"N",TRUE
4637,"N",0.0851768090225362,"N",TRUE
4636,"N",0.0109230379837125,"N",TRUE
4633,"N",0.174963995790154,"N",TRUE
4632,"Y",0.0909892306314825,"N",FALSE
4631,"N",0.644469615794588,"Y",FALSE
4630,"Y",0.963338272339891,"Y",TRUE
4731,"N",0.0233133057682367,"N",TRUE
4730,"N",0.492923149443564,"Y",FALSE
4729,"Y",0.932824556810759,"Y",TRUE
4726,"N",0.0553513336814123,"N",TRUE
4725,"Y",0.863943881369637,"Y",TRUE
4752,"N",0.483961129250216,"Y",FALSE
4751,"N",0.635033776726715,"Y",FALSE
4746,"N",0.0702105252144,"N",TRUE
4739,"Y",0.9881977698627,"Y",TRUE
4738,"N",0.400466310685301,"Y",FALSE
4735,"Y",0.152428970297486,"N",FALSE
4842,"N",0.0274240517005365,"N",TRUE
4837,"N",0.021148506665509,"N",TRUE
4834,"N",0.0907681628613734,"N",TRUE
4830,"N",0.0753094982306767,"N",TRUE
4829,"N",0.0611772613567694,"N",TRUE
4828,"N",0.0560520651083174,"N",TRUE
4824,"N",0.000124708922403977,"N",TRUE
4819,"Y",0.768202146047656,"Y",TRUE
4813,"N",0.0324137152378301,"N",TRUE
4810,"N",0.0192916636057598,"N",TRUE
4807,"N",0.0439902852378446,"N",TRUE
4806,"N",0.0349253346538536,"N",TRUE
4801,"N",0.0312812814086927,"N",TRUE
4800,"N",0.00595502665023236,"N",TRUE
4798,"N",0.0312266462301139,"N",TRUE
4793,"N",0.233524396561612,"N",TRUE
4792,"N",0.880192191077064,"Y",FALSE
4789,"N",0.0247150446277781,"N",TRUE
4785,"N",0.00584417536584344,"N",TRUE
4784,"N",0.116369936928948,"N",TRUE
4782,"Y",0.596179790974986,"Y",TRUE
4779,"N",0.0295655979206919,"N",TRUE
4778,"N",0.0969426829924791,"N",TRUE
4775,"Y",0.0531154372362668,"N",FALSE
4773,"N",0.000831143987139168,"N",TRUE
4771,"N",0.956491730280852,"Y",FALSE
4769,"N",0.102749189284017,"N",TRUE
4768,"N",0.0199168887230617,"N",TRUE
4763,"N",0.946481736523059,"Y",FALSE
4762,"N",0.131176287091657,"N",TRUE
4759,"N",0.0302644471464744,"N",TRUE
4758,"N",0.313850880037016,"N",TRUE
4757,"Y",0.177045419077995,"N",FALSE
4930,"N",4.10701087396049e-10,"N",TRUE
4921,"N",1.22774813343932e-08,"N",TRUE
4917,"N",0.164452620027192,"N",TRUE
4915,"N",0.0242606479542417,"N",TRUE
4911,"N",0.259162623417102,"N",TRUE
4907,"N",0.0717500673931487,"N",TRUE
4905,"N",1.52511329630781e-09,"N",TRUE
4893,"N",0.0160112018729005,"N",TRUE
4889,"N",0.322332445589909,"N",TRUE
4886,"N",0.000669420118573264,"N",TRUE
4885,"N",0.00628641667424887,"N",TRUE
4884,"N",0.011593784653625,"N",TRUE
4882,"N",0.983197228556363,"Y",FALSE
4881,"N",0.0385085986247879,"N",TRUE
4880,"N",0.0231527239053289,"N",TRUE
4874,"N",0.00429940592477079,"N",TRUE
4871,"N",0.00411224975483143,"N",TRUE
4870,"N",0.16702919745281,"N",TRUE
4869,"N",0.00510824597230699,"N",TRUE
4868,"N",0.255428180579836,"N",TRUE
4860,"N",0.062106106811198,"N",TRUE
4859,"N",0.100863053455751,"N",TRUE
4857,"N",0.0265489230323571,"N",TRUE
4856,"N",0.0625178812546962,"N",TRUE
4853,"N",0.542451428545375,"Y",FALSE
4848,"N",0.0991066232257132,"N",TRUE
4845,"N",0.658857883101081,"Y",FALSE
5013,"Y",0.937504057039095,"Y",TRUE
5010,"N",0.0921900148419839,"N",TRUE
5006,"N",0.074676549818689,"N",TRUE
5003,"N",0.0104081728338479,"N",TRUE
5001,"N",0.0296868713728542,"N",TRUE
4997,"N",0.14077619832555,"N",TRUE
4991,"N",5.78085498562986e-09,"N",TRUE
4987,"N",0.54728077858065,"Y",FALSE
4983,"N",0.00436475783969724,"N",TRUE
4979,"N",0.302519932152313,"N",TRUE
4976,"N",0.0333860734298911,"N",TRUE
4975,"N",0.978545953941179,"Y",FALSE
4971,"Y",0.760222767368101,"Y",TRUE
4961,"Y",0.491422443645646,"Y",TRUE
4958,"N",0.00589299527343145,"N",TRUE
4957,"Y",0.757516074854467,"Y",TRUE
4955,"N",0.303220310316363,"N",TRUE
4953,"N",0.00813976017895653,"N",TRUE
4942,"N",0.0529785577732441,"N",TRUE
4939,"Y",0.94836747645794,"Y",TRUE
4934,"N",0.017305791946781,"N",TRUE
5118,"N",0.0105258324506424,"N",TRUE
5113,"N",1.50777829828536e-08,"N",TRUE
5110,"N",0.0469404572377889,"N",TRUE
5109,"N",0.0676276608037363,"N",TRUE
5108,"N",0.056443642149783,"N",TRUE
5107,"N",0.0433502550614372,"N",TRUE
5104,"N",3.09313762016843e-10,"N",TRUE
5102,"N",2.89927994859106e-09,"N",TRUE
5101,"Y",0.812396150922753,"Y",TRUE
5086,"N",0.0140498804563742,"N",TRUE
5085,"N",0.0201755854234904,"N",TRUE
5082,"N",7.88573739139439e-10,"N",TRUE
5072,"N",0.0217547275825417,"N",TRUE
5071,"N",0.0716273244035559,"N",TRUE
5067,"Y",0.52868694389121,"Y",TRUE
5058,"Y",0.0313773605013592,"N",FALSE
5053,"N",3.75953398529921e-09,"N",TRUE
5047,"N",0.0288466477474214,"N",TRUE
5044,"N",0.000181054664996862,"N",TRUE
5043,"N",0.0240128869876891,"N",TRUE
5041,"N",0.046927352463818,"N",TRUE
5039,"N",0.0242153562836605,"N",TRUE
5036,"N",0.0229268210856901,"N",TRUE
5034,"N",0.0150520932688091,"N",TRUE
5032,"N",0.00415271603077783,"N",TRUE
5031,"N",0.0505113471210656,"N",TRUE
5024,"N",0.127972113751653,"N",TRUE
5022,"N",0.13850850102608,"N",TRUE
5021,"Y",0.91828666545638,"Y",TRUE
5018,"N",0.111447209195257,"N",TRUE
5017,"Y",0.849919404933091,"Y",TRUE
5016,"N",0.00824755034240061,"N",TRUE
5204,"N",0.0120160950402822,"N",TRUE
5201,"N",0.11063095713235,"N",TRUE
5199,"N",2.80456695610922e-09,"N",TRUE
5197,"N",0.00371667508007727,"N",TRUE
5196,"N",0.00436765409688068,"N",TRUE
5183,"N",1.97421879959365e-09,"N",TRUE
5174,"N",0.00288165104732237,"N",TRUE
5170,"Y",0.936187821725271,"Y",TRUE
5165,"N",0.0137794477808032,"N",TRUE
5162,"N",0.00156125196401694,"N",TRUE
5158,"N",0.00688150108637298,"N",TRUE
5153,"Y",0.689191812991963,"Y",TRUE
5150,"N",0.0914770212041618,"N",TRUE
5149,"N",0.0238157317142413,"N",TRUE
5144,"N",0.923495111093769,"Y",FALSE
5143,"N",0.0310675760451722,"N",TRUE
5139,"N",0.373367675631815,"N",TRUE
5137,"N",0.00203063721276939,"N",TRUE
5136,"N",0.0428099947012818,"N",TRUE
5134,"Y",0.60547940233455,"Y",TRUE
5132,"N",0.0559691609191658,"N",TRUE
5130,"Y",0.837812451764546,"Y",TRUE
5126,"N",0.13264368883948,"N",TRUE
5123,"N",0.0634225797416491,"N",TRUE
5206,"Y",0.911810142578699,"Y",TRUE
5231,"N",0.00946001123575788,"N",TRUE
5227,"N",0.164048378959294,"N",TRUE
5225,"N",2.56396537113598e-09,"N",TRUE
5221,"Y",0.989183997109726,"Y",TRUE
5218,"Y",0.230707298763318,"N",FALSE
5217,"N",0.322312451192689,"N",TRUE
5216,"Y",0.211622743145309,"N",FALSE
5215,"N",0.341212867615998,"N",TRUE
5327,"N",4.39840559179382e-10,"N",TRUE
5325,"Y",0.258045623064561,"N",FALSE
5324,"N",0.0430880895046635,"N",TRUE
5322,"N",6.22574637915163e-11,"N",TRUE
5319,"N",0.0263410025771278,"N",TRUE
5313,"N",0.0270495415542187,"N",TRUE
5308,"N",0.00508080468806011,"N",TRUE
5305,"Y",0.389700584455115,"N",FALSE
5302,"N",0.00187594039044171,"N",TRUE
5295,"N",2.04180198246738e-09,"N",TRUE
5284,"N",0.00875926621081018,"N",TRUE
5282,"N",0.0110602930600129,"N",TRUE
5273,"N",0.0674315931390762,"N",TRUE
5272,"N",0.0120527010577152,"N",TRUE
5270,"N",0.024700602465891,"N",TRUE
5269,"N",0.00834123628016429,"N",TRUE
5261,"N",0.0320513458069934,"N",TRUE
5257,"N",0.0191714668943312,"N",TRUE
5252,"N",0.0227715606925322,"N",TRUE
5249,"Y",0.856675211328958,"Y",TRUE
5247,"N",0.000278555965324663,"N",TRUE
5246,"N",0.0439786925219003,"N",TRUE
5244,"N",0.916911654562221,"Y",FALSE
5241,"N",0.0749396784038138,"N",TRUE
5239,"Y",0.17405277894317,"N",FALSE
5403,"N",0.0698178429847258,"N",TRUE
5399,"N",0.0141017371322904,"N",TRUE
5397,"N",0.035443406554721,"N",TRUE
5395,"Y",0.0503570072378462,"N",FALSE
5394,"N",0.017992722485983,"N",TRUE
5391,"N",1.0261088039726e-09,"N",TRUE
5387,"Y",0.409176910719402,"Y",TRUE
5386,"N",0.127820568812986,"N",TRUE
5383,"N",0.00866783007501733,"N",TRUE
5378,"N",0.0160882106604557,"N",TRUE
5377,"N",0.0336322767398221,"N",TRUE
5376,"N",0.184699231452285,"N",TRUE
5375,"N",0.0167717342884723,"N",TRUE
5372,"N",0.248595530646917,"N",TRUE
5371,"N",0.00116616202817,"N",TRUE
5369,"N",0.000927075242396573,"N",TRUE
5367,"N",0.816178300041601,"Y",FALSE
5366,"N",0.00123100070891521,"N",TRUE
5362,"N",0.00598598815228932,"N",TRUE
5356,"N",0.012203549773968,"N",TRUE
5354,"Y",0.432409008703407,"Y",TRUE
5349,"Y",0.944824343976962,"Y",TRUE
5342,"Y",0.143282868938108,"N",FALSE
5336,"N",0.000367345266027037,"N",TRUE
5335,"N",0.0369494683491253,"N",TRUE
5334,"N",0.0525864009827862,"N",TRUE
5332,"N",0.102602078558033,"N",TRUE
5329,"Y",0.929225561188985,"Y",TRUE
5496,"N",1.38637833866853e-09,"N",TRUE
5495,"N",1.19838220697445e-10,"N",TRUE
5489,"N",0.0180757560042051,"N",TRUE
5486,"Y",2.57709674263123e-09,"N",FALSE
5483,"N",0.0308410511424735,"N",TRUE
5482,"N",0.0492643200318916,"N",TRUE
5479,"N",0.0616905186533911,"N",TRUE
5476,"N",8.33306818936798e-10,"N",TRUE
5470,"N",0.264810546617103,"N",TRUE
5469,"N",0.049779870810322,"N",TRUE
5464,"N",1.04243416696824e-09,"N",TRUE
5457,"N",0.116174339576098,"N",TRUE
5456,"Y",0.140444155067192,"N",FALSE
5454,"N",0.0779449667588622,"N",TRUE
5453,"N",0.0668615108468622,"N",TRUE
5451,"N",0.0119123654801339,"N",TRUE
5446,"N",0.292970164186366,"N",TRUE
5445,"Y",0.924724968879681,"Y",TRUE
5429,"N",0.0318176635630557,"N",TRUE
5426,"Y",0.639714061035219,"Y",TRUE
5424,"N",0.296498617555049,"N",TRUE
5423,"Y",0.714767731904266,"Y",TRUE
5422,"N",0.121051040653954,"N",TRUE
5419,"N",0.0142959228242548,"N",TRUE
5410,"Y",0.964985017209063,"Y",TRUE
5596,"N",4.1307472224754e-10,"N",TRUE
5595,"N",0.241459304503262,"N",TRUE
5592,"N",1.60370895597697e-10,"N",TRUE
5583,"N",0.0168384370150227,"N",TRUE
5580,"N",0.0876082228869902,"N",TRUE
5579,"N",0.00854285407931854,"N",TRUE
5576,"N",1.24550984382664e-08,"N",TRUE
5574,"N",5.39491310167337e-10,"N",TRUE
5573,"Y",0.0832840094181427,"N",FALSE
5570,"N",0.0844059664417594,"N",TRUE
5569,"N",0.0602132514123025,"N",TRUE
5568,"Y",0.753214532993334,"Y",TRUE
5565,"Y",0.945651403194036,"Y",TRUE
5563,"N",0.712671543324659,"Y",FALSE
5555,"N",0.0194781290088,"N",TRUE
5551,"N",1.83302909600198e-08,"N",TRUE
5547,"N",0.000778776050366146,"N",TRUE
5544,"N",0.00541800001946834,"N",TRUE
5543,"N",0.0376692237064173,"N",TRUE
5539,"N",0.041992739788677,"N",TRUE
5536,"Y",0.939428729458616,"Y",TRUE
5525,"N",2.18890291716275e-08,"N",TRUE
5524,"N",0.147643898273114,"N",TRUE
5523,"N",0.914978053378814,"Y",FALSE
5521,"Y",0.792414221483531,"Y",TRUE
5517,"N",0.0280010252124846,"N",TRUE
5511,"N",0.0601520781922767,"N",TRUE
5509,"N",0.00940487947301275,"N",TRUE
5508,"N",0.0224708193249993,"N",TRUE
5506,"N",0.0392424679028094,"N",TRUE
5502,"Y",0.993051395245619,"Y",TRUE
5686,"N",1.61438012354309e-10,"N",TRUE
5682,"N",0.0485363156161549,"N",TRUE
5681,"N",0.104750520649223,"N",TRUE
5680,"N",0.0405479481350007,"N",TRUE
5673,"N",0.0365556347491241,"N",TRUE
5665,"Y",0.53202663621857,"Y",TRUE
5663,"N",0.0319089697342917,"N",TRUE
5658,"Y",0.847185644320763,"Y",TRUE
5659,"Y",0.854497309953718,"Y",TRUE
5657,"N",0.010582452199484,"N",TRUE
5652,"N",0.0262287541653964,"N",TRUE
5650,"N",0.0156251786786264,"N",TRUE
5646,"N",0.0592493800899116,"N",TRUE
5645,"Y",0.69954300746138,"Y",TRUE
5640,"N",0.0544994496718092,"N",TRUE
5637,"N",0.00753792487888941,"N",TRUE
5636,"Y",0.95423318367266,"Y",TRUE
5634,"N",0.0113521825473074,"N",TRUE
5627,"N",0.039312485600469,"N",TRUE
5625,"N",0.484108040067095,"Y",FALSE
5624,"N",0.0341254244101444,"N",TRUE
5622,"N",0.0803544526559051,"N",TRUE
5619,"Y",0.192147490526939,"N",FALSE
5608,"N",0.0602111467131719,"N",TRUE
5606,"N",0.383529143446361,"N",TRUE
5605,"N",0.0804714791130105,"N",TRUE
5603,"N",0.000220952804083567,"N",TRUE
5600,"N",0.0444081905575154,"N",TRUE
5599,"N",0.119759353753589,"N",TRUE
5702,"N",0.0043564086357558,"N",TRUE
5701,"Y",0.242135625258346,"N",FALSE
5700,"N",0.00368324170240659,"N",TRUE
5696,"N",0.497654650021468,"Y",FALSE
5692,"Y",0.878465126974153,"Y",TRUE
5691,"Y",0.716245516623219,"Y",TRUE
5716,"Y",0.0892186160019934,"N",FALSE
5714,"N",4.45897234943322e-09,"N",TRUE
5713,"N",0.143177674186743,"N",TRUE
5818,"N",2.66080174088846e-10,"N",TRUE
5816,"N",0.169206876059628,"N",TRUE
5811,"N",0.0566798586809916,"N",TRUE
5810,"N",2.49381224657044e-08,"N",TRUE
5806,"N",0.0260725595171839,"N",TRUE
5803,"N",0.0447417484476045,"N",TRUE
5797,"N",3.30836754922522e-09,"N",TRUE
5796,"N",0.0270852083243252,"N",TRUE
5793,"N",0.0321378762107233,"N",TRUE
5792,"N",0.0026712113923075,"N",TRUE
5791,"N",0.0792388605905307,"N",TRUE
5790,"N",0.125003274655768,"N",TRUE
5788,"N",0.0204590714306795,"N",TRUE
5785,"N",0.0368556354551028,"N",TRUE
5784,"N",0.0254044171839316,"N",TRUE
5780,"N",0.102940908134711,"N",TRUE
5779,"N",0.00413593466108673,"N",TRUE
5776,"N",0.0568487505867248,"N",TRUE
5774,"N",0.036112021437788,"N",TRUE
5770,"N",0.00413897830573215,"N",TRUE
5765,"Y",0.591407008183982,"Y",TRUE
5761,"N",0.170866997715202,"N",TRUE
5759,"N",0.149938040397419,"N",TRUE
5756,"Y",0.962562721973229,"Y",TRUE
5755,"N",0.0229925730231928,"N",TRUE
5748,"N",0.00606576065540142,"N",TRUE
5747,"N",0.0495917915680026,"N",TRUE
5738,"N",0.000316057361646779,"N",TRUE
5737,"N",0.0252457894688267,"N",TRUE
5731,"N",0.355445448643214,"N",TRUE
5729,"N",0.455302287347793,"Y",FALSE
5723,"Y",0.902858402960134,"Y",TRUE
5722,"N",0.145856589213601,"N",TRUE
5901,"N",4.3518499944326e-10,"N",TRUE
5900,"N",2.97215620549597e-11,"N",TRUE
5894,"N",0.0285679467647334,"N",TRUE
5893,"N",6.80307108754116e-11,"N",TRUE
5892,"N",0.0377032479015782,"N",TRUE
5891,"N",0.0871989996267558,"N",TRUE
5887,"N",0.0145630494607727,"N",TRUE
5885,"N",0.0117876374412782,"N",TRUE
5883,"N",0.0397047861127443,"N",TRUE
5880,"N",0.0300448823013577,"N",TRUE
5878,"N",0.0205409652194203,"N",TRUE
5876,"N",0.0260747133317166,"N",TRUE
5873,"N",0.0172378067210485,"N",TRUE
5868,"Y",0.690458493242947,"Y",TRUE
5866,"N",0.0166146332888657,"N",TRUE
5861,"N",0.0252634848786835,"N",TRUE
5859,"Y",0.892756888268456,"Y",TRUE
5855,"Y",0.805797549754496,"Y",TRUE
5852,"N",0.0871287810718561,"N",TRUE
5847,"N",0.313317104972285,"N",TRUE
5846,"N",0.00169888417834039,"N",TRUE
5845,"N",0.0353061811268408,"N",TRUE
5844,"N",0.0896917849411606,"N",TRUE
5843,"N",0.0068085352224832,"N",TRUE
5836,"N",0.0109386386607083,"N",TRUE
5834,"N",0.513602480492002,"Y",FALSE
5833,"N",0.0391774728989273,"N",TRUE
5830,"N",0.0569993276478822,"N",TRUE
5829,"N",0.0448105425594703,"N",TRUE
5828,"N",0.0208134361793869,"N",TRUE
5826,"N",0.0486760524973725,"N",TRUE
5825,"N",0.209422583805994,"N",TRUE
5821,"N",0.0552222678940943,"N",TRUE
5820,"N",0.104501510601561,"N",TRUE
5998,"Y",0.933100828026305,"Y",TRUE
5993,"N",7.30057669505917e-11,"N",TRUE
5992,"N",4.78063064268049e-10,"N",TRUE
5988,"N",0.0718535790670246,"N",TRUE
5984,"N",0.1404046127856,"N",TRUE
5979,"N",0.0145396863608607,"N",TRUE
5978,"N",0.0017423943626399,"N",TRUE
5977,"N",0.135949169940005,"N",TRUE
5974,"N",1.69734857395661e-09,"N",TRUE
5959,"Y",0.917950547749248,"Y",TRUE
5958,"Y",0.740912416481179,"Y",TRUE
5954,"N",0.00225534412991415,"N",TRUE
5953,"N",0.0154758963587848,"N",TRUE
5951,"N",0.119289139245159,"N",TRUE
5949,"N",0.00676371690138976,"N",TRUE
5943,"N",0.0342499955629568,"N",TRUE
5941,"N",0.0499173356790297,"N",TRUE
5938,"N",0.0167846010338333,"N",TRUE
5935,"N",0.0384348683162646,"N",TRUE
5932,"Y",0.973746680989954,"Y",TRUE
5929,"N",0.00353230159978581,"N",TRUE
5927,"N",0.0314998652029865,"N",TRUE
5926,"N",4.13559810997386e-09,"N",TRUE
5925,"Y",0.0298678044954318,"N",FALSE
5922,"N",0.134808102051509,"N",TRUE
5920,"N",0.0557935913483442,"N",TRUE
6090,"N",2.42145105858585e-10,"N",TRUE
6085,"N",0.0099661006075382,"N",TRUE
6083,"N",0.0460246445031695,"N",TRUE
6080,"N",0.0521066177438735,"N",TRUE
6079,"N",2.10285837434054e-08,"N",TRUE
6078,"N",0.0095037036440175,"N",TRUE
6064,"N",4.58994255925214e-10,"N",TRUE
6063,"Y",0.906202034080429,"Y",TRUE
6060,"N",0.0304701056215205,"N",TRUE
6055,"N",0.50352854782666,"Y",FALSE
6053,"N",0.250802656787051,"N",TRUE
6052,"N",0.227149762761061,"N",TRUE
6051,"N",0.00653099151101903,"N",TRUE
6045,"N",0.000776012319468524,"N",TRUE
6044,"N",0.0234953014985077,"N",TRUE
6040,"N",0.00388271016719057,"N",TRUE
6039,"Y",0.0635542708371146,"N",FALSE
6034,"N",0.0215979072842451,"N",TRUE
6033,"N",0.00328549821225136,"N",TRUE
6029,"N",0.0388384711967568,"N",TRUE
6026,"N",0.00507591845486499,"N",TRUE
6022,"Y",0.621647607908225,"Y",TRUE
6020,"N",0.00206719365084729,"N",TRUE
6019,"N",0.000185973448563103,"N",TRUE
6018,"N",0.000428650290048282,"N",TRUE
6017,"N",0.00343440978626486,"N",TRUE
6015,"N",0.0151156085210606,"N",TRUE
6014,"N",0.040530741204394,"N",TRUE
6013,"Y",0.497097449172149,"Y",TRUE
6009,"N",0.00289421066750761,"N",TRUE
6008,"N",0.0139391983570921,"N",TRUE
6006,"N",0.142935556931304,"N",TRUE
6001,"Y",0.934075485232386,"Y",TRUE
6196,"N",2.36693756075815e-10,"N",TRUE
6190,"N",0.0871856345405477,"N",TRUE
6186,"N",0.0509831611289395,"N",TRUE
6185,"N",3.16116837556704e-11,"N",TRUE
6182,"N",0.00987477998342611,"N",TRUE
6179,"N",0.0516912780296126,"N",TRUE
6177,"N",0.00285632243325813,"N",TRUE
6176,"N",0.0235900951953219,"N",TRUE
6174,"N",0.0364433844846161,"N",TRUE
6170,"N",0.107887802856477,"N",TRUE
6165,"N",0.392941134235326,"N",TRUE
6164,"N",0.0591024122800642,"N",TRUE
6163,"N",0.0334603469041203,"N",TRUE
6160,"N",0.00814412723182787,"N",TRUE
6156,"N",0.00328923667147329,"N",TRUE
6151,"N",0.00852850143842598,"N",TRUE
6149,"N",0.0813901113932464,"N",TRUE
6145,"N",0.0206051172424307,"N",TRUE
6143,"Y",0.512394168659316,"Y",TRUE
6140,"N",0.0143877859380671,"N",TRUE
6139,"N",0.0228619603977545,"N",TRUE
6132,"N",0.0525427911635478,"N",TRUE
6125,"N",0.00938057981706298,"N",TRUE
6117,"N",0.0266799329532679,"N",TRUE
6116,"N",0.00432519376525045,"N",TRUE
6204,"Y",0.87060582840355,"Y",TRUE
6203,"N",0.107168194383785,"N",TRUE
6200,"Y",0.971235807390544,"Y",TRUE
6220,"N",0.037250881757854,"N",TRUE
6212,"N",0.0356757225531666,"N",TRUE
6307,"N",3.29190629588109e-10,"N",TRUE
6304,"N",0.0575234689819888,"N",TRUE
6299,"N",2.36096523598182e-09,"N",TRUE
6298,"N",0.068621185770388,"N",TRUE
6284,"N",0.06059780971247,"N",TRUE
6276,"N",0.881430605340487,"Y",FALSE
6273,"N",0.0770647768307458,"N",TRUE
6270,"N",0.0109669608025429,"N",TRUE
6264,"N",0.0957974089696326,"N",TRUE
6260,"N",0.0163161387376339,"N",TRUE
6254,"N",0.457207953909285,"Y",FALSE
6253,"Y",0.890929818153628,"Y",TRUE
6252,"Y",0.510494671293688,"Y",TRUE
6246,"N",0.105392263881792,"N",TRUE
6241,"N",0.00703044783644025,"N",TRUE
6233,"N",0.198765912990753,"N",TRUE
6230,"N",0.0468979968543783,"N",TRUE
6229,"N",0.113431677846675,"N",TRUE
6383,"N",0.0190920699825974,"N",TRUE
6381,"N",8.84372625151322e-10,"N",TRUE
6379,"N",7.51619032754676e-09,"N",TRUE
6378,"N",0.0120891514878014,"N",TRUE
6377,"N",0.0276506656633044,"N",TRUE
6376,"N",0.0374634416962844,"N",TRUE
6375,"N",0.0595596628207776,"N",TRUE
6370,"Y",0.624820734886575,"Y",TRUE
6362,"N",0.00209396328738607,"N",TRUE
6357,"Y",0.521593252392421,"Y",TRUE
6356,"N",0.0125319658571733,"N",TRUE
6354,"Y",0.099836123150954,"N",FALSE
6350,"N",0.021934891486302,"N",TRUE
6349,"N",0.00195251650050725,"N",TRUE
6346,"Y",0.677656655836569,"Y",TRUE
6345,"Y",0.463684783138359,"Y",TRUE
6341,"N",0.0318369819460863,"N",TRUE
6336,"N",0.0127954814557709,"N",TRUE
6329,"N",0.08963732689489,"N",TRUE
6325,"N",0.0409469544001377,"N",TRUE
6314,"N",0.0349341673954136,"N",TRUE
6313,"Y",0.946371071053554,"Y",TRUE
6312,"N",0.0281380641425253,"N",TRUE
6448,"Y",0.765273905621855,"Y",TRUE
6445,"N",2.51918132464848e-09,"N",TRUE
6442,"N",1.31859457920802e-08,"N",TRUE
6438,"N",0.0340082224727414,"N",TRUE
6436,"N",0.0059490740653685,"N",TRUE
6435,"N",0.841204839090178,"Y",FALSE
6434,"N",0.0356895528489799,"N",TRUE
6430,"N",9.96127145095046e-10,"N",TRUE
6429,"N",0.174566093350447,"N",TRUE
6428,"N",0.00334625039859081,"N",TRUE
6427,"N",0.115073874031677,"N",TRUE
6426,"N",0.0083250005497357,"N",TRUE
6423,"N",0.0169413075614202,"N",TRUE
6419,"N",0.0175953315792157,"N",TRUE
6415,"Y",0.979642494121652,"Y",TRUE
6414,"N",0.0256914286381398,"N",TRUE
6412,"N",0.805504387108531,"Y",FALSE
6407,"N",0.0566793957375945,"N",TRUE
6406,"N",1.94111414876919e-09,"N",TRUE
6402,"N",0.00629837732092992,"N",TRUE
6401,"N",0.0400273997211411,"N",TRUE
6396,"N",0.050791354733847,"N",TRUE
6394,"N",0.0330303775598359,"N",TRUE
6392,"N",0.11594221799429,"N",TRUE
6390,"Y",0.0177115674549768,"N",FALSE
6387,"Y",1.41947054523296e-06,"N",FALSE
6385,"Y",0.97413664291394,"Y",TRUE
6473,"N",0.0232062821884533,"N",TRUE
6470,"N",0.00102350262677854,"N",TRUE
6469,"N",0.129952056076288,"N",TRUE
6467,"N",0.00876155820619767,"N",TRUE
6461,"N",0.0378286333053581,"N",TRUE
6459,"N",0.0532725145378172,"N",TRUE
6457,"Y",0.78138011713492,"Y",TRUE
6456,"N",0.00894524367711228,"N",TRUE
6455,"N",0.0584884726279161,"N",TRUE
6454,"Y",0.847479055351237,"Y",TRUE
6453,"N",0.0174489196422634,"N",TRUE
6507,"N",0.0282664748867276,"N",TRUE
6505,"N",0.0755904986971097,"N",TRUE
6501,"N",1.50635089502139e-08,"N",TRUE
6499,"N",0.0786813159519431,"N",TRUE
6496,"N",0.0338813403950304,"N",TRUE
6491,"N",0.0575872282211816,"N",TRUE
6489,"N",0.0398280864688173,"N",TRUE
6485,"N",0.0334667597395818,"N",TRUE
6483,"N",0.0260093557092741,"N",TRUE
6481,"N",0.189931361351237,"N",TRUE
6479,"N",0.960722302533802,"Y",FALSE
6478,"Y",0.91758842564523,"Y",TRUE
6514,"N",0.00192012633664478,"N",TRUE
6526,"Y",0.935726597694282,"Y",TRUE
6524,"N",0.0514938740019838,"N",TRUE
6522,"Y",0.900487562253126,"Y",TRUE
6520,"N",0.395843937610007,"N",TRUE
