"UniqueID","Popular.fctr","Popular.fctr.predict.All.X.glm.prob","Popular.fctr.predict.All.X.glm","Popular.fctr.predict.All.X.glm.accurate"
31,"N",2.22044604925031e-16,"N",TRUE
30,"N",2.22044604925031e-16,"N",TRUE
29,"N",2.22044604925031e-16,"N",TRUE
25,"N",2.22044604925031e-16,"N",TRUE
24,"N",2.22044604925031e-16,"N",TRUE
22,"N",2.22044604925031e-16,"N",TRUE
21,"N",2.22044604925031e-16,"N",TRUE
18,"N",2.22044604925031e-16,"N",TRUE
17,"N",1,"Y",FALSE
16,"Y",1,"Y",TRUE
12,"N",2.22044604925031e-16,"N",TRUE
9,"Y",1,"Y",TRUE
8,"Y",1,"Y",TRUE
4,"Y",2.22044604925031e-16,"N",FALSE
115,"N",2.22044604925031e-16,"N",TRUE
110,"N",2.22044604925031e-16,"N",TRUE
106,"N",2.22044604925031e-16,"N",TRUE
104,"Y",2.22044604925031e-16,"N",FALSE
100,"N",2.22044604925031e-16,"N",TRUE
99,"N",2.22044604925031e-16,"N",TRUE
96,"N",2.22044604925031e-16,"N",TRUE
95,"Y",2.22044604925031e-16,"N",FALSE
94,"N",2.22044604925031e-16,"N",TRUE
88,"N",2.22044604925031e-16,"N",TRUE
85,"Y",1,"Y",TRUE
83,"N",2.22044604925031e-16,"N",TRUE
76,"N",2.22044604925031e-16,"N",TRUE
73,"N",2.22044604925031e-16,"N",TRUE
72,"N",2.22044604925031e-16,"N",TRUE
68,"N",2.22044604925031e-16,"N",TRUE
57,"Y",1,"Y",TRUE
56,"Y",2.22044604925031e-16,"N",FALSE
55,"N",2.22044604925031e-16,"N",TRUE
52,"Y",1,"Y",TRUE
51,"N",2.22044604925031e-16,"N",TRUE
46,"N",2.22044604925031e-16,"N",TRUE
43,"N",2.22044604925031e-16,"N",TRUE
37,"Y",2.22044604925031e-16,"N",FALSE
35,"Y",1,"Y",TRUE
199,"N",2.22044604925031e-16,"N",TRUE
198,"N",2.22044604925031e-16,"N",TRUE
195,"N",2.22044604925031e-16,"N",TRUE
194,"N",2.22044604925031e-16,"N",TRUE
189,"N",2.22044604925031e-16,"N",TRUE
186,"N",2.22044604925031e-16,"N",TRUE
184,"N",2.22044604925031e-16,"N",TRUE
182,"N",2.22044604925031e-16,"N",TRUE
181,"N",2.22044604925031e-16,"N",TRUE
179,"N",2.22044604925031e-16,"N",TRUE
174,"N",2.22044604925031e-16,"N",TRUE
172,"Y",2.22044604925031e-16,"N",FALSE
170,"N",2.22044604925031e-16,"N",TRUE
167,"N",2.22044604925031e-16,"N",TRUE
163,"Y",2.22044604925031e-16,"N",FALSE
162,"N",2.22044604925031e-16,"N",TRUE
160,"N",2.22044604925031e-16,"N",TRUE
158,"N",2.22044604925031e-16,"N",TRUE
157,"Y",1,"Y",TRUE
156,"Y",1,"Y",TRUE
151,"N",2.22044604925031e-16,"N",TRUE
150,"N",2.22044604925031e-16,"N",TRUE
146,"N",2.22044604925031e-16,"N",TRUE
139,"Y",1,"Y",TRUE
135,"N",2.22044604925031e-16,"N",TRUE
134,"N",2.22044604925031e-16,"N",TRUE
126,"N",2.22044604925031e-16,"N",TRUE
301,"N",2.22044604925031e-16,"N",TRUE
299,"N",2.22044604925031e-16,"N",TRUE
294,"N",2.22044604925031e-16,"N",TRUE
290,"N",2.22044604925031e-16,"N",TRUE
284,"N",2.22044604925031e-16,"N",TRUE
281,"N",2.22044604925031e-16,"N",TRUE
279,"N",2.22044604925031e-16,"N",TRUE
277,"N",2.22044604925031e-16,"N",TRUE
272,"N",2.22044604925031e-16,"N",TRUE
270,"N",2.22044604925031e-16,"N",TRUE
265,"N",2.22044604925031e-16,"N",TRUE
263,"N",2.22044604925031e-16,"N",TRUE
260,"N",2.22044604925031e-16,"N",TRUE
256,"N",2.22044604925031e-16,"N",TRUE
252,"Y",1,"Y",TRUE
251,"N",2.22044604925031e-16,"N",TRUE
248,"N",2.22044604925031e-16,"N",TRUE
247,"N",2.22044604925031e-16,"N",TRUE
246,"N",2.22044604925031e-16,"N",TRUE
239,"N",2.22044604925031e-16,"N",TRUE
238,"Y",1,"Y",TRUE
237,"N",2.22044604925031e-16,"N",TRUE
230,"N",2.22044604925031e-16,"N",TRUE
226,"N",2.22044604925031e-16,"N",TRUE
224,"N",2.22044604925031e-16,"N",TRUE
222,"N",2.22044604925031e-16,"N",TRUE
218,"N",2.22044604925031e-16,"N",TRUE
216,"N",2.22044604925031e-16,"N",TRUE
214,"N",1,"Y",FALSE
202,"Y",1,"Y",TRUE
393,"Y",1,"Y",TRUE
392,"N",2.22044604925031e-16,"N",TRUE
390,"N",2.22044604925031e-16,"N",TRUE
389,"N",2.22044604925031e-16,"N",TRUE
382,"N",2.22044604925031e-16,"N",TRUE
367,"N",2.22044604925031e-16,"N",TRUE
361,"Y",1,"Y",TRUE
359,"N",2.22044604925031e-16,"N",TRUE
347,"N",2.22044604925031e-16,"N",TRUE
346,"N",2.22044604925031e-16,"N",TRUE
345,"Y",2.22044604925031e-16,"N",FALSE
343,"N",1,"Y",FALSE
340,"Y",1,"Y",TRUE
338,"Y",1,"Y",TRUE
335,"Y",1,"Y",TRUE
334,"N",2.22044604925031e-16,"N",TRUE
332,"N",2.22044604925031e-16,"N",TRUE
328,"N",2.22044604925031e-16,"N",TRUE
327,"Y",1,"Y",TRUE
323,"N",2.22044604925031e-16,"N",TRUE
318,"N",2.22044604925031e-16,"N",TRUE
306,"N",2.22044604925031e-16,"N",TRUE
303,"N",2.22044604925031e-16,"N",TRUE
417,"N",2.22044604925031e-16,"N",TRUE
416,"N",2.22044604925031e-16,"N",TRUE
415,"N",2.22044604925031e-16,"N",TRUE
411,"N",2.22044604925031e-16,"N",TRUE
407,"N",2.22044604925031e-16,"N",TRUE
405,"N",2.22044604925031e-16,"N",TRUE
400,"N",2.22044604925031e-16,"N",TRUE
396,"N",2.22044604925031e-16,"N",TRUE
395,"N",2.22044604925031e-16,"N",TRUE
447,"N",2.22044604925031e-16,"N",TRUE
443,"N",2.22044604925031e-16,"N",TRUE
442,"N",2.22044604925031e-16,"N",TRUE
437,"N",2.22044604925031e-16,"N",TRUE
436,"Y",2.22044604925031e-16,"N",FALSE
429,"N",2.22044604925031e-16,"N",TRUE
428,"N",2.22044604925031e-16,"N",TRUE
420,"Y",2.22044604925031e-16,"N",FALSE
419,"N",2.22044604925031e-16,"N",TRUE
418,"Y",2.22044604925031e-16,"N",FALSE
558,"N",2.22044604925031e-16,"N",TRUE
555,"N",2.22044604925031e-16,"N",TRUE
554,"Y",1,"Y",TRUE
552,"N",2.22044604925031e-16,"N",TRUE
551,"N",2.22044604925031e-16,"N",TRUE
549,"N",2.22044604925031e-16,"N",TRUE
548,"N",2.22044604925031e-16,"N",TRUE
547,"N",2.22044604925031e-16,"N",TRUE
544,"N",2.22044604925031e-16,"N",TRUE
543,"N",2.22044604925031e-16,"N",TRUE
539,"N",2.22044604925031e-16,"N",TRUE
537,"N",2.22044604925031e-16,"N",TRUE
534,"N",2.22044604925031e-16,"N",TRUE
532,"N",2.22044604925031e-16,"N",TRUE
531,"N",2.22044604925031e-16,"N",TRUE
530,"N",2.22044604925031e-16,"N",TRUE
529,"N",2.22044604925031e-16,"N",TRUE
526,"N",2.22044604925031e-16,"N",TRUE
525,"N",2.22044604925031e-16,"N",TRUE
524,"N",2.22044604925031e-16,"N",TRUE
521,"N",2.22044604925031e-16,"N",TRUE
517,"N",2.22044604925031e-16,"N",TRUE
513,"N",2.22044604925031e-16,"N",TRUE
510,"N",2.22044604925031e-16,"N",TRUE
508,"N",2.22044604925031e-16,"N",TRUE
507,"N",2.22044604925031e-16,"N",TRUE
502,"N",2.22044604925031e-16,"N",TRUE
501,"N",2.22044604925031e-16,"N",TRUE
499,"Y",1,"Y",TRUE
497,"N",2.22044604925031e-16,"N",TRUE
487,"N",2.22044604925031e-16,"N",TRUE
486,"N",2.22044604925031e-16,"N",TRUE
478,"N",2.22044604925031e-16,"N",TRUE
476,"N",2.22044604925031e-16,"N",TRUE
474,"N",2.22044604925031e-16,"N",TRUE
467,"N",2.22044604925031e-16,"N",TRUE
466,"N",2.22044604925031e-16,"N",TRUE
464,"N",2.22044604925031e-16,"N",TRUE
457,"N",2.22044604925031e-16,"N",TRUE
454,"N",2.22044604925031e-16,"N",TRUE
452,"Y",1,"Y",TRUE
450,"Y",2.22044604925031e-16,"N",FALSE
641,"Y",1,"Y",TRUE
640,"N",2.22044604925031e-16,"N",TRUE
639,"N",2.22044604925031e-16,"N",TRUE
633,"N",2.22044604925031e-16,"N",TRUE
630,"N",2.22044604925031e-16,"N",TRUE
627,"N",2.22044604925031e-16,"N",TRUE
625,"N",2.22044604925031e-16,"N",TRUE
619,"N",2.22044604925031e-16,"N",TRUE
617,"N",2.22044604925031e-16,"N",TRUE
616,"Y",1,"Y",TRUE
611,"N",2.22044604925031e-16,"N",TRUE
608,"N",2.22044604925031e-16,"N",TRUE
601,"Y",2.22044604925031e-16,"N",FALSE
598,"Y",2.22044604925031e-16,"N",FALSE
597,"N",2.22044604925031e-16,"N",TRUE
590,"N",2.22044604925031e-16,"N",TRUE
589,"N",2.22044604925031e-16,"N",TRUE
581,"N",2.22044604925031e-16,"N",TRUE
578,"Y",2.22044604925031e-16,"N",FALSE
575,"N",2.22044604925031e-16,"N",TRUE
574,"N",2.22044604925031e-16,"N",TRUE
572,"N",2.22044604925031e-16,"N",TRUE
567,"N",2.22044604925031e-16,"N",TRUE
565,"N",2.22044604925031e-16,"N",TRUE
564,"N",2.22044604925031e-16,"N",TRUE
746,"N",2.22044604925031e-16,"N",TRUE
744,"N",2.22044604925031e-16,"N",TRUE
739,"N",2.22044604925031e-16,"N",TRUE
738,"N",2.22044604925031e-16,"N",TRUE
734,"N",2.22044604925031e-16,"N",TRUE
733,"N",2.22044604925031e-16,"N",TRUE
729,"N",2.22044604925031e-16,"N",TRUE
727,"N",2.22044604925031e-16,"N",TRUE
726,"N",2.22044604925031e-16,"N",TRUE
725,"N",1,"Y",FALSE
722,"N",2.22044604925031e-16,"N",TRUE
721,"N",2.22044604925031e-16,"N",TRUE
720,"N",2.22044604925031e-16,"N",TRUE
715,"Y",1,"Y",TRUE
712,"N",2.22044604925031e-16,"N",TRUE
707,"Y",1,"Y",TRUE
704,"N",2.22044604925031e-16,"N",TRUE
702,"N",2.22044604925031e-16,"N",TRUE
701,"N",2.22044604925031e-16,"N",TRUE
697,"N",2.22044604925031e-16,"N",TRUE
695,"N",2.22044604925031e-16,"N",TRUE
687,"N",2.22044604925031e-16,"N",TRUE
685,"Y",2.22044604925031e-16,"N",FALSE
677,"N",2.22044604925031e-16,"N",TRUE
671,"N",2.22044604925031e-16,"N",TRUE
670,"N",2.22044604925031e-16,"N",TRUE
666,"N",2.22044604925031e-16,"N",TRUE
665,"N",2.22044604925031e-16,"N",TRUE
664,"N",1,"Y",FALSE
663,"N",2.22044604925031e-16,"N",TRUE
659,"N",2.22044604925031e-16,"N",TRUE
655,"N",2.22044604925031e-16,"N",TRUE
654,"Y",2.22044604925031e-16,"N",FALSE
653,"N",2.22044604925031e-16,"N",TRUE
652,"N",2.22044604925031e-16,"N",TRUE
649,"N",2.22044604925031e-16,"N",TRUE
835,"N",2.22044604925031e-16,"N",TRUE
833,"N",2.22044604925031e-16,"N",TRUE
830,"N",2.22044604925031e-16,"N",TRUE
827,"N",2.22044604925031e-16,"N",TRUE
825,"Y",2.22044604925031e-16,"N",FALSE
821,"N",2.22044604925031e-16,"N",TRUE
816,"N",2.22044604925031e-16,"N",TRUE
815,"Y",1,"Y",TRUE
814,"Y",2.22044604925031e-16,"N",FALSE
811,"N",1,"Y",FALSE
810,"N",2.22044604925031e-16,"N",TRUE
806,"N",2.22044604925031e-16,"N",TRUE
805,"N",2.22044604925031e-16,"N",TRUE
804,"N",2.22044604925031e-16,"N",TRUE
800,"N",2.22044604925031e-16,"N",TRUE
795,"N",2.22044604925031e-16,"N",TRUE
794,"N",2.22044604925031e-16,"N",TRUE
793,"N",2.22044604925031e-16,"N",TRUE
790,"N",2.22044604925031e-16,"N",TRUE
789,"N",2.22044604925031e-16,"N",TRUE
788,"N",2.22044604925031e-16,"N",TRUE
785,"N",1,"Y",FALSE
783,"N",2.22044604925031e-16,"N",TRUE
780,"N",2.22044604925031e-16,"N",TRUE
779,"Y",2.22044604925031e-16,"N",FALSE
778,"N",2.22044604925031e-16,"N",TRUE
771,"N",2.22044604925031e-16,"N",TRUE
770,"N",1,"Y",FALSE
768,"N",2.22044604925031e-16,"N",TRUE
767,"N",2.22044604925031e-16,"N",TRUE
756,"Y",2.22044604925031e-16,"N",FALSE
755,"Y",1,"Y",TRUE
917,"N",2.22044604925031e-16,"N",TRUE
913,"N",2.22044604925031e-16,"N",TRUE
911,"N",2.22044604925031e-16,"N",TRUE
906,"N",2.22044604925031e-16,"N",TRUE
902,"N",2.22044604925031e-16,"N",TRUE
898,"N",2.22044604925031e-16,"N",TRUE
892,"N",1,"Y",FALSE
890,"N",2.22044604925031e-16,"N",TRUE
883,"N",2.22044604925031e-16,"N",TRUE
880,"N",2.22044604925031e-16,"N",TRUE
871,"N",2.22044604925031e-16,"N",TRUE
867,"N",2.22044604925031e-16,"N",TRUE
865,"N",2.22044604925031e-16,"N",TRUE
862,"N",2.22044604925031e-16,"N",TRUE
861,"N",2.22044604925031e-16,"N",TRUE
860,"N",2.22044604925031e-16,"N",TRUE
859,"N",2.22044604925031e-16,"N",TRUE
856,"N",2.22044604925031e-16,"N",TRUE
850,"N",2.22044604925031e-16,"N",TRUE
849,"N",2.22044604925031e-16,"N",TRUE
845,"N",2.22044604925031e-16,"N",TRUE
838,"N",2.22044604925031e-16,"N",TRUE
938,"N",2.22044604925031e-16,"N",TRUE
937,"N",2.22044604925031e-16,"N",TRUE
932,"N",1,"Y",FALSE
928,"N",2.22044604925031e-16,"N",TRUE
925,"N",2.22044604925031e-16,"N",TRUE
924,"Y",1,"Y",TRUE
922,"N",2.22044604925031e-16,"N",TRUE
962,"N",2.22044604925031e-16,"N",TRUE
957,"N",2.22044604925031e-16,"N",TRUE
953,"N",2.22044604925031e-16,"N",TRUE
949,"N",2.22044604925031e-16,"N",TRUE
946,"N",2.22044604925031e-16,"N",TRUE
941,"N",2.22044604925031e-16,"N",TRUE
1060,"N",2.22044604925031e-16,"N",TRUE
1058,"N",2.22044604925031e-16,"N",TRUE
1057,"N",2.22044604925031e-16,"N",TRUE
1054,"N",2.22044604925031e-16,"N",TRUE
1053,"Y",2.22044604925031e-16,"N",FALSE
1047,"N",2.22044604925031e-16,"N",TRUE
1043,"N",2.22044604925031e-16,"N",TRUE
1035,"Y",1,"Y",TRUE
1032,"N",2.22044604925031e-16,"N",TRUE
1031,"N",2.22044604925031e-16,"N",TRUE
1027,"N",2.22044604925031e-16,"N",TRUE
1025,"N",2.22044604925031e-16,"N",TRUE
1019,"Y",1,"Y",TRUE
1014,"N",2.22044604925031e-16,"N",TRUE
1006,"Y",1,"Y",TRUE
1005,"N",2.22044604925031e-16,"N",TRUE
1003,"N",1,"Y",FALSE
997,"N",2.22044604925031e-16,"N",TRUE
994,"N",2.22044604925031e-16,"N",TRUE
991,"N",2.22044604925031e-16,"N",TRUE
986,"Y",1,"Y",TRUE
982,"N",2.22044604925031e-16,"N",TRUE
978,"N",2.22044604925031e-16,"N",TRUE
967,"N",2.22044604925031e-16,"N",TRUE
966,"Y",1,"Y",TRUE
1145,"N",2.22044604925031e-16,"N",TRUE
1142,"N",2.22044604925031e-16,"N",TRUE
1138,"N",2.22044604925031e-16,"N",TRUE
1136,"N",2.22044604925031e-16,"N",TRUE
1132,"Y",2.22044604925031e-16,"N",FALSE
1123,"N",2.22044604925031e-16,"N",TRUE
1120,"N",2.22044604925031e-16,"N",TRUE
1117,"N",2.22044604925031e-16,"N",TRUE
1103,"N",2.22044604925031e-16,"N",TRUE
1099,"N",2.22044604925031e-16,"N",TRUE
1097,"N",2.22044604925031e-16,"N",TRUE
1096,"Y",2.22044604925031e-16,"N",FALSE
1092,"Y",2.22044604925031e-16,"N",FALSE
1089,"N",2.22044604925031e-16,"N",TRUE
1087,"N",2.22044604925031e-16,"N",TRUE
1080,"N",2.22044604925031e-16,"N",TRUE
1074,"N",2.22044604925031e-16,"N",TRUE
1072,"N",2.22044604925031e-16,"N",TRUE
1071,"N",2.22044604925031e-16,"N",TRUE
1070,"N",2.22044604925031e-16,"N",TRUE
1228,"N",2.22044604925031e-16,"N",TRUE
1227,"N",2.22044604925031e-16,"N",TRUE
1226,"N",2.22044604925031e-16,"N",TRUE
1225,"N",2.22044604925031e-16,"N",TRUE
1219,"N",2.22044604925031e-16,"N",TRUE
1217,"N",2.22044604925031e-16,"N",TRUE
1214,"N",2.22044604925031e-16,"N",TRUE
1213,"N",2.22044604925031e-16,"N",TRUE
1210,"N",2.22044604925031e-16,"N",TRUE
1208,"N",2.22044604925031e-16,"N",TRUE
1202,"N",2.22044604925031e-16,"N",TRUE
1201,"N",2.22044604925031e-16,"N",TRUE
1198,"N",2.22044604925031e-16,"N",TRUE
1195,"Y",2.22044604925031e-16,"N",FALSE
1192,"N",2.22044604925031e-16,"N",TRUE
1189,"N",2.22044604925031e-16,"N",TRUE
1185,"N",2.22044604925031e-16,"N",TRUE
1184,"N",2.22044604925031e-16,"N",TRUE
1179,"N",1,"Y",FALSE
1170,"N",2.22044604925031e-16,"N",TRUE
1169,"N",2.22044604925031e-16,"N",TRUE
1167,"Y",1,"Y",TRUE
1161,"N",2.22044604925031e-16,"N",TRUE
1159,"N",2.22044604925031e-16,"N",TRUE
1153,"N",2.22044604925031e-16,"N",TRUE
1152,"N",2.22044604925031e-16,"N",TRUE
1151,"N",1,"Y",FALSE
1322,"N",2.22044604925031e-16,"N",TRUE
1320,"N",2.22044604925031e-16,"N",TRUE
1319,"N",2.22044604925031e-16,"N",TRUE
1318,"N",2.22044604925031e-16,"N",TRUE
1313,"N",2.22044604925031e-16,"N",TRUE
1310,"N",2.22044604925031e-16,"N",TRUE
1307,"N",2.22044604925031e-16,"N",TRUE
1306,"Y",1,"Y",TRUE
1298,"Y",1,"Y",TRUE
1296,"N",2.22044604925031e-16,"N",TRUE
1295,"N",2.22044604925031e-16,"N",TRUE
1293,"N",2.22044604925031e-16,"N",TRUE
1282,"N",2.22044604925031e-16,"N",TRUE
1280,"N",2.22044604925031e-16,"N",TRUE
1279,"N",2.22044604925031e-16,"N",TRUE
1274,"N",2.22044604925031e-16,"N",TRUE
1273,"Y",2.22044604925031e-16,"N",FALSE
1270,"Y",1,"Y",TRUE
1268,"N",2.22044604925031e-16,"N",TRUE
1265,"N",2.22044604925031e-16,"N",TRUE
1263,"Y",1,"Y",TRUE
1262,"N",2.22044604925031e-16,"N",TRUE
1260,"N",2.22044604925031e-16,"N",TRUE
1259,"N",2.22044604925031e-16,"N",TRUE
1255,"Y",2.22044604925031e-16,"N",FALSE
1252,"N",2.22044604925031e-16,"N",TRUE
1249,"N",2.22044604925031e-16,"N",TRUE
1247,"N",2.22044604925031e-16,"N",TRUE
1246,"Y",2.22044604925031e-16,"N",FALSE
1245,"N",2.22044604925031e-16,"N",TRUE
1241,"N",1,"Y",FALSE
1237,"N",2.22044604925031e-16,"N",TRUE
1236,"N",2.22044604925031e-16,"N",TRUE
1234,"N",2.22044604925031e-16,"N",TRUE
1411,"N",2.22044604925031e-16,"N",TRUE
1410,"N",2.22044604925031e-16,"N",TRUE
1409,"N",2.22044604925031e-16,"N",TRUE
1408,"N",2.22044604925031e-16,"N",TRUE
1404,"Y",2.22044604925031e-16,"N",FALSE
1403,"Y",2.22044604925031e-16,"N",FALSE
1402,"N",2.22044604925031e-16,"N",TRUE
1401,"N",2.22044604925031e-16,"N",TRUE
1400,"N",2.22044604925031e-16,"N",TRUE
1395,"N",2.22044604925031e-16,"N",TRUE
1379,"N",2.22044604925031e-16,"N",TRUE
1377,"N",2.22044604925031e-16,"N",TRUE
1373,"N",1,"Y",FALSE
1370,"N",2.22044604925031e-16,"N",TRUE
1369,"N",2.22044604925031e-16,"N",TRUE
1363,"N",2.22044604925031e-16,"N",TRUE
1359,"N",2.22044604925031e-16,"N",TRUE
1355,"N",2.22044604925031e-16,"N",TRUE
1354,"N",2.22044604925031e-16,"N",TRUE
1353,"N",2.22044604925031e-16,"N",TRUE
1351,"N",2.22044604925031e-16,"N",TRUE
1346,"N",2.22044604925031e-16,"N",TRUE
1345,"N",2.22044604925031e-16,"N",TRUE
1343,"N",2.22044604925031e-16,"N",TRUE
1337,"N",2.22044604925031e-16,"N",TRUE
1336,"N",2.22044604925031e-16,"N",TRUE
1335,"N",2.22044604925031e-16,"N",TRUE
1329,"N",2.22044604925031e-16,"N",TRUE
1434,"N",2.22044604925031e-16,"N",TRUE
1433,"Y",1,"Y",TRUE
1432,"N",2.22044604925031e-16,"N",TRUE
1431,"N",2.22044604925031e-16,"N",TRUE
1426,"N",2.22044604925031e-16,"N",TRUE
1419,"Y",1,"Y",TRUE
1479,"N",2.22044604925031e-16,"N",TRUE
1476,"N",2.22044604925031e-16,"N",TRUE
1472,"N",2.22044604925031e-16,"N",TRUE
1470,"N",2.22044604925031e-16,"N",TRUE
1468,"N",2.22044604925031e-16,"N",TRUE
1465,"N",2.22044604925031e-16,"N",TRUE
1461,"N",2.22044604925031e-16,"N",TRUE
1454,"N",2.22044604925031e-16,"N",TRUE
1449,"Y",1,"Y",TRUE
1446,"N",2.22044604925031e-16,"N",TRUE
1443,"N",2.22044604925031e-16,"N",TRUE
1440,"Y",2.22044604925031e-16,"N",FALSE
1599,"N",2.22044604925031e-16,"N",TRUE
1598,"N",2.22044604925031e-16,"N",TRUE
1596,"Y",2.22044604925031e-16,"N",FALSE
1594,"N",2.22044604925031e-16,"N",TRUE
1593,"N",2.22044604925031e-16,"N",TRUE
1592,"N",2.22044604925031e-16,"N",TRUE
1589,"N",2.22044604925031e-16,"N",TRUE
1588,"Y",2.22044604925031e-16,"N",FALSE
1587,"N",2.22044604925031e-16,"N",TRUE
1580,"N",2.22044604925031e-16,"N",TRUE
1579,"N",2.22044604925031e-16,"N",TRUE
1576,"N",2.22044604925031e-16,"N",TRUE
1566,"N",2.22044604925031e-16,"N",TRUE
1563,"N",2.22044604925031e-16,"N",TRUE
1558,"Y",1,"Y",TRUE
1556,"N",2.22044604925031e-16,"N",TRUE
1554,"N",2.22044604925031e-16,"N",TRUE
1547,"N",2.22044604925031e-16,"N",TRUE
1544,"N",2.22044604925031e-16,"N",TRUE
1540,"N",2.22044604925031e-16,"N",TRUE
1538,"N",2.22044604925031e-16,"N",TRUE
1534,"N",2.22044604925031e-16,"N",TRUE
1532,"N",2.22044604925031e-16,"N",TRUE
1529,"Y",1,"Y",TRUE
1526,"Y",2.22044604925031e-16,"N",FALSE
1525,"N",1,"Y",FALSE
1524,"N",2.22044604925031e-16,"N",TRUE
1520,"N",2.22044604925031e-16,"N",TRUE
1519,"N",2.22044604925031e-16,"N",TRUE
1516,"N",2.22044604925031e-16,"N",TRUE
1515,"N",2.22044604925031e-16,"N",TRUE
1511,"N",2.22044604925031e-16,"N",TRUE
1509,"N",2.22044604925031e-16,"N",TRUE
1505,"N",2.22044604925031e-16,"N",TRUE
1498,"N",2.22044604925031e-16,"N",TRUE
1492,"N",2.22044604925031e-16,"N",TRUE
1490,"N",2.22044604925031e-16,"N",TRUE
1489,"Y",2.22044604925031e-16,"N",FALSE
1488,"N",2.22044604925031e-16,"N",TRUE
1486,"Y",2.22044604925031e-16,"N",FALSE
1481,"N",2.22044604925031e-16,"N",TRUE
1725,"N",2.22044604925031e-16,"N",TRUE
1719,"N",2.22044604925031e-16,"N",TRUE
1714,"N",2.22044604925031e-16,"N",TRUE
1711,"N",2.22044604925031e-16,"N",TRUE
1710,"N",2.22044604925031e-16,"N",TRUE
1709,"N",2.22044604925031e-16,"N",TRUE
1700,"N",2.22044604925031e-16,"N",TRUE
1685,"N",2.22044604925031e-16,"N",TRUE
1683,"N",2.22044604925031e-16,"N",TRUE
1679,"N",2.22044604925031e-16,"N",TRUE
1677,"N",1,"Y",FALSE
1672,"N",2.22044604925031e-16,"N",TRUE
1671,"N",2.22044604925031e-16,"N",TRUE
1667,"N",1,"Y",FALSE
1666,"N",2.22044604925031e-16,"N",TRUE
1665,"N",2.22044604925031e-16,"N",TRUE
1664,"N",2.22044604925031e-16,"N",TRUE
1660,"N",2.22044604925031e-16,"N",TRUE
1658,"N",2.22044604925031e-16,"N",TRUE
1655,"Y",1,"Y",TRUE
1652,"N",2.22044604925031e-16,"N",TRUE
1651,"N",2.22044604925031e-16,"N",TRUE
1645,"N",2.22044604925031e-16,"N",TRUE
1639,"N",2.22044604925031e-16,"N",TRUE
1637,"N",2.22044604925031e-16,"N",TRUE
1634,"N",2.22044604925031e-16,"N",TRUE
1630,"N",2.22044604925031e-16,"N",TRUE
1629,"N",2.22044604925031e-16,"N",TRUE
1625,"N",2.22044604925031e-16,"N",TRUE
1622,"N",2.22044604925031e-16,"N",TRUE
1621,"N",2.22044604925031e-16,"N",TRUE
1620,"N",2.22044604925031e-16,"N",TRUE
1619,"N",2.22044604925031e-16,"N",TRUE
1617,"N",2.22044604925031e-16,"N",TRUE
1616,"N",2.22044604925031e-16,"N",TRUE
1613,"N",2.22044604925031e-16,"N",TRUE
1611,"N",2.22044604925031e-16,"N",TRUE
1608,"Y",2.22044604925031e-16,"N",FALSE
1851,"Y",1,"Y",TRUE
1844,"N",2.22044604925031e-16,"N",TRUE
1843,"Y",1,"Y",TRUE
1836,"N",2.22044604925031e-16,"N",TRUE
1830,"N",2.22044604925031e-16,"N",TRUE
1826,"N",2.22044604925031e-16,"N",TRUE
1815,"Y",1,"Y",TRUE
1813,"N",2.22044604925031e-16,"N",TRUE
1812,"N",2.22044604925031e-16,"N",TRUE
1810,"N",2.22044604925031e-16,"N",TRUE
1805,"N",2.22044604925031e-16,"N",TRUE
1804,"N",2.22044604925031e-16,"N",TRUE
1800,"N",2.22044604925031e-16,"N",TRUE
1796,"N",2.22044604925031e-16,"N",TRUE
1794,"N",2.22044604925031e-16,"N",TRUE
1793,"N",2.22044604925031e-16,"N",TRUE
1788,"N",2.22044604925031e-16,"N",TRUE
1779,"N",2.22044604925031e-16,"N",TRUE
1772,"N",2.22044604925031e-16,"N",TRUE
1768,"N",2.22044604925031e-16,"N",TRUE
1766,"N",2.22044604925031e-16,"N",TRUE
1763,"N",2.22044604925031e-16,"N",TRUE
1761,"N",2.22044604925031e-16,"N",TRUE
1754,"N",2.22044604925031e-16,"N",TRUE
1749,"N",2.22044604925031e-16,"N",TRUE
1744,"N",2.22044604925031e-16,"N",TRUE
1741,"N",2.22044604925031e-16,"N",TRUE
1740,"N",1,"Y",FALSE
1739,"N",2.22044604925031e-16,"N",TRUE
1735,"N",2.22044604925031e-16,"N",TRUE
1734,"N",2.22044604925031e-16,"N",TRUE
1732,"N",2.22044604925031e-16,"N",TRUE
1961,"N",2.22044604925031e-16,"N",TRUE
1956,"N",2.22044604925031e-16,"N",TRUE
1953,"N",2.22044604925031e-16,"N",TRUE
1946,"N",2.22044604925031e-16,"N",TRUE
1941,"N",2.22044604925031e-16,"N",TRUE
1936,"N",2.22044604925031e-16,"N",TRUE
1935,"N",2.22044604925031e-16,"N",TRUE
1933,"N",2.22044604925031e-16,"N",TRUE
1931,"Y",1,"Y",TRUE
1930,"Y",1,"Y",TRUE
1928,"Y",2.22044604925031e-16,"N",FALSE
1927,"Y",1,"Y",TRUE
1926,"N",2.22044604925031e-16,"N",TRUE
1924,"N",2.22044604925031e-16,"N",TRUE
1916,"N",2.22044604925031e-16,"N",TRUE
1915,"Y",1,"Y",TRUE
1913,"N",2.22044604925031e-16,"N",TRUE
1911,"N",2.22044604925031e-16,"N",TRUE
1909,"N",2.22044604925031e-16,"N",TRUE
1905,"N",2.22044604925031e-16,"N",TRUE
1904,"N",2.22044604925031e-16,"N",TRUE
1903,"Y",1,"Y",TRUE
1902,"N",2.22044604925031e-16,"N",TRUE
1901,"N",2.22044604925031e-16,"N",TRUE
1899,"N",2.22044604925031e-16,"N",TRUE
1893,"N",2.22044604925031e-16,"N",TRUE
1891,"Y",1,"Y",TRUE
1890,"Y",1,"Y",TRUE
1884,"N",2.22044604925031e-16,"N",TRUE
1881,"N",2.22044604925031e-16,"N",TRUE
1879,"N",2.22044604925031e-16,"N",TRUE
1878,"N",2.22044604925031e-16,"N",TRUE
1877,"N",2.22044604925031e-16,"N",TRUE
1872,"N",2.22044604925031e-16,"N",TRUE
1870,"N",1,"Y",FALSE
1868,"N",2.22044604925031e-16,"N",TRUE
1865,"N",2.22044604925031e-16,"N",TRUE
1863,"N",2.22044604925031e-16,"N",TRUE
1862,"N",2.22044604925031e-16,"N",TRUE
1855,"N",2.22044604925031e-16,"N",TRUE
1853,"Y",1,"Y",TRUE
1852,"N",2.22044604925031e-16,"N",TRUE
2076,"N",2.22044604925031e-16,"N",TRUE
2069,"N",2.22044604925031e-16,"N",TRUE
2068,"N",2.22044604925031e-16,"N",TRUE
2060,"Y",2.22044604925031e-16,"N",FALSE
2058,"N",2.22044604925031e-16,"N",TRUE
2056,"N",2.22044604925031e-16,"N",TRUE
2052,"Y",2.22044604925031e-16,"N",FALSE
2048,"N",2.22044604925031e-16,"N",TRUE
2047,"N",2.22044604925031e-16,"N",TRUE
2041,"N",2.22044604925031e-16,"N",TRUE
2039,"N",2.22044604925031e-16,"N",TRUE
2038,"N",2.22044604925031e-16,"N",TRUE
2036,"N",2.22044604925031e-16,"N",TRUE
2034,"N",2.22044604925031e-16,"N",TRUE
2033,"N",2.22044604925031e-16,"N",TRUE
2028,"N",1,"Y",FALSE
2026,"Y",2.22044604925031e-16,"N",FALSE
2021,"N",2.22044604925031e-16,"N",TRUE
2016,"N",2.22044604925031e-16,"N",TRUE
2013,"N",2.22044604925031e-16,"N",TRUE
2011,"N",2.22044604925031e-16,"N",TRUE
2010,"N",2.22044604925031e-16,"N",TRUE
2008,"N",2.22044604925031e-16,"N",TRUE
2007,"Y",2.22044604925031e-16,"N",FALSE
2006,"N",2.22044604925031e-16,"N",TRUE
2005,"N",2.22044604925031e-16,"N",TRUE
2001,"N",2.22044604925031e-16,"N",TRUE
1999,"N",2.22044604925031e-16,"N",TRUE
1996,"Y",1,"Y",TRUE
1994,"N",2.22044604925031e-16,"N",TRUE
1993,"N",2.22044604925031e-16,"N",TRUE
1990,"N",2.22044604925031e-16,"N",TRUE
1984,"N",2.22044604925031e-16,"N",TRUE
1983,"N",2.22044604925031e-16,"N",TRUE
1980,"N",2.22044604925031e-16,"N",TRUE
1978,"N",2.22044604925031e-16,"N",TRUE
1977,"N",2.22044604925031e-16,"N",TRUE
1973,"N",2.22044604925031e-16,"N",TRUE
1972,"N",2.22044604925031e-16,"N",TRUE
1970,"N",2.22044604925031e-16,"N",TRUE
1968,"N",2.22044604925031e-16,"N",TRUE
2104,"N",2.22044604925031e-16,"N",TRUE
2103,"Y",2.22044604925031e-16,"N",FALSE
2098,"N",2.22044604925031e-16,"N",TRUE
2095,"N",2.22044604925031e-16,"N",TRUE
2092,"N",2.22044604925031e-16,"N",TRUE
2091,"N",2.22044604925031e-16,"N",TRUE
2088,"Y",2.22044604925031e-16,"N",FALSE
2086,"N",2.22044604925031e-16,"N",TRUE
2085,"N",2.22044604925031e-16,"N",TRUE
2082,"N",2.22044604925031e-16,"N",TRUE
2124,"N",2.22044604925031e-16,"N",TRUE
2123,"Y",2.22044604925031e-16,"N",FALSE
2122,"N",1,"Y",FALSE
2118,"N",2.22044604925031e-16,"N",TRUE
2116,"N",2.22044604925031e-16,"N",TRUE
2115,"Y",1,"Y",TRUE
2114,"N",2.22044604925031e-16,"N",TRUE
2109,"Y",2.22044604925031e-16,"N",FALSE
2108,"N",2.22044604925031e-16,"N",TRUE
2107,"N",2.22044604925031e-16,"N",TRUE
2242,"N",2.22044604925031e-16,"N",TRUE
2240,"N",2.22044604925031e-16,"N",TRUE
2235,"N",2.22044604925031e-16,"N",TRUE
2231,"N",2.22044604925031e-16,"N",TRUE
2229,"N",2.22044604925031e-16,"N",TRUE
2226,"N",2.22044604925031e-16,"N",TRUE
2224,"N",2.22044604925031e-16,"N",TRUE
2221,"N",2.22044604925031e-16,"N",TRUE
2220,"N",2.22044604925031e-16,"N",TRUE
2218,"N",2.22044604925031e-16,"N",TRUE
2216,"N",2.22044604925031e-16,"N",TRUE
2214,"N",2.22044604925031e-16,"N",TRUE
2213,"N",2.22044604925031e-16,"N",TRUE
2211,"N",2.22044604925031e-16,"N",TRUE
2208,"N",2.22044604925031e-16,"N",TRUE
2206,"N",2.22044604925031e-16,"N",TRUE
2203,"Y",1,"Y",TRUE
2201,"N",2.22044604925031e-16,"N",TRUE
2200,"N",2.22044604925031e-16,"N",TRUE
2190,"N",2.22044604925031e-16,"N",TRUE
2183,"N",2.22044604925031e-16,"N",TRUE
2177,"N",2.22044604925031e-16,"N",TRUE
2171,"Y",1,"Y",TRUE
2169,"N",2.22044604925031e-16,"N",TRUE
2163,"N",2.22044604925031e-16,"N",TRUE
2160,"N",2.22044604925031e-16,"N",TRUE
2157,"N",2.22044604925031e-16,"N",TRUE
2155,"N",2.22044604925031e-16,"N",TRUE
2151,"N",2.22044604925031e-16,"N",TRUE
2147,"Y",1,"Y",TRUE
2146,"N",2.22044604925031e-16,"N",TRUE
2138,"N",2.22044604925031e-16,"N",TRUE
2136,"N",2.22044604925031e-16,"N",TRUE
2134,"N",2.22044604925031e-16,"N",TRUE
2338,"N",2.22044604925031e-16,"N",TRUE
2337,"N",2.22044604925031e-16,"N",TRUE
2331,"N",2.22044604925031e-16,"N",TRUE
2330,"Y",2.22044604925031e-16,"N",FALSE
2328,"N",2.22044604925031e-16,"N",TRUE
2325,"N",2.22044604925031e-16,"N",TRUE
2320,"N",2.22044604925031e-16,"N",TRUE
2313,"N",2.22044604925031e-16,"N",TRUE
2311,"N",2.22044604925031e-16,"N",TRUE
2310,"N",2.22044604925031e-16,"N",TRUE
2309,"N",2.22044604925031e-16,"N",TRUE
2306,"Y",1,"Y",TRUE
2302,"N",2.22044604925031e-16,"N",TRUE
2299,"N",2.22044604925031e-16,"N",TRUE
2295,"N",2.22044604925031e-16,"N",TRUE
2292,"N",2.22044604925031e-16,"N",TRUE
2291,"Y",1,"Y",TRUE
2290,"N",2.22044604925031e-16,"N",TRUE
2289,"N",2.22044604925031e-16,"N",TRUE
2288,"N",2.22044604925031e-16,"N",TRUE
2286,"N",2.22044604925031e-16,"N",TRUE
2284,"N",2.22044604925031e-16,"N",TRUE
2279,"N",2.22044604925031e-16,"N",TRUE
2277,"Y",2.22044604925031e-16,"N",FALSE
2272,"N",2.22044604925031e-16,"N",TRUE
2264,"N",2.22044604925031e-16,"N",TRUE
2260,"N",2.22044604925031e-16,"N",TRUE
2255,"N",2.22044604925031e-16,"N",TRUE
2252,"N",2.22044604925031e-16,"N",TRUE
2250,"N",2.22044604925031e-16,"N",TRUE
2248,"N",2.22044604925031e-16,"N",TRUE
2247,"Y",1,"Y",TRUE
2246,"N",2.22044604925031e-16,"N",TRUE
2245,"N",2.22044604925031e-16,"N",TRUE
2444,"N",2.22044604925031e-16,"N",TRUE
2442,"N",2.22044604925031e-16,"N",TRUE
2439,"N",2.22044604925031e-16,"N",TRUE
2437,"N",2.22044604925031e-16,"N",TRUE
2434,"Y",2.22044604925031e-16,"N",FALSE
2432,"N",2.22044604925031e-16,"N",TRUE
2429,"N",2.22044604925031e-16,"N",TRUE
2428,"N",2.22044604925031e-16,"N",TRUE
2427,"N",2.22044604925031e-16,"N",TRUE
2421,"N",2.22044604925031e-16,"N",TRUE
2417,"N",2.22044604925031e-16,"N",TRUE
2416,"N",2.22044604925031e-16,"N",TRUE
2414,"Y",1,"Y",TRUE
2412,"N",1,"Y",FALSE
2405,"N",2.22044604925031e-16,"N",TRUE
2403,"N",2.22044604925031e-16,"N",TRUE
2399,"N",2.22044604925031e-16,"N",TRUE
2397,"N",2.22044604925031e-16,"N",TRUE
2389,"N",2.22044604925031e-16,"N",TRUE
2387,"N",2.22044604925031e-16,"N",TRUE
2386,"N",2.22044604925031e-16,"N",TRUE
2382,"N",1,"Y",FALSE
2381,"N",2.22044604925031e-16,"N",TRUE
2379,"N",2.22044604925031e-16,"N",TRUE
2378,"N",2.22044604925031e-16,"N",TRUE
2377,"Y",1,"Y",TRUE
2374,"N",2.22044604925031e-16,"N",TRUE
2371,"N",2.22044604925031e-16,"N",TRUE
2364,"Y",1,"Y",TRUE
2360,"N",2.22044604925031e-16,"N",TRUE
2357,"Y",2.22044604925031e-16,"N",FALSE
2352,"N",2.22044604925031e-16,"N",TRUE
2348,"Y",2.22044604925031e-16,"N",FALSE
2347,"N",2.22044604925031e-16,"N",TRUE
2345,"N",2.22044604925031e-16,"N",TRUE
2546,"N",2.22044604925031e-16,"N",TRUE
2543,"N",2.22044604925031e-16,"N",TRUE
2538,"Y",2.22044604925031e-16,"N",FALSE
2533,"N",2.22044604925031e-16,"N",TRUE
2530,"N",2.22044604925031e-16,"N",TRUE
2527,"Y",2.22044604925031e-16,"N",FALSE
2526,"N",2.22044604925031e-16,"N",TRUE
2525,"N",2.22044604925031e-16,"N",TRUE
2523,"N",2.22044604925031e-16,"N",TRUE
2515,"Y",1,"Y",TRUE
2514,"N",1,"Y",FALSE
2511,"N",2.22044604925031e-16,"N",TRUE
2509,"N",2.22044604925031e-16,"N",TRUE
2507,"N",1,"Y",FALSE
2506,"N",2.22044604925031e-16,"N",TRUE
2502,"N",2.22044604925031e-16,"N",TRUE
2497,"N",2.22044604925031e-16,"N",TRUE
2487,"N",2.22044604925031e-16,"N",TRUE
2485,"N",2.22044604925031e-16,"N",TRUE
2483,"N",2.22044604925031e-16,"N",TRUE
2481,"N",2.22044604925031e-16,"N",TRUE
2479,"N",2.22044604925031e-16,"N",TRUE
2477,"N",2.22044604925031e-16,"N",TRUE
2475,"N",1,"Y",FALSE
2474,"N",2.22044604925031e-16,"N",TRUE
2467,"Y",1,"Y",TRUE
2465,"Y",1,"Y",TRUE
2461,"N",2.22044604925031e-16,"N",TRUE
2459,"N",2.22044604925031e-16,"N",TRUE
2458,"Y",2.22044604925031e-16,"N",FALSE
2648,"N",2.22044604925031e-16,"N",TRUE
2647,"N",2.22044604925031e-16,"N",TRUE
2646,"N",2.22044604925031e-16,"N",TRUE
2645,"N",2.22044604925031e-16,"N",TRUE
2644,"N",2.22044604925031e-16,"N",TRUE
2641,"N",2.22044604925031e-16,"N",TRUE
2636,"N",2.22044604925031e-16,"N",TRUE
2633,"N",2.22044604925031e-16,"N",TRUE
2632,"N",2.22044604925031e-16,"N",TRUE
2625,"N",2.22044604925031e-16,"N",TRUE
2624,"N",2.22044604925031e-16,"N",TRUE
2619,"Y",1,"Y",TRUE
2617,"N",2.22044604925031e-16,"N",TRUE
2613,"N",2.22044604925031e-16,"N",TRUE
2612,"Y",1,"Y",TRUE
2611,"N",2.22044604925031e-16,"N",TRUE
2604,"Y",2.22044604925031e-16,"N",FALSE
2597,"N",2.22044604925031e-16,"N",TRUE
2595,"N",2.22044604925031e-16,"N",TRUE
2593,"N",2.22044604925031e-16,"N",TRUE
2584,"N",2.22044604925031e-16,"N",TRUE
2583,"Y",1,"Y",TRUE
2580,"N",2.22044604925031e-16,"N",TRUE
2574,"N",2.22044604925031e-16,"N",TRUE
2571,"N",2.22044604925031e-16,"N",TRUE
2566,"N",2.22044604925031e-16,"N",TRUE
2564,"N",2.22044604925031e-16,"N",TRUE
2561,"N",2.22044604925031e-16,"N",TRUE
2663,"N",2.22044604925031e-16,"N",TRUE
2659,"N",2.22044604925031e-16,"N",TRUE
2653,"N",2.22044604925031e-16,"N",TRUE
2651,"Y",1,"Y",TRUE
2686,"N",2.22044604925031e-16,"N",TRUE
2684,"N",2.22044604925031e-16,"N",TRUE
2679,"N",2.22044604925031e-16,"N",TRUE
2676,"N",2.22044604925031e-16,"N",TRUE
2674,"N",2.22044604925031e-16,"N",TRUE
2671,"Y",1,"Y",TRUE
2668,"N",2.22044604925031e-16,"N",TRUE
2666,"N",2.22044604925031e-16,"N",TRUE
2665,"Y",2.22044604925031e-16,"N",FALSE
2789,"N",2.22044604925031e-16,"N",TRUE
2787,"N",2.22044604925031e-16,"N",TRUE
2785,"N",2.22044604925031e-16,"N",TRUE
2779,"N",2.22044604925031e-16,"N",TRUE
2774,"N",2.22044604925031e-16,"N",TRUE
2773,"N",2.22044604925031e-16,"N",TRUE
2770,"N",2.22044604925031e-16,"N",TRUE
2766,"N",2.22044604925031e-16,"N",TRUE
2763,"Y",1,"Y",TRUE
2762,"N",1,"Y",FALSE
2760,"N",2.22044604925031e-16,"N",TRUE
2758,"N",2.22044604925031e-16,"N",TRUE
2754,"N",2.22044604925031e-16,"N",TRUE
2744,"N",2.22044604925031e-16,"N",TRUE
2741,"N",2.22044604925031e-16,"N",TRUE
2740,"N",2.22044604925031e-16,"N",TRUE
2735,"N",2.22044604925031e-16,"N",TRUE
2722,"N",2.22044604925031e-16,"N",TRUE
2720,"N",2.22044604925031e-16,"N",TRUE
2716,"Y",1,"Y",TRUE
2712,"N",2.22044604925031e-16,"N",TRUE
2711,"N",2.22044604925031e-16,"N",TRUE
2709,"Y",1,"Y",TRUE
2708,"N",1,"Y",FALSE
2707,"Y",1,"Y",TRUE
2705,"N",2.22044604925031e-16,"N",TRUE
2701,"N",2.22044604925031e-16,"N",TRUE
2697,"N",2.22044604925031e-16,"N",TRUE
2694,"Y",2.22044604925031e-16,"N",FALSE
2692,"N",2.22044604925031e-16,"N",TRUE
2889,"N",2.22044604925031e-16,"N",TRUE
2888,"N",2.22044604925031e-16,"N",TRUE
2884,"N",2.22044604925031e-16,"N",TRUE
2862,"N",2.22044604925031e-16,"N",TRUE
2857,"N",2.22044604925031e-16,"N",TRUE
2856,"N",2.22044604925031e-16,"N",TRUE
2849,"Y",2.22044604925031e-16,"N",FALSE
2847,"Y",1,"Y",TRUE
2845,"N",2.22044604925031e-16,"N",TRUE
2844,"N",2.22044604925031e-16,"N",TRUE
2838,"N",2.22044604925031e-16,"N",TRUE
2832,"Y",1,"Y",TRUE
2830,"N",2.22044604925031e-16,"N",TRUE
2829,"N",2.22044604925031e-16,"N",TRUE
2828,"N",2.22044604925031e-16,"N",TRUE
2827,"N",2.22044604925031e-16,"N",TRUE
2822,"N",2.22044604925031e-16,"N",TRUE
2819,"N",2.22044604925031e-16,"N",TRUE
2818,"N",2.22044604925031e-16,"N",TRUE
2817,"Y",2.22044604925031e-16,"N",FALSE
2810,"N",2.22044604925031e-16,"N",TRUE
2801,"N",2.22044604925031e-16,"N",TRUE
2800,"N",2.22044604925031e-16,"N",TRUE
2790,"Y",1,"Y",TRUE
2984,"N",2.22044604925031e-16,"N",TRUE
2975,"N",2.22044604925031e-16,"N",TRUE
2974,"N",2.22044604925031e-16,"N",TRUE
2973,"N",2.22044604925031e-16,"N",TRUE
2971,"N",2.22044604925031e-16,"N",TRUE
2969,"N",2.22044604925031e-16,"N",TRUE
2968,"N",2.22044604925031e-16,"N",TRUE
2966,"N",2.22044604925031e-16,"N",TRUE
2965,"Y",1,"Y",TRUE
2960,"N",2.22044604925031e-16,"N",TRUE
2956,"N",2.22044604925031e-16,"N",TRUE
2955,"N",2.22044604925031e-16,"N",TRUE
2954,"N",2.22044604925031e-16,"N",TRUE
2953,"N",2.22044604925031e-16,"N",TRUE
2951,"N",2.22044604925031e-16,"N",TRUE
2950,"N",2.22044604925031e-16,"N",TRUE
2948,"N",2.22044604925031e-16,"N",TRUE
2947,"N",2.22044604925031e-16,"N",TRUE
2945,"Y",1,"Y",TRUE
2944,"N",2.22044604925031e-16,"N",TRUE
2936,"Y",1,"Y",TRUE
2931,"N",2.22044604925031e-16,"N",TRUE
2929,"N",2.22044604925031e-16,"N",TRUE
2927,"N",2.22044604925031e-16,"N",TRUE
2926,"N",2.22044604925031e-16,"N",TRUE
2924,"N",2.22044604925031e-16,"N",TRUE
2923,"N",2.22044604925031e-16,"N",TRUE
2922,"N",2.22044604925031e-16,"N",TRUE
2921,"N",2.22044604925031e-16,"N",TRUE
2914,"N",2.22044604925031e-16,"N",TRUE
2909,"N",2.22044604925031e-16,"N",TRUE
2908,"N",2.22044604925031e-16,"N",TRUE
2905,"N",2.22044604925031e-16,"N",TRUE
2901,"Y",1,"Y",TRUE
2897,"Y",2.22044604925031e-16,"N",FALSE
2893,"N",2.22044604925031e-16,"N",TRUE
3085,"N",2.22044604925031e-16,"N",TRUE
3077,"N",2.22044604925031e-16,"N",TRUE
3076,"Y",2.22044604925031e-16,"N",FALSE
3075,"N",2.22044604925031e-16,"N",TRUE
3074,"Y",2.22044604925031e-16,"N",FALSE
3072,"N",2.22044604925031e-16,"N",TRUE
3060,"N",2.22044604925031e-16,"N",TRUE
3053,"N",2.22044604925031e-16,"N",TRUE
3050,"Y",2.22044604925031e-16,"N",FALSE
3043,"N",2.22044604925031e-16,"N",TRUE
3042,"N",2.22044604925031e-16,"N",TRUE
3037,"N",2.22044604925031e-16,"N",TRUE
3035,"Y",1,"Y",TRUE
3033,"N",2.22044604925031e-16,"N",TRUE
3030,"N",2.22044604925031e-16,"N",TRUE
3026,"N",2.22044604925031e-16,"N",TRUE
3025,"N",2.22044604925031e-16,"N",TRUE
3022,"Y",1,"Y",TRUE
3021,"N",2.22044604925031e-16,"N",TRUE
3020,"N",2.22044604925031e-16,"N",TRUE
3016,"N",2.22044604925031e-16,"N",TRUE
3011,"N",2.22044604925031e-16,"N",TRUE
3009,"N",2.22044604925031e-16,"N",TRUE
3006,"Y",1,"Y",TRUE
3002,"N",2.22044604925031e-16,"N",TRUE
3001,"N",2.22044604925031e-16,"N",TRUE
2997,"N",2.22044604925031e-16,"N",TRUE
2996,"N",2.22044604925031e-16,"N",TRUE
2994,"N",2.22044604925031e-16,"N",TRUE
2991,"Y",2.22044604925031e-16,"N",FALSE
2987,"N",2.22044604925031e-16,"N",TRUE
3178,"N",2.22044604925031e-16,"N",TRUE
3175,"N",2.22044604925031e-16,"N",TRUE
3174,"N",2.22044604925031e-16,"N",TRUE
3173,"N",2.22044604925031e-16,"N",TRUE
3163,"N",2.22044604925031e-16,"N",TRUE
3160,"Y",1,"Y",TRUE
3157,"N",2.22044604925031e-16,"N",TRUE
3156,"Y",2.22044604925031e-16,"N",FALSE
3154,"N",2.22044604925031e-16,"N",TRUE
3153,"N",2.22044604925031e-16,"N",TRUE
3150,"N",2.22044604925031e-16,"N",TRUE
3146,"N",2.22044604925031e-16,"N",TRUE
3144,"N",2.22044604925031e-16,"N",TRUE
3141,"N",2.22044604925031e-16,"N",TRUE
3138,"N",2.22044604925031e-16,"N",TRUE
3135,"N",2.22044604925031e-16,"N",TRUE
3127,"N",2.22044604925031e-16,"N",TRUE
3126,"N",2.22044604925031e-16,"N",TRUE
3121,"N",2.22044604925031e-16,"N",TRUE
3120,"N",2.22044604925031e-16,"N",TRUE
3117,"N",2.22044604925031e-16,"N",TRUE
3114,"N",2.22044604925031e-16,"N",TRUE
3111,"N",2.22044604925031e-16,"N",TRUE
3108,"N",2.22044604925031e-16,"N",TRUE
3105,"N",2.22044604925031e-16,"N",TRUE
3103,"N",2.22044604925031e-16,"N",TRUE
3100,"N",2.22044604925031e-16,"N",TRUE
3093,"N",2.22044604925031e-16,"N",TRUE
3090,"N",2.22044604925031e-16,"N",TRUE
3087,"N",2.22044604925031e-16,"N",TRUE
3188,"Y",2.22044604925031e-16,"N",FALSE
3187,"N",2.22044604925031e-16,"N",TRUE
3186,"N",2.22044604925031e-16,"N",TRUE
3183,"N",2.22044604925031e-16,"N",TRUE
3181,"N",2.22044604925031e-16,"N",TRUE
3210,"Y",1,"Y",TRUE
3208,"N",2.22044604925031e-16,"N",TRUE
3207,"N",2.22044604925031e-16,"N",TRUE
3206,"N",2.22044604925031e-16,"N",TRUE
3202,"N",2.22044604925031e-16,"N",TRUE
3201,"N",2.22044604925031e-16,"N",TRUE
3200,"Y",2.22044604925031e-16,"N",FALSE
3196,"N",2.22044604925031e-16,"N",TRUE
3194,"Y",1,"Y",TRUE
3191,"Y",2.22044604925031e-16,"N",FALSE
3291,"N",2.22044604925031e-16,"N",TRUE
3289,"N",2.22044604925031e-16,"N",TRUE
3284,"N",2.22044604925031e-16,"N",TRUE
3279,"N",2.22044604925031e-16,"N",TRUE
3277,"N",2.22044604925031e-16,"N",TRUE
3275,"N",2.22044604925031e-16,"N",TRUE
3274,"N",2.22044604925031e-16,"N",TRUE
3272,"N",2.22044604925031e-16,"N",TRUE
3266,"N",2.22044604925031e-16,"N",TRUE
3265,"N",2.22044604925031e-16,"N",TRUE
3263,"Y",2.22044604925031e-16,"N",FALSE
3262,"Y",1,"Y",TRUE
3258,"N",1,"Y",FALSE
3256,"N",2.22044604925031e-16,"N",TRUE
3250,"N",2.22044604925031e-16,"N",TRUE
3248,"N",2.22044604925031e-16,"N",TRUE
3247,"N",2.22044604925031e-16,"N",TRUE
3244,"N",2.22044604925031e-16,"N",TRUE
3243,"Y",1,"Y",TRUE
3242,"N",2.22044604925031e-16,"N",TRUE
3236,"N",2.22044604925031e-16,"N",TRUE
3235,"Y",2.22044604925031e-16,"N",FALSE
3232,"Y",1,"Y",TRUE
3230,"Y",1,"Y",TRUE
3227,"Y",1,"Y",TRUE
3225,"N",2.22044604925031e-16,"N",TRUE
3222,"N",2.22044604925031e-16,"N",TRUE
3217,"N",2.22044604925031e-16,"N",TRUE
3216,"Y",2.22044604925031e-16,"N",FALSE
3211,"Y",1,"Y",TRUE
3388,"N",2.22044604925031e-16,"N",TRUE
3384,"N",2.22044604925031e-16,"N",TRUE
3383,"N",2.22044604925031e-16,"N",TRUE
3377,"N",2.22044604925031e-16,"N",TRUE
3374,"N",2.22044604925031e-16,"N",TRUE
3371,"N",2.22044604925031e-16,"N",TRUE
3370,"N",2.22044604925031e-16,"N",TRUE
3369,"N",2.22044604925031e-16,"N",TRUE
3366,"Y",2.22044604925031e-16,"N",FALSE
3363,"N",2.22044604925031e-16,"N",TRUE
3362,"N",2.22044604925031e-16,"N",TRUE
3361,"N",2.22044604925031e-16,"N",TRUE
3359,"N",2.22044604925031e-16,"N",TRUE
3357,"Y",2.22044604925031e-16,"N",FALSE
3355,"N",2.22044604925031e-16,"N",TRUE
3352,"N",2.22044604925031e-16,"N",TRUE
3350,"N",1,"Y",FALSE
3349,"N",2.22044604925031e-16,"N",TRUE
3346,"N",2.22044604925031e-16,"N",TRUE
3345,"N",2.22044604925031e-16,"N",TRUE
3342,"Y",1,"Y",TRUE
3338,"N",2.22044604925031e-16,"N",TRUE
3329,"N",2.22044604925031e-16,"N",TRUE
3328,"Y",1,"Y",TRUE
3324,"N",2.22044604925031e-16,"N",TRUE
3319,"N",2.22044604925031e-16,"N",TRUE
3318,"N",2.22044604925031e-16,"N",TRUE
3317,"N",2.22044604925031e-16,"N",TRUE
3315,"N",2.22044604925031e-16,"N",TRUE
3308,"N",2.22044604925031e-16,"N",TRUE
3307,"N",2.22044604925031e-16,"N",TRUE
3306,"Y",1,"Y",TRUE
3302,"N",2.22044604925031e-16,"N",TRUE
3297,"N",2.22044604925031e-16,"N",TRUE
3481,"N",2.22044604925031e-16,"N",TRUE
3480,"N",2.22044604925031e-16,"N",TRUE
3479,"N",2.22044604925031e-16,"N",TRUE
3478,"N",2.22044604925031e-16,"N",TRUE
3475,"N",2.22044604925031e-16,"N",TRUE
3472,"Y",2.22044604925031e-16,"N",FALSE
3469,"N",2.22044604925031e-16,"N",TRUE
3468,"N",2.22044604925031e-16,"N",TRUE
3462,"N",2.22044604925031e-16,"N",TRUE
3461,"N",2.22044604925031e-16,"N",TRUE
3458,"N",2.22044604925031e-16,"N",TRUE
3457,"N",2.22044604925031e-16,"N",TRUE
3447,"N",2.22044604925031e-16,"N",TRUE
3443,"N",2.22044604925031e-16,"N",TRUE
3442,"N",2.22044604925031e-16,"N",TRUE
3441,"N",2.22044604925031e-16,"N",TRUE
3435,"N",2.22044604925031e-16,"N",TRUE
3432,"N",2.22044604925031e-16,"N",TRUE
3430,"N",2.22044604925031e-16,"N",TRUE
3429,"N",2.22044604925031e-16,"N",TRUE
3428,"N",2.22044604925031e-16,"N",TRUE
3425,"N",2.22044604925031e-16,"N",TRUE
3424,"N",2.22044604925031e-16,"N",TRUE
3423,"Y",2.22044604925031e-16,"N",FALSE
3419,"N",2.22044604925031e-16,"N",TRUE
3417,"Y",2.22044604925031e-16,"N",FALSE
3415,"N",2.22044604925031e-16,"N",TRUE
3403,"N",2.22044604925031e-16,"N",TRUE
3400,"Y",1,"Y",TRUE
3399,"N",2.22044604925031e-16,"N",TRUE
3393,"N",2.22044604925031e-16,"N",TRUE
3392,"Y",1,"Y",TRUE
3390,"N",2.22044604925031e-16,"N",TRUE
3583,"N",2.22044604925031e-16,"N",TRUE
3580,"N",2.22044604925031e-16,"N",TRUE
3578,"N",2.22044604925031e-16,"N",TRUE
3574,"Y",2.22044604925031e-16,"N",FALSE
3572,"N",2.22044604925031e-16,"N",TRUE
3571,"N",2.22044604925031e-16,"N",TRUE
3570,"N",2.22044604925031e-16,"N",TRUE
3566,"N",2.22044604925031e-16,"N",TRUE
3565,"N",2.22044604925031e-16,"N",TRUE
3562,"N",2.22044604925031e-16,"N",TRUE
3561,"N",2.22044604925031e-16,"N",TRUE
3557,"N",1,"Y",FALSE
3551,"N",2.22044604925031e-16,"N",TRUE
3549,"N",2.22044604925031e-16,"N",TRUE
3548,"N",2.22044604925031e-16,"N",TRUE
3543,"Y",1,"Y",TRUE
3542,"N",2.22044604925031e-16,"N",TRUE
3540,"N",2.22044604925031e-16,"N",TRUE
3538,"Y",1,"Y",TRUE
3534,"N",2.22044604925031e-16,"N",TRUE
3528,"N",2.22044604925031e-16,"N",TRUE
3527,"N",2.22044604925031e-16,"N",TRUE
3515,"N",2.22044604925031e-16,"N",TRUE
3514,"N",2.22044604925031e-16,"N",TRUE
3513,"N",2.22044604925031e-16,"N",TRUE
3505,"N",2.22044604925031e-16,"N",TRUE
3504,"N",2.22044604925031e-16,"N",TRUE
3503,"N",2.22044604925031e-16,"N",TRUE
3502,"N",2.22044604925031e-16,"N",TRUE
3497,"Y",1,"Y",TRUE
3496,"N",2.22044604925031e-16,"N",TRUE
3495,"N",2.22044604925031e-16,"N",TRUE
3494,"Y",1,"Y",TRUE
3492,"Y",2.22044604925031e-16,"N",FALSE
3491,"N",2.22044604925031e-16,"N",TRUE
3489,"N",2.22044604925031e-16,"N",TRUE
3488,"N",2.22044604925031e-16,"N",TRUE
3487,"N",2.22044604925031e-16,"N",TRUE
3485,"Y",2.22044604925031e-16,"N",FALSE
3679,"N",2.22044604925031e-16,"N",TRUE
3673,"N",2.22044604925031e-16,"N",TRUE
3672,"N",2.22044604925031e-16,"N",TRUE
3670,"N",2.22044604925031e-16,"N",TRUE
3669,"N",2.22044604925031e-16,"N",TRUE
3666,"N",2.22044604925031e-16,"N",TRUE
3661,"N",2.22044604925031e-16,"N",TRUE
3655,"N",2.22044604925031e-16,"N",TRUE
3654,"N",2.22044604925031e-16,"N",TRUE
3653,"N",2.22044604925031e-16,"N",TRUE
3650,"Y",2.22044604925031e-16,"N",FALSE
3649,"N",1,"Y",FALSE
3648,"N",2.22044604925031e-16,"N",TRUE
3646,"N",2.22044604925031e-16,"N",TRUE
3640,"N",2.22044604925031e-16,"N",TRUE
3631,"N",2.22044604925031e-16,"N",TRUE
3630,"N",2.22044604925031e-16,"N",TRUE
3625,"N",2.22044604925031e-16,"N",TRUE
3621,"Y",1,"Y",TRUE
3617,"N",2.22044604925031e-16,"N",TRUE
3615,"N",2.22044604925031e-16,"N",TRUE
3609,"N",2.22044604925031e-16,"N",TRUE
3598,"N",1,"Y",FALSE
3596,"N",2.22044604925031e-16,"N",TRUE
3592,"N",1,"Y",FALSE
3591,"Y",1,"Y",TRUE
3585,"N",2.22044604925031e-16,"N",TRUE
3695,"N",2.22044604925031e-16,"N",TRUE
3693,"Y",1,"Y",TRUE
3690,"N",2.22044604925031e-16,"N",TRUE
3688,"Y",1,"Y",TRUE
3714,"N",2.22044604925031e-16,"N",TRUE
3709,"Y",1,"Y",TRUE
3708,"N",2.22044604925031e-16,"N",TRUE
3704,"Y",1,"Y",TRUE
3703,"N",2.22044604925031e-16,"N",TRUE
3702,"N",2.22044604925031e-16,"N",TRUE
3818,"N",2.22044604925031e-16,"N",TRUE
3815,"N",2.22044604925031e-16,"N",TRUE
3810,"N",2.22044604925031e-16,"N",TRUE
3791,"N",2.22044604925031e-16,"N",TRUE
3788,"Y",2.22044604925031e-16,"N",FALSE
3786,"Y",1,"Y",TRUE
3783,"N",2.22044604925031e-16,"N",TRUE
3781,"Y",1,"Y",TRUE
3774,"Y",1,"Y",TRUE
3773,"N",2.22044604925031e-16,"N",TRUE
3770,"N",2.22044604925031e-16,"N",TRUE
3768,"N",2.22044604925031e-16,"N",TRUE
3766,"N",2.22044604925031e-16,"N",TRUE
3765,"Y",2.22044604925031e-16,"N",FALSE
3764,"N",2.22044604925031e-16,"N",TRUE
3763,"N",2.22044604925031e-16,"N",TRUE
3760,"N",2.22044604925031e-16,"N",TRUE
3757,"N",2.22044604925031e-16,"N",TRUE
3754,"N",2.22044604925031e-16,"N",TRUE
3750,"Y",1,"Y",TRUE
3748,"N",2.22044604925031e-16,"N",TRUE
3746,"N",2.22044604925031e-16,"N",TRUE
3745,"Y",1,"Y",TRUE
3744,"N",2.22044604925031e-16,"N",TRUE
3743,"Y",2.22044604925031e-16,"N",FALSE
3740,"N",2.22044604925031e-16,"N",TRUE
3738,"N",2.22044604925031e-16,"N",TRUE
3725,"Y",2.22044604925031e-16,"N",FALSE
3724,"N",2.22044604925031e-16,"N",TRUE
3723,"N",2.22044604925031e-16,"N",TRUE
3720,"N",2.22044604925031e-16,"N",TRUE
3903,"N",2.22044604925031e-16,"N",TRUE
3902,"N",2.22044604925031e-16,"N",TRUE
3900,"N",2.22044604925031e-16,"N",TRUE
3901,"Y",2.22044604925031e-16,"N",FALSE
3899,"N",2.22044604925031e-16,"N",TRUE
3898,"N",2.22044604925031e-16,"N",TRUE
3897,"N",2.22044604925031e-16,"N",TRUE
3896,"N",2.22044604925031e-16,"N",TRUE
3894,"Y",1,"Y",TRUE
3889,"N",2.22044604925031e-16,"N",TRUE
3885,"N",2.22044604925031e-16,"N",TRUE
3882,"Y",2.22044604925031e-16,"N",FALSE
3881,"N",2.22044604925031e-16,"N",TRUE
3875,"N",1,"Y",FALSE
3873,"Y",1,"Y",TRUE
3869,"Y",1,"Y",TRUE
3864,"N",2.22044604925031e-16,"N",TRUE
3854,"N",2.22044604925031e-16,"N",TRUE
3851,"Y",2.22044604925031e-16,"N",FALSE
3840,"N",2.22044604925031e-16,"N",TRUE
3837,"Y",1,"Y",TRUE
3835,"Y",1,"Y",TRUE
3834,"N",2.22044604925031e-16,"N",TRUE
3830,"N",2.22044604925031e-16,"N",TRUE
3829,"N",2.22044604925031e-16,"N",TRUE
3823,"Y",1,"Y",TRUE
3821,"N",2.22044604925031e-16,"N",TRUE
4017,"N",2.22044604925031e-16,"N",TRUE
4014,"N",2.22044604925031e-16,"N",TRUE
4009,"N",2.22044604925031e-16,"N",TRUE
4008,"N",2.22044604925031e-16,"N",TRUE
4007,"N",2.22044604925031e-16,"N",TRUE
4003,"N",2.22044604925031e-16,"N",TRUE
3993,"N",2.22044604925031e-16,"N",TRUE
3992,"N",2.22044604925031e-16,"N",TRUE
3991,"N",2.22044604925031e-16,"N",TRUE
3984,"N",2.22044604925031e-16,"N",TRUE
3983,"Y",1,"Y",TRUE
3982,"N",2.22044604925031e-16,"N",TRUE
3980,"N",2.22044604925031e-16,"N",TRUE
3979,"N",2.22044604925031e-16,"N",TRUE
3976,"Y",2.22044604925031e-16,"N",FALSE
3972,"N",2.22044604925031e-16,"N",TRUE
3971,"N",2.22044604925031e-16,"N",TRUE
3970,"N",2.22044604925031e-16,"N",TRUE
3969,"N",2.22044604925031e-16,"N",TRUE
3966,"Y",2.22044604925031e-16,"N",FALSE
3964,"N",2.22044604925031e-16,"N",TRUE
3961,"Y",1,"Y",TRUE
3960,"Y",2.22044604925031e-16,"N",FALSE
3959,"N",2.22044604925031e-16,"N",TRUE
3954,"N",2.22044604925031e-16,"N",TRUE
3950,"N",2.22044604925031e-16,"N",TRUE
3948,"N",2.22044604925031e-16,"N",TRUE
3946,"N",1,"Y",FALSE
3945,"N",2.22044604925031e-16,"N",TRUE
3943,"N",2.22044604925031e-16,"N",TRUE
3939,"N",2.22044604925031e-16,"N",TRUE
3936,"N",2.22044604925031e-16,"N",TRUE
3933,"N",2.22044604925031e-16,"N",TRUE
3932,"N",2.22044604925031e-16,"N",TRUE
3929,"N",2.22044604925031e-16,"N",TRUE
3928,"N",2.22044604925031e-16,"N",TRUE
3927,"Y",1,"Y",TRUE
3921,"Y",1,"Y",TRUE
4117,"N",2.22044604925031e-16,"N",TRUE
4116,"N",2.22044604925031e-16,"N",TRUE
4114,"N",2.22044604925031e-16,"N",TRUE
4105,"N",2.22044604925031e-16,"N",TRUE
4104,"N",2.22044604925031e-16,"N",TRUE
4103,"N",2.22044604925031e-16,"N",TRUE
4101,"N",2.22044604925031e-16,"N",TRUE
4100,"N",2.22044604925031e-16,"N",TRUE
4099,"N",2.22044604925031e-16,"N",TRUE
4098,"N",2.22044604925031e-16,"N",TRUE
4095,"N",2.22044604925031e-16,"N",TRUE
4090,"Y",2.22044604925031e-16,"N",FALSE
4084,"N",2.22044604925031e-16,"N",TRUE
4074,"Y",1,"Y",TRUE
4069,"N",2.22044604925031e-16,"N",TRUE
4054,"N",2.22044604925031e-16,"N",TRUE
4053,"N",2.22044604925031e-16,"N",TRUE
4052,"N",2.22044604925031e-16,"N",TRUE
4040,"N",2.22044604925031e-16,"N",TRUE
4038,"N",2.22044604925031e-16,"N",TRUE
4034,"N",2.22044604925031e-16,"N",TRUE
4031,"N",2.22044604925031e-16,"N",TRUE
4030,"N",2.22044604925031e-16,"N",TRUE
4028,"N",2.22044604925031e-16,"N",TRUE
4023,"N",2.22044604925031e-16,"N",TRUE
4021,"N",2.22044604925031e-16,"N",TRUE
4212,"N",2.22044604925031e-16,"N",TRUE
4208,"N",2.22044604925031e-16,"N",TRUE
4204,"N",2.22044604925031e-16,"N",TRUE
4189,"Y",1,"Y",TRUE
4188,"N",2.22044604925031e-16,"N",TRUE
4186,"N",2.22044604925031e-16,"N",TRUE
4184,"N",2.22044604925031e-16,"N",TRUE
4182,"N",2.22044604925031e-16,"N",TRUE
4180,"N",2.22044604925031e-16,"N",TRUE
4177,"N",1,"Y",FALSE
4175,"N",2.22044604925031e-16,"N",TRUE
4174,"N",2.22044604925031e-16,"N",TRUE
4173,"Y",2.22044604925031e-16,"N",FALSE
4171,"Y",1,"Y",TRUE
4170,"N",2.22044604925031e-16,"N",TRUE
4167,"Y",1,"Y",TRUE
4164,"N",2.22044604925031e-16,"N",TRUE
4163,"N",2.22044604925031e-16,"N",TRUE
4158,"N",2.22044604925031e-16,"N",TRUE
4157,"Y",1,"Y",TRUE
4154,"Y",1,"Y",TRUE
4153,"N",2.22044604925031e-16,"N",TRUE
4152,"N",2.22044604925031e-16,"N",TRUE
4143,"N",2.22044604925031e-16,"N",TRUE
4137,"N",2.22044604925031e-16,"N",TRUE
4134,"N",1,"Y",FALSE
4132,"N",2.22044604925031e-16,"N",TRUE
4131,"N",2.22044604925031e-16,"N",TRUE
4130,"N",2.22044604925031e-16,"N",TRUE
4129,"N",2.22044604925031e-16,"N",TRUE
4125,"N",2.22044604925031e-16,"N",TRUE
4229,"N",2.22044604925031e-16,"N",TRUE
4228,"N",2.22044604925031e-16,"N",TRUE
4227,"N",1,"Y",FALSE
4221,"N",2.22044604925031e-16,"N",TRUE
4219,"N",2.22044604925031e-16,"N",TRUE
4251,"N",2.22044604925031e-16,"N",TRUE
4247,"N",2.22044604925031e-16,"N",TRUE
4245,"N",2.22044604925031e-16,"N",TRUE
4244,"N",2.22044604925031e-16,"N",TRUE
4237,"N",2.22044604925031e-16,"N",TRUE
4233,"Y",2.22044604925031e-16,"N",FALSE
4342,"N",2.22044604925031e-16,"N",TRUE
4340,"N",2.22044604925031e-16,"N",TRUE
4339,"N",2.22044604925031e-16,"N",TRUE
4337,"N",2.22044604925031e-16,"N",TRUE
4333,"Y",1,"Y",TRUE
4331,"N",2.22044604925031e-16,"N",TRUE
4330,"N",2.22044604925031e-16,"N",TRUE
4327,"N",2.22044604925031e-16,"N",TRUE
4325,"N",2.22044604925031e-16,"N",TRUE
4322,"N",2.22044604925031e-16,"N",TRUE
4321,"N",2.22044604925031e-16,"N",TRUE
4315,"N",2.22044604925031e-16,"N",TRUE
4295,"N",1,"Y",FALSE
4293,"N",2.22044604925031e-16,"N",TRUE
4292,"N",2.22044604925031e-16,"N",TRUE
4291,"N",1,"Y",FALSE
4275,"N",2.22044604925031e-16,"N",TRUE
4274,"N",2.22044604925031e-16,"N",TRUE
4268,"N",2.22044604925031e-16,"N",TRUE
4267,"N",2.22044604925031e-16,"N",TRUE
4266,"Y",1,"Y",TRUE
4264,"N",2.22044604925031e-16,"N",TRUE
4263,"N",2.22044604925031e-16,"N",TRUE
4261,"N",2.22044604925031e-16,"N",TRUE
4436,"N",2.22044604925031e-16,"N",TRUE
4432,"N",2.22044604925031e-16,"N",TRUE
4430,"N",2.22044604925031e-16,"N",TRUE
4429,"N",2.22044604925031e-16,"N",TRUE
4425,"N",2.22044604925031e-16,"N",TRUE
4423,"N",2.22044604925031e-16,"N",TRUE
4422,"N",2.22044604925031e-16,"N",TRUE
4418,"N",2.22044604925031e-16,"N",TRUE
4417,"N",2.22044604925031e-16,"N",TRUE
4415,"Y",2.22044604925031e-16,"N",FALSE
4414,"N",2.22044604925031e-16,"N",TRUE
4410,"N",2.22044604925031e-16,"N",TRUE
4408,"N",2.22044604925031e-16,"N",TRUE
4407,"N",2.22044604925031e-16,"N",TRUE
4403,"N",2.22044604925031e-16,"N",TRUE
4402,"N",2.22044604925031e-16,"N",TRUE
4401,"N",2.22044604925031e-16,"N",TRUE
4400,"N",2.22044604925031e-16,"N",TRUE
4399,"N",2.22044604925031e-16,"N",TRUE
4397,"N",2.22044604925031e-16,"N",TRUE
4395,"N",2.22044604925031e-16,"N",TRUE
4388,"N",2.22044604925031e-16,"N",TRUE
4387,"Y",1,"Y",TRUE
4384,"N",2.22044604925031e-16,"N",TRUE
4383,"N",2.22044604925031e-16,"N",TRUE
4379,"Y",1,"Y",TRUE
4377,"N",1,"Y",FALSE
4376,"N",2.22044604925031e-16,"N",TRUE
4372,"Y",1,"Y",TRUE
4368,"N",2.22044604925031e-16,"N",TRUE
4367,"Y",1,"Y",TRUE
4364,"Y",2.22044604925031e-16,"N",FALSE
4362,"Y",1,"Y",TRUE
4358,"N",2.22044604925031e-16,"N",TRUE
4356,"N",2.22044604925031e-16,"N",TRUE
4355,"N",2.22044604925031e-16,"N",TRUE
4349,"N",2.22044604925031e-16,"N",TRUE
4347,"N",2.22044604925031e-16,"N",TRUE
4346,"Y",1,"Y",TRUE
4534,"N",2.22044604925031e-16,"N",TRUE
4532,"N",2.22044604925031e-16,"N",TRUE
4522,"N",2.22044604925031e-16,"N",TRUE
4515,"N",2.22044604925031e-16,"N",TRUE
4513,"N",2.22044604925031e-16,"N",TRUE
4507,"N",2.22044604925031e-16,"N",TRUE
4504,"N",2.22044604925031e-16,"N",TRUE
4493,"Y",1,"Y",TRUE
4492,"N",2.22044604925031e-16,"N",TRUE
4489,"N",2.22044604925031e-16,"N",TRUE
4480,"N",2.22044604925031e-16,"N",TRUE
4477,"N",2.22044604925031e-16,"N",TRUE
4469,"N",2.22044604925031e-16,"N",TRUE
4467,"Y",1,"Y",TRUE
4465,"Y",2.22044604925031e-16,"N",FALSE
4464,"N",2.22044604925031e-16,"N",TRUE
4463,"N",2.22044604925031e-16,"N",TRUE
4460,"N",2.22044604925031e-16,"N",TRUE
4453,"N",2.22044604925031e-16,"N",TRUE
4452,"N",2.22044604925031e-16,"N",TRUE
4451,"Y",1,"Y",TRUE
4450,"N",2.22044604925031e-16,"N",TRUE
4629,"N",2.22044604925031e-16,"N",TRUE
4623,"N",2.22044604925031e-16,"N",TRUE
4621,"N",2.22044604925031e-16,"N",TRUE
4620,"N",2.22044604925031e-16,"N",TRUE
4619,"Y",1,"Y",TRUE
4608,"N",2.22044604925031e-16,"N",TRUE
4607,"N",2.22044604925031e-16,"N",TRUE
4606,"N",2.22044604925031e-16,"N",TRUE
4601,"N",2.22044604925031e-16,"N",TRUE
4600,"N",2.22044604925031e-16,"N",TRUE
4597,"N",1,"Y",FALSE
4596,"N",2.22044604925031e-16,"N",TRUE
4593,"Y",1,"Y",TRUE
4590,"N",2.22044604925031e-16,"N",TRUE
4587,"Y",1,"Y",TRUE
4581,"N",2.22044604925031e-16,"N",TRUE
4577,"N",1,"Y",FALSE
4573,"N",2.22044604925031e-16,"N",TRUE
4572,"N",2.22044604925031e-16,"N",TRUE
4571,"N",1,"Y",FALSE
4568,"N",2.22044604925031e-16,"N",TRUE
4559,"N",2.22044604925031e-16,"N",TRUE
4552,"N",2.22044604925031e-16,"N",TRUE
4551,"N",2.22044604925031e-16,"N",TRUE
4545,"N",2.22044604925031e-16,"N",TRUE
4541,"Y",1,"Y",TRUE
4539,"N",2.22044604925031e-16,"N",TRUE
4536,"N",2.22044604925031e-16,"N",TRUE
4535,"N",2.22044604925031e-16,"N",TRUE
4714,"N",2.22044604925031e-16,"N",TRUE
4711,"N",2.22044604925031e-16,"N",TRUE
4710,"N",2.22044604925031e-16,"N",TRUE
4708,"N",2.22044604925031e-16,"N",TRUE
4706,"N",2.22044604925031e-16,"N",TRUE
4702,"N",2.22044604925031e-16,"N",TRUE
4696,"N",2.22044604925031e-16,"N",TRUE
4691,"N",2.22044604925031e-16,"N",TRUE
4689,"N",2.22044604925031e-16,"N",TRUE
4688,"N",2.22044604925031e-16,"N",TRUE
4685,"N",2.22044604925031e-16,"N",TRUE
4682,"N",2.22044604925031e-16,"N",TRUE
4678,"N",2.22044604925031e-16,"N",TRUE
4677,"N",2.22044604925031e-16,"N",TRUE
4671,"N",2.22044604925031e-16,"N",TRUE
4668,"N",2.22044604925031e-16,"N",TRUE
4665,"N",2.22044604925031e-16,"N",TRUE
4664,"N",2.22044604925031e-16,"N",TRUE
4663,"N",2.22044604925031e-16,"N",TRUE
4660,"N",2.22044604925031e-16,"N",TRUE
4658,"N",2.22044604925031e-16,"N",TRUE
4657,"N",2.22044604925031e-16,"N",TRUE
4656,"N",2.22044604925031e-16,"N",TRUE
4650,"N",2.22044604925031e-16,"N",TRUE
4649,"N",2.22044604925031e-16,"N",TRUE
4648,"N",2.22044604925031e-16,"N",TRUE
4647,"Y",1,"Y",TRUE
4641,"N",2.22044604925031e-16,"N",TRUE
4640,"N",2.22044604925031e-16,"N",TRUE
4638,"N",2.22044604925031e-16,"N",TRUE
4637,"N",2.22044604925031e-16,"N",TRUE
4636,"N",2.22044604925031e-16,"N",TRUE
4633,"N",2.22044604925031e-16,"N",TRUE
4632,"Y",2.22044604925031e-16,"N",FALSE
4631,"N",1,"Y",FALSE
4630,"Y",1,"Y",TRUE
4731,"N",2.22044604925031e-16,"N",TRUE
4730,"N",2.22044604925031e-16,"N",TRUE
4729,"Y",1,"Y",TRUE
4726,"N",2.22044604925031e-16,"N",TRUE
4725,"Y",1,"Y",TRUE
4752,"N",2.22044604925031e-16,"N",TRUE
4751,"N",1,"Y",FALSE
4746,"N",2.22044604925031e-16,"N",TRUE
4739,"Y",1,"Y",TRUE
4738,"N",2.22044604925031e-16,"N",TRUE
4735,"Y",2.22044604925031e-16,"N",FALSE
4842,"N",2.22044604925031e-16,"N",TRUE
4837,"N",2.22044604925031e-16,"N",TRUE
4834,"N",2.22044604925031e-16,"N",TRUE
4830,"N",2.22044604925031e-16,"N",TRUE
4829,"N",2.22044604925031e-16,"N",TRUE
4828,"N",2.22044604925031e-16,"N",TRUE
4824,"N",2.22044604925031e-16,"N",TRUE
4819,"Y",1,"Y",TRUE
4813,"N",2.22044604925031e-16,"N",TRUE
4810,"N",2.22044604925031e-16,"N",TRUE
4807,"N",2.22044604925031e-16,"N",TRUE
4806,"N",2.22044604925031e-16,"N",TRUE
4801,"N",2.22044604925031e-16,"N",TRUE
4800,"N",2.22044604925031e-16,"N",TRUE
4798,"N",2.22044604925031e-16,"N",TRUE
4793,"N",2.22044604925031e-16,"N",TRUE
4792,"N",1,"Y",FALSE
4789,"N",2.22044604925031e-16,"N",TRUE
4785,"N",2.22044604925031e-16,"N",TRUE
4784,"N",2.22044604925031e-16,"N",TRUE
4782,"Y",1,"Y",TRUE
4779,"N",2.22044604925031e-16,"N",TRUE
4778,"N",2.22044604925031e-16,"N",TRUE
4775,"Y",2.22044604925031e-16,"N",FALSE
4773,"N",2.22044604925031e-16,"N",TRUE
4771,"N",1,"Y",FALSE
4769,"N",2.22044604925031e-16,"N",TRUE
4768,"N",2.22044604925031e-16,"N",TRUE
4763,"N",1,"Y",FALSE
4762,"N",2.22044604925031e-16,"N",TRUE
4759,"N",2.22044604925031e-16,"N",TRUE
4758,"N",2.22044604925031e-16,"N",TRUE
4757,"Y",2.22044604925031e-16,"N",FALSE
4930,"N",2.22044604925031e-16,"N",TRUE
4921,"N",2.22044604925031e-16,"N",TRUE
4917,"N",2.22044604925031e-16,"N",TRUE
4915,"N",2.22044604925031e-16,"N",TRUE
4911,"N",2.22044604925031e-16,"N",TRUE
4907,"N",2.22044604925031e-16,"N",TRUE
4905,"N",2.22044604925031e-16,"N",TRUE
4893,"N",2.22044604925031e-16,"N",TRUE
4889,"N",1,"Y",FALSE
4886,"N",2.22044604925031e-16,"N",TRUE
4885,"N",2.22044604925031e-16,"N",TRUE
4884,"N",2.22044604925031e-16,"N",TRUE
4882,"N",1,"Y",FALSE
4881,"N",2.22044604925031e-16,"N",TRUE
4880,"N",2.22044604925031e-16,"N",TRUE
4874,"N",2.22044604925031e-16,"N",TRUE
4871,"N",2.22044604925031e-16,"N",TRUE
4870,"N",2.22044604925031e-16,"N",TRUE
4869,"N",2.22044604925031e-16,"N",TRUE
4868,"N",2.22044604925031e-16,"N",TRUE
4860,"N",2.22044604925031e-16,"N",TRUE
4859,"N",2.22044604925031e-16,"N",TRUE
4857,"N",2.22044604925031e-16,"N",TRUE
4856,"N",2.22044604925031e-16,"N",TRUE
4853,"N",1,"Y",FALSE
4848,"N",2.22044604925031e-16,"N",TRUE
4845,"N",1,"Y",FALSE
5013,"Y",1,"Y",TRUE
5010,"N",2.22044604925031e-16,"N",TRUE
5006,"N",2.22044604925031e-16,"N",TRUE
5003,"N",2.22044604925031e-16,"N",TRUE
5001,"N",2.22044604925031e-16,"N",TRUE
4997,"N",2.22044604925031e-16,"N",TRUE
4991,"N",2.22044604925031e-16,"N",TRUE
4987,"N",1,"Y",FALSE
4983,"N",2.22044604925031e-16,"N",TRUE
4979,"N",2.22044604925031e-16,"N",TRUE
4976,"N",2.22044604925031e-16,"N",TRUE
4975,"N",1,"Y",FALSE
4971,"Y",1,"Y",TRUE
4961,"Y",1,"Y",TRUE
4958,"N",2.22044604925031e-16,"N",TRUE
4957,"Y",1,"Y",TRUE
4955,"N",2.22044604925031e-16,"N",TRUE
4953,"N",2.22044604925031e-16,"N",TRUE
4942,"N",2.22044604925031e-16,"N",TRUE
4939,"Y",1,"Y",TRUE
4934,"N",2.22044604925031e-16,"N",TRUE
5118,"N",2.22044604925031e-16,"N",TRUE
5113,"N",2.22044604925031e-16,"N",TRUE
5110,"N",2.22044604925031e-16,"N",TRUE
5109,"N",2.22044604925031e-16,"N",TRUE
5108,"N",2.22044604925031e-16,"N",TRUE
5107,"N",2.22044604925031e-16,"N",TRUE
5104,"N",2.22044604925031e-16,"N",TRUE
5102,"N",2.22044604925031e-16,"N",TRUE
5101,"Y",1,"Y",TRUE
5086,"N",2.22044604925031e-16,"N",TRUE
5085,"N",2.22044604925031e-16,"N",TRUE
5082,"N",2.22044604925031e-16,"N",TRUE
5072,"N",2.22044604925031e-16,"N",TRUE
5071,"N",2.22044604925031e-16,"N",TRUE
5067,"Y",1,"Y",TRUE
5058,"Y",2.22044604925031e-16,"N",FALSE
5053,"N",2.22044604925031e-16,"N",TRUE
5047,"N",2.22044604925031e-16,"N",TRUE
5044,"N",2.22044604925031e-16,"N",TRUE
5043,"N",2.22044604925031e-16,"N",TRUE
5041,"N",2.22044604925031e-16,"N",TRUE
5039,"N",2.22044604925031e-16,"N",TRUE
5036,"N",2.22044604925031e-16,"N",TRUE
5034,"N",2.22044604925031e-16,"N",TRUE
5032,"N",2.22044604925031e-16,"N",TRUE
5031,"N",2.22044604925031e-16,"N",TRUE
5024,"N",2.22044604925031e-16,"N",TRUE
5022,"N",2.22044604925031e-16,"N",TRUE
5021,"Y",1,"Y",TRUE
5018,"N",2.22044604925031e-16,"N",TRUE
5017,"Y",1,"Y",TRUE
5016,"N",2.22044604925031e-16,"N",TRUE
5204,"N",2.22044604925031e-16,"N",TRUE
5201,"N",2.22044604925031e-16,"N",TRUE
5199,"N",2.22044604925031e-16,"N",TRUE
5197,"N",2.22044604925031e-16,"N",TRUE
5196,"N",2.22044604925031e-16,"N",TRUE
5183,"N",2.22044604925031e-16,"N",TRUE
5174,"N",2.22044604925031e-16,"N",TRUE
5170,"Y",1,"Y",TRUE
5165,"N",2.22044604925031e-16,"N",TRUE
5162,"N",2.22044604925031e-16,"N",TRUE
5158,"N",2.22044604925031e-16,"N",TRUE
5153,"Y",1,"Y",TRUE
5150,"N",2.22044604925031e-16,"N",TRUE
5149,"N",2.22044604925031e-16,"N",TRUE
5144,"N",1,"Y",FALSE
5143,"N",2.22044604925031e-16,"N",TRUE
5139,"N",2.22044604925031e-16,"N",TRUE
5137,"N",2.22044604925031e-16,"N",TRUE
5136,"N",2.22044604925031e-16,"N",TRUE
5134,"Y",1,"Y",TRUE
5132,"N",2.22044604925031e-16,"N",TRUE
5130,"Y",1,"Y",TRUE
5126,"N",1,"Y",FALSE
5123,"N",2.22044604925031e-16,"N",TRUE
5206,"Y",1,"Y",TRUE
5231,"N",2.22044604925031e-16,"N",TRUE
5227,"N",1,"Y",FALSE
5225,"N",2.22044604925031e-16,"N",TRUE
5221,"Y",1,"Y",TRUE
5218,"Y",2.22044604925031e-16,"N",FALSE
5217,"N",2.22044604925031e-16,"N",TRUE
5216,"Y",2.22044604925031e-16,"N",FALSE
5215,"N",2.22044604925031e-16,"N",TRUE
5327,"N",2.22044604925031e-16,"N",TRUE
5325,"Y",2.22044604925031e-16,"N",FALSE
5324,"N",2.22044604925031e-16,"N",TRUE
5322,"N",2.22044604925031e-16,"N",TRUE
5319,"N",2.22044604925031e-16,"N",TRUE
5313,"N",2.22044604925031e-16,"N",TRUE
5308,"N",2.22044604925031e-16,"N",TRUE
5305,"Y",2.22044604925031e-16,"N",FALSE
5302,"N",2.22044604925031e-16,"N",TRUE
5295,"N",2.22044604925031e-16,"N",TRUE
5284,"N",2.22044604925031e-16,"N",TRUE
5282,"N",2.22044604925031e-16,"N",TRUE
5273,"N",2.22044604925031e-16,"N",TRUE
5272,"N",2.22044604925031e-16,"N",TRUE
5270,"N",2.22044604925031e-16,"N",TRUE
5269,"N",2.22044604925031e-16,"N",TRUE
5261,"N",2.22044604925031e-16,"N",TRUE
5257,"N",2.22044604925031e-16,"N",TRUE
5252,"N",2.22044604925031e-16,"N",TRUE
5249,"Y",1,"Y",TRUE
5247,"N",2.22044604925031e-16,"N",TRUE
5246,"N",2.22044604925031e-16,"N",TRUE
5244,"N",1,"Y",FALSE
5241,"N",2.22044604925031e-16,"N",TRUE
5239,"Y",2.22044604925031e-16,"N",FALSE
5403,"N",2.22044604925031e-16,"N",TRUE
5399,"N",2.22044604925031e-16,"N",TRUE
5397,"N",2.22044604925031e-16,"N",TRUE
5395,"Y",2.22044604925031e-16,"N",FALSE
5394,"N",2.22044604925031e-16,"N",TRUE
5391,"N",2.22044604925031e-16,"N",TRUE
5387,"Y",2.22044604925031e-16,"N",FALSE
5386,"N",2.22044604925031e-16,"N",TRUE
5383,"N",2.22044604925031e-16,"N",TRUE
5378,"N",2.22044604925031e-16,"N",TRUE
5377,"N",2.22044604925031e-16,"N",TRUE
5376,"N",2.22044604925031e-16,"N",TRUE
5375,"N",2.22044604925031e-16,"N",TRUE
5372,"N",2.22044604925031e-16,"N",TRUE
5371,"N",2.22044604925031e-16,"N",TRUE
5369,"N",2.22044604925031e-16,"N",TRUE
5367,"N",1,"Y",FALSE
5366,"N",2.22044604925031e-16,"N",TRUE
5362,"N",2.22044604925031e-16,"N",TRUE
5356,"N",2.22044604925031e-16,"N",TRUE
5354,"Y",1,"Y",TRUE
5349,"Y",1,"Y",TRUE
5342,"Y",2.22044604925031e-16,"N",FALSE
5336,"N",2.22044604925031e-16,"N",TRUE
5335,"N",2.22044604925031e-16,"N",TRUE
5334,"N",2.22044604925031e-16,"N",TRUE
5332,"N",2.22044604925031e-16,"N",TRUE
5329,"Y",1,"Y",TRUE
5496,"N",2.22044604925031e-16,"N",TRUE
5495,"N",2.22044604925031e-16,"N",TRUE
5489,"N",2.22044604925031e-16,"N",TRUE
5486,"Y",2.22044604925031e-16,"N",FALSE
5483,"N",2.22044604925031e-16,"N",TRUE
5482,"N",2.22044604925031e-16,"N",TRUE
5479,"N",2.22044604925031e-16,"N",TRUE
5476,"N",2.22044604925031e-16,"N",TRUE
5470,"N",2.22044604925031e-16,"N",TRUE
5469,"N",2.22044604925031e-16,"N",TRUE
5464,"N",2.22044604925031e-16,"N",TRUE
5457,"N",2.22044604925031e-16,"N",TRUE
5456,"Y",2.22044604925031e-16,"N",FALSE
5454,"N",2.22044604925031e-16,"N",TRUE
5453,"N",2.22044604925031e-16,"N",TRUE
5451,"N",2.22044604925031e-16,"N",TRUE
5446,"N",2.22044604925031e-16,"N",TRUE
5445,"Y",1,"Y",TRUE
5429,"N",2.22044604925031e-16,"N",TRUE
5426,"Y",1,"Y",TRUE
5424,"N",1,"Y",FALSE
5423,"Y",1,"Y",TRUE
5422,"N",2.22044604925031e-16,"N",TRUE
5419,"N",2.22044604925031e-16,"N",TRUE
5410,"Y",1,"Y",TRUE
5596,"N",2.22044604925031e-16,"N",TRUE
5595,"N",2.22044604925031e-16,"N",TRUE
5592,"N",2.22044604925031e-16,"N",TRUE
5583,"N",2.22044604925031e-16,"N",TRUE
5580,"N",2.22044604925031e-16,"N",TRUE
5579,"N",2.22044604925031e-16,"N",TRUE
5576,"N",2.22044604925031e-16,"N",TRUE
5574,"N",2.22044604925031e-16,"N",TRUE
5573,"Y",2.22044604925031e-16,"N",FALSE
5570,"N",2.22044604925031e-16,"N",TRUE
5569,"N",2.22044604925031e-16,"N",TRUE
5568,"Y",1,"Y",TRUE
5565,"Y",1,"Y",TRUE
5563,"N",1,"Y",FALSE
5555,"N",2.22044604925031e-16,"N",TRUE
5551,"N",2.22044604925031e-16,"N",TRUE
5547,"N",2.22044604925031e-16,"N",TRUE
5544,"N",2.22044604925031e-16,"N",TRUE
5543,"N",2.22044604925031e-16,"N",TRUE
5539,"N",2.22044604925031e-16,"N",TRUE
5536,"Y",1,"Y",TRUE
5525,"N",2.22044604925031e-16,"N",TRUE
5524,"N",2.22044604925031e-16,"N",TRUE
5523,"N",1,"Y",FALSE
5521,"Y",1,"Y",TRUE
5517,"N",2.22044604925031e-16,"N",TRUE
5511,"N",2.22044604925031e-16,"N",TRUE
5509,"N",2.22044604925031e-16,"N",TRUE
5508,"N",2.22044604925031e-16,"N",TRUE
5506,"N",2.22044604925031e-16,"N",TRUE
5502,"Y",1,"Y",TRUE
5686,"N",2.22044604925031e-16,"N",TRUE
5682,"N",2.22044604925031e-16,"N",TRUE
5681,"N",2.22044604925031e-16,"N",TRUE
5680,"N",2.22044604925031e-16,"N",TRUE
5673,"N",2.22044604925031e-16,"N",TRUE
5665,"Y",2.22044604925031e-16,"N",FALSE
5663,"N",2.22044604925031e-16,"N",TRUE
5658,"Y",1,"Y",TRUE
5659,"Y",1,"Y",TRUE
5657,"N",2.22044604925031e-16,"N",TRUE
5652,"N",2.22044604925031e-16,"N",TRUE
5650,"N",2.22044604925031e-16,"N",TRUE
5646,"N",2.22044604925031e-16,"N",TRUE
5645,"Y",1,"Y",TRUE
5640,"N",2.22044604925031e-16,"N",TRUE
5637,"N",2.22044604925031e-16,"N",TRUE
5636,"Y",1,"Y",TRUE
5634,"N",2.22044604925031e-16,"N",TRUE
5627,"N",2.22044604925031e-16,"N",TRUE
5625,"N",2.22044604925031e-16,"N",TRUE
5624,"N",2.22044604925031e-16,"N",TRUE
5622,"N",2.22044604925031e-16,"N",TRUE
5619,"Y",2.22044604925031e-16,"N",FALSE
5608,"N",2.22044604925031e-16,"N",TRUE
5606,"N",2.22044604925031e-16,"N",TRUE
5605,"N",2.22044604925031e-16,"N",TRUE
5603,"N",2.22044604925031e-16,"N",TRUE
5600,"N",2.22044604925031e-16,"N",TRUE
5599,"N",2.22044604925031e-16,"N",TRUE
5702,"N",2.22044604925031e-16,"N",TRUE
5701,"Y",2.22044604925031e-16,"N",FALSE
5700,"N",2.22044604925031e-16,"N",TRUE
5696,"N",2.22044604925031e-16,"N",TRUE
5692,"Y",1,"Y",TRUE
5691,"Y",1,"Y",TRUE
5716,"Y",2.22044604925031e-16,"N",FALSE
5714,"N",2.22044604925031e-16,"N",TRUE
5713,"N",2.22044604925031e-16,"N",TRUE
5818,"N",2.22044604925031e-16,"N",TRUE
5816,"N",2.22044604925031e-16,"N",TRUE
5811,"N",2.22044604925031e-16,"N",TRUE
5810,"N",2.22044604925031e-16,"N",TRUE
5806,"N",2.22044604925031e-16,"N",TRUE
5803,"N",2.22044604925031e-16,"N",TRUE
5797,"N",2.22044604925031e-16,"N",TRUE
5796,"N",2.22044604925031e-16,"N",TRUE
5793,"N",2.22044604925031e-16,"N",TRUE
5792,"N",2.22044604925031e-16,"N",TRUE
5791,"N",2.22044604925031e-16,"N",TRUE
5790,"N",2.22044604925031e-16,"N",TRUE
5788,"N",2.22044604925031e-16,"N",TRUE
5785,"N",2.22044604925031e-16,"N",TRUE
5784,"N",2.22044604925031e-16,"N",TRUE
5780,"N",2.22044604925031e-16,"N",TRUE
5779,"N",2.22044604925031e-16,"N",TRUE
5776,"N",2.22044604925031e-16,"N",TRUE
5774,"N",2.22044604925031e-16,"N",TRUE
5770,"N",2.22044604925031e-16,"N",TRUE
5765,"Y",1,"Y",TRUE
5761,"N",2.22044604925031e-16,"N",TRUE
5759,"N",2.22044604925031e-16,"N",TRUE
5756,"Y",1,"Y",TRUE
5755,"N",2.22044604925031e-16,"N",TRUE
5748,"N",2.22044604925031e-16,"N",TRUE
5747,"N",2.22044604925031e-16,"N",TRUE
5738,"N",2.22044604925031e-16,"N",TRUE
5737,"N",2.22044604925031e-16,"N",TRUE
5731,"N",1,"Y",FALSE
5729,"N",1,"Y",FALSE
5723,"Y",1,"Y",TRUE
5722,"N",2.22044604925031e-16,"N",TRUE
5901,"N",2.22044604925031e-16,"N",TRUE
5900,"N",2.22044604925031e-16,"N",TRUE
5894,"N",2.22044604925031e-16,"N",TRUE
5893,"N",2.22044604925031e-16,"N",TRUE
5892,"N",2.22044604925031e-16,"N",TRUE
5891,"N",2.22044604925031e-16,"N",TRUE
5887,"N",2.22044604925031e-16,"N",TRUE
5885,"N",2.22044604925031e-16,"N",TRUE
5883,"N",2.22044604925031e-16,"N",TRUE
5880,"N",2.22044604925031e-16,"N",TRUE
5878,"N",2.22044604925031e-16,"N",TRUE
5876,"N",2.22044604925031e-16,"N",TRUE
5873,"N",2.22044604925031e-16,"N",TRUE
5868,"Y",1,"Y",TRUE
5866,"N",2.22044604925031e-16,"N",TRUE
5861,"N",2.22044604925031e-16,"N",TRUE
5859,"Y",1,"Y",TRUE
5855,"Y",1,"Y",TRUE
5852,"N",2.22044604925031e-16,"N",TRUE
5847,"N",2.22044604925031e-16,"N",TRUE
5846,"N",2.22044604925031e-16,"N",TRUE
5845,"N",2.22044604925031e-16,"N",TRUE
5844,"N",2.22044604925031e-16,"N",TRUE
5843,"N",2.22044604925031e-16,"N",TRUE
5836,"N",2.22044604925031e-16,"N",TRUE
5834,"N",2.22044604925031e-16,"N",TRUE
5833,"N",2.22044604925031e-16,"N",TRUE
5830,"N",2.22044604925031e-16,"N",TRUE
5829,"N",2.22044604925031e-16,"N",TRUE
5828,"N",2.22044604925031e-16,"N",TRUE
5826,"N",2.22044604925031e-16,"N",TRUE
5825,"N",2.22044604925031e-16,"N",TRUE
5821,"N",2.22044604925031e-16,"N",TRUE
5820,"N",2.22044604925031e-16,"N",TRUE
5998,"Y",1,"Y",TRUE
5993,"N",2.22044604925031e-16,"N",TRUE
5992,"N",2.22044604925031e-16,"N",TRUE
5988,"N",2.22044604925031e-16,"N",TRUE
5984,"N",2.22044604925031e-16,"N",TRUE
5979,"N",2.22044604925031e-16,"N",TRUE
5978,"N",2.22044604925031e-16,"N",TRUE
5977,"N",2.22044604925031e-16,"N",TRUE
5974,"N",2.22044604925031e-16,"N",TRUE
5959,"Y",1,"Y",TRUE
5958,"Y",1,"Y",TRUE
5954,"N",2.22044604925031e-16,"N",TRUE
5953,"N",2.22044604925031e-16,"N",TRUE
5951,"N",2.22044604925031e-16,"N",TRUE
5949,"N",2.22044604925031e-16,"N",TRUE
5943,"N",2.22044604925031e-16,"N",TRUE
5941,"N",2.22044604925031e-16,"N",TRUE
5938,"N",2.22044604925031e-16,"N",TRUE
5935,"N",2.22044604925031e-16,"N",TRUE
5932,"Y",1,"Y",TRUE
5929,"N",2.22044604925031e-16,"N",TRUE
5927,"N",2.22044604925031e-16,"N",TRUE
5926,"N",2.22044604925031e-16,"N",TRUE
5925,"Y",2.22044604925031e-16,"N",FALSE
5922,"N",2.22044604925031e-16,"N",TRUE
5920,"N",2.22044604925031e-16,"N",TRUE
6090,"N",2.22044604925031e-16,"N",TRUE
6085,"N",2.22044604925031e-16,"N",TRUE
6083,"N",2.22044604925031e-16,"N",TRUE
6080,"N",2.22044604925031e-16,"N",TRUE
6079,"N",2.22044604925031e-16,"N",TRUE
6078,"N",2.22044604925031e-16,"N",TRUE
6064,"N",2.22044604925031e-16,"N",TRUE
6063,"Y",1,"Y",TRUE
6060,"N",2.22044604925031e-16,"N",TRUE
6055,"N",2.22044604925031e-16,"N",TRUE
6053,"N",2.22044604925031e-16,"N",TRUE
6052,"N",2.22044604925031e-16,"N",TRUE
6051,"N",2.22044604925031e-16,"N",TRUE
6045,"N",2.22044604925031e-16,"N",TRUE
6044,"N",2.22044604925031e-16,"N",TRUE
6040,"N",2.22044604925031e-16,"N",TRUE
6039,"Y",2.22044604925031e-16,"N",FALSE
6034,"N",2.22044604925031e-16,"N",TRUE
6033,"N",2.22044604925031e-16,"N",TRUE
6029,"N",2.22044604925031e-16,"N",TRUE
6026,"N",2.22044604925031e-16,"N",TRUE
6022,"Y",1,"Y",TRUE
6020,"N",2.22044604925031e-16,"N",TRUE
6019,"N",2.22044604925031e-16,"N",TRUE
6018,"N",2.22044604925031e-16,"N",TRUE
6017,"N",2.22044604925031e-16,"N",TRUE
6015,"N",2.22044604925031e-16,"N",TRUE
6014,"N",2.22044604925031e-16,"N",TRUE
6013,"Y",1,"Y",TRUE
6009,"N",2.22044604925031e-16,"N",TRUE
6008,"N",2.22044604925031e-16,"N",TRUE
6006,"N",2.22044604925031e-16,"N",TRUE
6001,"Y",1,"Y",TRUE
6196,"N",2.22044604925031e-16,"N",TRUE
6190,"N",2.22044604925031e-16,"N",TRUE
6186,"N",2.22044604925031e-16,"N",TRUE
6185,"N",2.22044604925031e-16,"N",TRUE
6182,"N",2.22044604925031e-16,"N",TRUE
6179,"N",2.22044604925031e-16,"N",TRUE
6177,"N",2.22044604925031e-16,"N",TRUE
6176,"N",2.22044604925031e-16,"N",TRUE
6174,"N",2.22044604925031e-16,"N",TRUE
6170,"N",2.22044604925031e-16,"N",TRUE
6165,"N",2.22044604925031e-16,"N",TRUE
6164,"N",2.22044604925031e-16,"N",TRUE
6163,"N",2.22044604925031e-16,"N",TRUE
6160,"N",2.22044604925031e-16,"N",TRUE
6156,"N",2.22044604925031e-16,"N",TRUE
6151,"N",2.22044604925031e-16,"N",TRUE
6149,"N",2.22044604925031e-16,"N",TRUE
6145,"N",2.22044604925031e-16,"N",TRUE
6143,"Y",1,"Y",TRUE
6140,"N",2.22044604925031e-16,"N",TRUE
6139,"N",2.22044604925031e-16,"N",TRUE
6132,"N",2.22044604925031e-16,"N",TRUE
6125,"N",2.22044604925031e-16,"N",TRUE
6117,"N",2.22044604925031e-16,"N",TRUE
6116,"N",2.22044604925031e-16,"N",TRUE
6204,"Y",1,"Y",TRUE
6203,"N",2.22044604925031e-16,"N",TRUE
6200,"Y",1,"Y",TRUE
6220,"N",2.22044604925031e-16,"N",TRUE
6212,"N",2.22044604925031e-16,"N",TRUE
6307,"N",2.22044604925031e-16,"N",TRUE
6304,"N",2.22044604925031e-16,"N",TRUE
6299,"N",2.22044604925031e-16,"N",TRUE
6298,"N",2.22044604925031e-16,"N",TRUE
6284,"N",2.22044604925031e-16,"N",TRUE
6276,"N",1,"Y",FALSE
6273,"N",2.22044604925031e-16,"N",TRUE
6270,"N",2.22044604925031e-16,"N",TRUE
6264,"N",2.22044604925031e-16,"N",TRUE
6260,"N",2.22044604925031e-16,"N",TRUE
6254,"N",2.22044604925031e-16,"N",TRUE
6253,"Y",1,"Y",TRUE
6252,"Y",2.22044604925031e-16,"N",FALSE
6246,"N",2.22044604925031e-16,"N",TRUE
6241,"N",2.22044604925031e-16,"N",TRUE
6233,"N",2.22044604925031e-16,"N",TRUE
6230,"N",2.22044604925031e-16,"N",TRUE
6229,"N",2.22044604925031e-16,"N",TRUE
6383,"N",2.22044604925031e-16,"N",TRUE
6381,"N",2.22044604925031e-16,"N",TRUE
6379,"N",2.22044604925031e-16,"N",TRUE
6378,"N",2.22044604925031e-16,"N",TRUE
6377,"N",2.22044604925031e-16,"N",TRUE
6376,"N",2.22044604925031e-16,"N",TRUE
6375,"N",2.22044604925031e-16,"N",TRUE
6370,"Y",2.22044604925031e-16,"N",FALSE
6362,"N",2.22044604925031e-16,"N",TRUE
6357,"Y",2.22044604925031e-16,"N",FALSE
6356,"N",2.22044604925031e-16,"N",TRUE
6354,"Y",2.22044604925031e-16,"N",FALSE
6350,"N",2.22044604925031e-16,"N",TRUE
6349,"N",2.22044604925031e-16,"N",TRUE
6346,"Y",1,"Y",TRUE
6345,"Y",1,"Y",TRUE
6341,"N",2.22044604925031e-16,"N",TRUE
6336,"N",2.22044604925031e-16,"N",TRUE
6329,"N",1,"Y",FALSE
6325,"N",2.22044604925031e-16,"N",TRUE
6314,"N",2.22044604925031e-16,"N",TRUE
6313,"Y",1,"Y",TRUE
6312,"N",2.22044604925031e-16,"N",TRUE
6448,"Y",1,"Y",TRUE
6445,"N",2.22044604925031e-16,"N",TRUE
6442,"N",2.22044604925031e-16,"N",TRUE
6438,"N",2.22044604925031e-16,"N",TRUE
6436,"N",2.22044604925031e-16,"N",TRUE
6435,"N",2.22044604925031e-16,"N",TRUE
6434,"N",2.22044604925031e-16,"N",TRUE
6430,"N",2.22044604925031e-16,"N",TRUE
6429,"N",2.22044604925031e-16,"N",TRUE
6428,"N",2.22044604925031e-16,"N",TRUE
6427,"N",2.22044604925031e-16,"N",TRUE
6426,"N",2.22044604925031e-16,"N",TRUE
6423,"N",2.22044604925031e-16,"N",TRUE
6419,"N",2.22044604925031e-16,"N",TRUE
6415,"Y",1,"Y",TRUE
6414,"N",2.22044604925031e-16,"N",TRUE
6412,"N",1,"Y",FALSE
6407,"N",2.22044604925031e-16,"N",TRUE
6406,"N",2.22044604925031e-16,"N",TRUE
6402,"N",2.22044604925031e-16,"N",TRUE
6401,"N",2.22044604925031e-16,"N",TRUE
6396,"N",2.22044604925031e-16,"N",TRUE
6394,"N",2.22044604925031e-16,"N",TRUE
6392,"N",2.22044604925031e-16,"N",TRUE
6390,"Y",2.22044604925031e-16,"N",FALSE
6387,"Y",2.22044604925031e-16,"N",FALSE
6385,"Y",1,"Y",TRUE
6473,"N",2.22044604925031e-16,"N",TRUE
6470,"N",2.22044604925031e-16,"N",TRUE
6469,"N",2.22044604925031e-16,"N",TRUE
6467,"N",2.22044604925031e-16,"N",TRUE
6461,"N",2.22044604925031e-16,"N",TRUE
6459,"N",2.22044604925031e-16,"N",TRUE
6457,"Y",1,"Y",TRUE
6456,"N",2.22044604925031e-16,"N",TRUE
6455,"N",2.22044604925031e-16,"N",TRUE
6454,"Y",1,"Y",TRUE
6453,"N",2.22044604925031e-16,"N",TRUE
6507,"N",2.22044604925031e-16,"N",TRUE
6505,"N",2.22044604925031e-16,"N",TRUE
6501,"N",2.22044604925031e-16,"N",TRUE
6499,"N",1,"Y",FALSE
6496,"N",2.22044604925031e-16,"N",TRUE
6491,"N",2.22044604925031e-16,"N",TRUE
6489,"N",2.22044604925031e-16,"N",TRUE
6485,"N",2.22044604925031e-16,"N",TRUE
6483,"N",2.22044604925031e-16,"N",TRUE
6481,"N",2.22044604925031e-16,"N",TRUE
6479,"N",1,"Y",FALSE
6478,"Y",1,"Y",TRUE
6514,"N",2.22044604925031e-16,"N",TRUE
6526,"Y",1,"Y",TRUE
6524,"N",2.22044604925031e-16,"N",TRUE
6522,"Y",1,"Y",TRUE
6520,"N",2.22044604925031e-16,"N",TRUE
