"UniqueID","Probability1"
6630,3.05426476886954e-09
6629,0.0194410575828754
6628,1.06534209633414e-10
6627,0.0363630066162305
6626,3.31580363291957e-11
6625,0.0642179177542303
6624,5.31533073910028e-09
6623,0.0152868671619617
6622,0.0952998714057509
6621,0.0736062818245119
6620,6.16660470729769e-10
6619,0.0794471738010197
6618,0.0420783932865508
6617,0.0212552189168312
6616,1.67980386472281e-10
6615,1.02087291687462e-09
6614,0.0106000986562198
6613,0.0140823758849843
6612,0.225988115680161
6611,0.0746723546439514
6610,0.000594813588748411
6609,0.932386968917954
6608,0.895520705480307
6607,0.0331350804186152
6606,0.516117476062498
6605,0.166873826227148
6604,0.0253337560885747
6603,0.00185362560011104
6602,2.22044604925031e-16
6601,0.147851161548037
6600,0.999999999266319
6599,0.000600999488688226
6598,0.00323941889404924
6597,0.0120939750363144
6596,0.00367181010800557
6595,0.018736772997649
6594,0.034686635267726
6593,0.00693196744541724
6592,4.29657420176615e-09
6591,0.848593221125287
6590,0.057332457631262
6589,2.22044604925031e-16
6588,0.00368780666781581
6587,0.156665664727183
6586,0.274785207374866
6585,1.16580038977217e-09
6584,0.287437889606116
6583,0.00562650209189103
6582,0.00976200013233414
6581,0.940230732049964
6580,0.00422459607706739
6579,0.0744474735750984
6578,0.00798486631351478
6577,0.000312766523373228
6576,0.606790333169804
6575,0.00945708549210308
6574,0.888287445503232
6573,0.656624774824125
6572,0.740097644163637
6571,0.098884704047536
6570,0.0122866616215277
6569,0.644743408610421
6568,0.836102340409357
6567,0.107322526553015
6566,0.0369144909236312
6565,0.0182869693526198
6564,0.092622033991603
6563,3.90789850108921e-09
6562,0.00934864868067282
6561,0.308876653490216
6560,0.709291889817805
6559,0.0406439646497155
6558,0.432182911867374
6557,0.0001949217156769
6556,0.0662842737397718
6555,0.829209029952875
6554,0.00517409848922749
6553,0.271999976816697
6552,0.0216647437901483
6551,0.354249036632425
6550,0.062996027585793
6549,0.80728148461967
6548,0.934134004061159
6547,0.00306245866006297
6546,0.0126938558187107
6545,0.00354418441486297
6544,0.770933522015428
6543,3.8401619563085e-09
6542,0.0193008238555555
6541,0.014377058747711
6540,0.00903474153025791
6539,0.977108711645337
6538,0.873494504297743
6537,0.546438745381777
6536,0.355623372926706
6535,0.933970971929389
6534,0.533263254315737
6533,0.0132433826552515
6722,0.00806267308767075
6721,1.27378961940872e-09
6720,0.385502117591919
6719,0.00996119245610969
6718,0.0764347920045094
6717,2.49373683262284e-11
6716,3.55664391546539e-11
6715,0.0923317152635985
6714,0.0145599669629785
6713,2.33877685358582e-09
6712,0.0237021937765927
6711,0.161175435350268
6710,0.00244518750232896
6709,0.00297158861259918
6708,0.00670838449216582
6707,0.164130668083718
6706,7.83179332347877e-12
6705,0.0223543303317286
6704,1.90390772840652e-10
6703,0.000305188620714262
6702,0.00439843005697288
6701,0.806017598859527
6700,1.5857704612042e-09
6699,0.022918059198763
6698,0.021866656922282
6697,0.754796242519499
6696,0.00186365815900609
6695,0.118565354777167
6694,0.762875156194531
6693,2.22044604925031e-16
6692,0.0986985723654567
6691,0.073220911526222
6690,0.00910148445650679
6689,0.00153373486475373
6688,0.800414349118739
6687,0.0300095688141892
6686,0.0267198002266609
6685,1.72442751304895e-09
6684,0.672164068069034
6683,0.0679226375150453
6682,0.00236362442481059
6681,0.0264526560809524
6680,0.999999913214766
6679,0.0121399931235258
6678,0.0168346918354339
6677,6.71835505876951e-09
6676,0.0122357361601249
6675,0.000822993938262542
6674,0.0328975641420206
6673,0.0552771491271788
6672,2.25063625899387e-10
6671,0.96365255817509
6670,0.8318222176384
6669,0.0187838587720118
6668,6.02956269868117e-11
6667,0.0702363376463159
6666,0.00474056708031365
6665,0.224283469195359
6664,0.191560764832394
6663,0.0463508186960052
6662,0.018415805972079
6661,0.00178166202352956
6660,0.461925290003962
6659,0.0231381902330689
6658,0.104155791696317
6657,0.00633209211492466
6656,0.0497404033459774
6655,0.29022024475422
6654,0.0100912608100666
6653,0.0126671221386442
6652,4.61575625482622e-05
6651,0.000163062708541874
6650,0.55863100168103
6649,0.292994308407423
6648,0.0260934509643735
6647,0.0230313122058286
6646,0.331524440117243
6645,0.00487140964914309
6644,0.32442922422493
6643,0.34319647175851
6642,0.446847500413684
6641,0.451452496950966
6640,0.407168854616715
6639,0.122907571396605
6638,0.207120946783236
6637,0.167617513233868
6636,0.174210613916265
6635,0.307869182348797
6634,0.000448020574142129
6633,0.94371283147535
6632,0.0352003577196174
6631,0.00719485433886637
6807,0.817534096961849
6806,1.42738235476253e-09
6805,0.00179395835939788
6804,1.77898192006552e-11
6803,4.30072462330955e-11
6802,9.08930028660067e-09
6801,0.0439702291288233
6800,0.0436673371791871
6799,0.0787705310798094
6798,0.0406493972004207
6797,0.0619425032799578
6796,0.0190119924902104
6795,3.91140188524293e-10
6794,2.22044604925031e-16
6793,0.176146018286589
6792,0.000292828073783612
6791,2.39832000017993e-09
6790,0.00377434299965785
6789,0.040476673219013
6788,0.0224090982456426
6787,0.745834878605755
6786,0.0516885785754065
6785,0.0151340429080487
6784,0.0100196382498592
6783,0.00323732013767053
6782,0.176403206081047
6781,0.497430398099474
6780,0.835380769128638
6779,0.0239026296707882
6778,0.0117083955671178
6777,2.22044604925031e-16
6776,0.14934530889258
6775,0.518319767827527
6774,5.29345784652017e-11
6773,0.0085541833668095
6772,0.0358812371873469
6771,0.000407806539294848
6770,0.145082401428304
6769,0.0248045018481638
6768,0.010367770172071
6767,0.0107923108353078
6766,0.0223357118600747
6765,0.0684561697645855
6764,0.784068398526417
6763,1
6762,8.16700133120286e-10
6761,0.0338093941240973
6760,0.00991602086636876
6759,0.00571167817815421
6758,0.0773982259798154
6757,0.116168895793195
6756,0.0486236919178492
6755,0.0121032103754477
6754,0.00681759654424025
6753,0.885530216860891
6752,0.675091991474369
6751,0.000883789463139778
6750,0.476933156175767
6749,0.0321071597766787
6748,0.040959883797553
6747,0.0820797870990174
6746,0.00911264911916855
6745,0.113610341602133
6744,5.02611441026527e-10
6743,0.103147837481518
6742,2.97090994390947e-09
6741,0.0084408661545642
6740,0.000947734756826447
6739,0.451610527995504
6738,0.11625247785987
6737,0.0229873778766275
6736,0.0368656934451533
6735,0.028178618698109
6734,0.010072923270711
6733,0.0240155250469204
6732,0.0101252265887482
6731,0.850381577646634
6730,0.000162602624150189
6729,0.0148641313961017
6728,0.920286617564215
6727,1.54951587884239e-09
6726,0.158257016445964
6725,0.61801671885438
6724,0.0968595825403045
6723,0.910151792725972
6902,0.0113768860910233
6901,2.17602958059442e-09
6900,8.11651654446907e-11
6899,3.52581157996727e-11
6898,3.97477469679443e-09
6897,0.011309907755566
6896,0.00536337669123144
6895,0.0127754085245611
6894,2.22044604925031e-16
6893,0.0666092966693905
6892,0.0124060216835856
6891,0.0175963323189929
6890,0.0124582288521236
6889,0.0534548987677261
6888,1.49383654503074e-08
6887,2.22044604925031e-16
6886,0.0126144901500902
6885,0.768690254858183
6884,3.24761246550364e-11
6883,2.09297746869784e-09
6882,0.0124497636914322
6881,0.00321377922601613
6880,0.00247753793351836
6879,0.080084661245357
6878,0.312431357150262
6877,0.019076987170438
6876,0.0139060367678298
6875,0.0114802213497565
6874,0.1770753262613
6873,0.155794494262339
6872,0.0128611643533498
6871,0.0212253893582882
6870,1.31447714867142e-10
6869,0.513789164001953
6868,0.0140251710571734
6867,0.106602855338551
6866,0.422011646606372
6865,0.0118651573719237
6864,0.404788822512943
6863,0.628480593376543
6862,0.0255977235002955
6861,0.0497862711475655
6860,0.91468134740144
6859,0.853069999794535
6858,0.0120213511715372
6857,0.0202195630967513
6856,0.00625390406532012
6855,0.0614752379612816
6854,0.00826848785960816
6853,0.023218473160282
6852,0.834746358334549
6851,0.000404963435210825
6850,0.425859505020939
6849,1.87563927024051e-10
6848,0.0136907023957618
6847,0.320410520942998
6846,5.68758266304219e-10
6845,0.845350536994498
6844,0.945301583933589
6843,0.00944283967220401
6842,0.0056372844602757
6841,1.1404271625314e-09
6840,0.0314328819660196
6839,0.0190543315574258
6838,0.0205215856322899
6837,0.0802448468497302
6836,0.0524868439819844
6835,0.798485873974406
6834,0.0140029227380265
6833,0.0864219171578746
6832,0.0230183077994537
6831,8.3121757360477e-11
6830,0.0364172895599949
6829,0.0158213565213312
6828,0.000521713015276615
6827,0.0340904432299594
6826,0.00892861905678901
6825,0.845353045943721
6824,0.611566351017207
6823,0.224884687038352
6822,0.00371332683371005
6821,0.029465926734423
6820,0.0561203297181837
6819,0.924807660185777
6818,0.130902637372886
6817,0.136053158617004
6816,0.162473292754166
6815,0.00944523052972718
6814,0.0281847815269711
6813,0.000208828370294763
6812,0.0334399820312125
6811,0.0472142155265715
6810,0.970147306290146
6809,0.0596610805214113
6808,0.892805548968537
6999,3.1108917287068e-09
6998,0.0182356272460559
6997,7.60762571445425e-12
6996,0.0243536494467588
6995,0.0138196785749829
6994,4.46597012747693e-09
6993,0.0170108420891933
6992,5.36988904113863e-12
6991,0.0984503576909655
6990,0.956857645777341
6989,0.0167511461524208
6988,0.0163832237473163
6987,0.0311382488128389
6986,0.0403926623973888
6985,3.36100431068452e-10
6984,0.00970661635592161
6983,0.00680695456079463
6982,5.36214554314699e-10
6981,0.00398973126710049
6980,1.7531888972428e-09
6979,0.275947545220113
6978,0.00043852278695515
6977,0.0309074681596853
6976,6.74054362026555e-09
6975,0.014005298532915
6974,0.000172196354572216
6973,0.00789453779219201
6972,0.682938148418979
6971,0.00158412988426081
6970,0.00298092407940959
6969,0.0383807458242528
6968,0.247914905806904
6967,0.644045033573622
6966,0.183944400775938
6965,0.0409451616059213
6964,0.00577703938410758
6963,0.711934746064363
6962,0.101440970857821
6961,0.0070399138167444
6960,0.124087004594339
6959,0.00117477021648625
6958,2.22044604925031e-16
6957,0.0374325579013752
6956,0.9800314818756
6955,0.0872226400914003
6954,1.92988847023375e-09
6953,0.671623832978167
6952,0.0410834361444318
6951,0.0541928943201281
6950,0.0160874147480699
6949,0.0169810493797691
6948,2.22044604925031e-16
6947,0.0966398830456611
6946,0.154466298695667
6945,0.00330437724145484
6944,0.0913479752090145
6943,0.79491901807326
6942,0.0160568318648126
6941,0.159945642174429
6940,0.821632476915202
6939,0.0296882924706549
6938,0.08301874749306
6937,0.0712122558448686
6936,0.00181425904114346
6935,0.587098328000526
6934,0.893203911468605
6933,0.00764021439298878
6932,1.07099438359879e-08
6931,1.2958742006743e-09
6930,0.00433645282079904
6929,0.0542465255674799
6928,0.0152720339141086
6927,0.78630421526309
6926,0.00168221294873864
6925,0.930052303838099
6924,0.291176652024572
6923,0.0640734883913212
6922,0.0371589920734884
6921,0.7773555624132
6920,0.121113686476434
6919,6.16461097020725e-05
6918,0.476315668957376
6917,0.00272570047978695
6916,0.0473576040545714
6915,0.0597391948335962
6914,0.00116239405704417
6913,0.0667446553739735
6912,0.000219453233559084
6911,0.200177580090241
6910,0.00209112156946591
6909,0.168583947906926
6908,0.0430783183186439
6907,0.0396520169359809
6906,0.00233148467751965
6905,0.0331054469455708
6904,0.855523361256656
6903,0.0853582079574322
7012,0.80619545646586
7011,0.105602513666094
7010,0.00215157110104433
7009,0.724261299060239
7008,0.0220837012328156
7007,2.22044604925031e-16
7006,0.0023735473562764
7005,0.935627364676588
7004,0.385451123531546
7003,0.975845711713046
7002,0.707339179532444
7001,0.023112316914798
7000,0.00876273046255664
7033,0.00989896009399316
7032,0.306033575722212
7031,2.22044604925031e-16
7030,0.636836362284026
7029,0.00114106748962344
7028,2.22044604925031e-16
7027,0.021043450092241
7026,0.964148048946109
7025,0.0266554512743345
7024,0.924240445038423
7023,0.993175606193503
7022,0.968194412147054
7021,0.952524694313894
7020,0.176156758402109
7019,0.212652428456207
7018,0.323843262697994
7017,0.0826863287499934
7016,0.530224852736476
7015,0.0270174654243386
7014,0.508690223845784
7013,0.00616772439909889
7119,2.98882728428929e-09
7118,0.0321910010137203
7117,0.0129870953981562
7116,0.478531567313891
7115,1.33241095184684e-11
7114,2.35805969670094e-11
7113,0.0342585956731573
7112,0.024753057364548
7111,8.59984479573864e-09
7110,0.0835029764001789
7109,0.0880463363271249
7108,0.13756711249717
7107,1.12490922813238e-09
7106,0.0256990376426552
7105,0.0332557426832802
7104,0.0626415483216761
7103,0.0860523228036925
7102,1.62209571093169e-11
7101,2.15644732762953e-09
7100,0.0145577920748512
7099,0.000428405964974675
7098,0.115210411180872
7097,0.70205312815985
7096,0.0675854108414475
7095,0.709937916355356
7094,0.0218478969031052
7093,0.0146173428768599
7092,0.0126952501902321
7091,0.00925516455334344
7090,2.40569358599862e-10
7089,0.706278960020887
7088,0.0587858072981226
7087,0.853507781300944
7086,0.0269385845769962
7085,2.22044604925031e-16
7084,3.42769371861638e-08
7083,0.00758037923251118
7082,0.599025226793992
7081,0.553901652618225
7080,0.027857547601515
7079,0.401122790031128
7078,0.574502841246857
7077,0.0069122996382654
7076,5.94308651371161e-10
7075,0.00737247585101667
7074,0.0855908295480477
7073,0.999999996546239
7072,0.794439450367287
7071,0.293254341469537
7070,0.185490069476174
7069,0.134459908265548
7068,2.22044604925031e-16
7067,0.0733112502029862
7066,0.25299698324273
7065,0.630130364818846
7064,0.0111935113270503
7063,0.00187383772561343
7062,0.0178566938728679
7061,0.752257516747532
7060,1.4675710966771e-09
7059,0.0279015305787913
7058,0.281337343657608
7057,0.0188406787389644
7056,0.260235573194063
7055,0.00562772789406413
7054,2.22044604925031e-16
7053,0.237121343191592
7052,0.190447061357536
7051,0.0328887941747383
7050,0.0043184270105829
7049,0.00202487715078592
7048,0.89805376433367
7047,0.702301395691072
7046,0.00231677734837787
7045,0.402807049452768
7044,0.452672884862098
7043,0.0475765389688967
7042,0.0488710261856409
7041,0.000185631413611269
7040,0.106949899320634
7039,0.00482043628620094
7038,0.0686830014413665
7037,0.88030107409833
7036,0.386296954232204
7035,0.0622979576438011
7034,0.0822619628278035
7205,0.00595994662182142
7204,1.13782269162822e-09
7203,0.00463667877239875
7202,0.0669455385795003
7201,0.0363800136837593
7200,4.29939894536257e-12
7199,2.48409208120554e-11
7198,0.0227412167962087
7197,1.87959178454312e-09
7196,0.060727269874497
7195,0.00695075404978966
7194,0.0601028221588779
7193,2.22044604925031e-16
7192,0.0120560879351319
7191,0.0513101183486917
7190,6.35315871007086e-12
7189,4.43183212856012e-12
7188,0.364846021045522
7187,0.00251248628062974
7186,0.0318702154046221
7185,0.847126789780861
7184,1.67680717745342e-09
7183,0.00197512298316814
7182,0.0201144933844558
7181,0.415166449674805
7180,0.762397651593504
7179,0.0205141133160673
7178,0.99999997883312
7177,0.0525103709952574
7176,0.213734254923813
7175,0.0404968195839523
7174,0.0260701088056347
7173,0.0294691635951772
7172,0.0345001016138514
7171,0.0508810177841235
7170,0.038467983763702
7169,0.0521816773905572
7168,0.00365840528081977
7167,0.00195244233889967
7166,0.0387199708107071
7165,3.11221977947427e-09
7164,2.22044604925031e-16
7163,0.0165184914722591
7162,0.278337534989959
7161,0.0134402075344805
7160,7.34467033558305e-10
7159,2.22044604925031e-16
7158,0.204276576587427
7157,0.00388325094973829
7156,0.00756278822494702
7155,0.0514596042634801
7154,0.0269968081881208
7153,0.0974163363216203
7152,0.0524345428694837
7151,0.535151889732359
7150,0.946078921210081
7149,0.00268289636061714
7148,0.648282598889705
7147,0.00604592518423059
7146,0.0206302757120994
7145,0.4389292422326
7144,0.0398514006890994
7143,0.0279544874423316
7142,7.97082020997119e-09
7141,0.936889231456578
7140,0.413230966654343
7139,0.0505741495123604
7138,0.139527950985101
7137,0.00564377546195774
7136,0.0792695170746163
7135,0.0395645413937528
7134,0.0283674608705183
7133,0.0134211634969653
7132,0.139999260379907
7131,0.725558636166724
7130,0.0668963658542472
7129,2.22044604925031e-16
7128,0.00213460118352959
7127,6.29218933825708e-05
7126,0.228944909980122
7125,0.000230115940755193
7124,0.334976276746804
7123,0.225824217336084
7122,0.169615615060654
7121,0.0689807516881044
7120,0.795532922176218
7306,2.11947810239868e-09
7305,3.38782152219891e-11
7304,0.198347964686496
7303,1.3388823145258e-11
7302,0.0167044087588794
7301,1.55833581639824e-09
7300,0.0394419684838372
7299,0.0678193122360814
7298,0.11477752251303
7297,0.0681941197241748
7296,0.0556364779405307
7295,0.0569319007756024
7294,0.0557248078952767
7293,0.0725508590163878
7292,1.79916427785731e-11
7291,0.107071723410246
7290,0.768975207174317
7289,2.22044604925031e-16
7288,0.886075530328286
7287,3.95321726236179e-09
7286,0.0750202718200729
7285,0.086720546384381
7284,0.0700188299261373
7283,0.000806387559657162
7282,0.285848869609111
7281,0.0133269728671208
7280,3.76006326594032e-09
7279,0.0749755990937724
7278,0.0490535313075219
7277,0.0637950034471002
7276,0.019391238976255
7275,0.141085972857262
7274,0.193899118306513
7273,0.11925153933202
7272,0.0358223185858474
7271,0.199011551403047
7270,1.32057426738898e-09
7269,0.00412069435399458
7268,0.86723507072217
7267,0.00180017260761294
7266,0.270615912439768
7265,0.259597104836887
7264,0.215814978425962
7263,0.0993726133999999
7262,0.2394902177152
7261,9.72096343900265e-10
7260,0.00320544418550827
7259,0.0703183316248433
7258,0.981721299174929
7257,0.00192848691018707
7256,0.24101490245457
7255,0.520506064349321
7254,0.130591702245702
7253,2.22044604925031e-16
7252,0.0069555374910066
7251,0.0576219534256582
7250,0.196018662433357
7249,0.000503119266215645
7248,0.811886967440579
7247,2.22044604925031e-16
7246,0.037715201919257
7245,0.109064929409195
7244,2.22044604925031e-16
7243,9.11529039993348e-10
7242,0.997228425136623
7241,3.57104576673531e-10
7240,1.11213910933602e-10
7239,9.71145995941607e-11
7238,0.965935723781343
7237,0.0296782433124663
7236,2.10524409187756e-09
7234,0.738721286437731
7235,0.0906196789842695
7233,0.107927422747768
7232,0.279543649377327
7231,0.00206041113979341
7230,0.414376876413254
7229,0.965975947879433
7228,0.138660014498006
7227,0.0262803300514865
7226,0.0152449424477022
7225,0.332762535532312
7224,0.0373125044341857
7223,0.0235557223659954
7222,0.181557148019339
7221,0.0524346004756616
7220,0.0316247751375862
7219,0.000206203591602287
7218,0.973152629138069
7217,0.265555194420438
7216,0.107959397591666
7215,0.00199551313664237
7214,0.329240963721779
7213,0.0564336675504338
7212,0.0261610607563852
7211,0.0520303820974895
7210,0.0670211769932772
7209,0.017016665974451
7208,0.885240083732901
7207,0.0389664184812159
7206,0.0662332361643614
7410,0.0404331571234222
7409,1.55492252456317e-09
7408,0.0093414286500103
7407,8.68526572732534e-12
7406,3.68628119019618e-11
7405,0.0453393385901871
7404,0.0330879371228803
7403,1.81719583353551e-08
7402,0.0239422139817009
7401,0.0821045796178645
7400,0.0201923045513803
7399,0.0143822921113509
7398,0.00843365787376411
7397,0.140376477083214
7396,0.0213854348419266
7395,4.81690512570173e-10
7394,0.0255192904620404
7393,0.0927253382870677
7392,0.0112821121176697
7391,2.62406737206834e-09
7390,0.0978286989530532
7389,0.0072095966243133
7388,5.57930714279066e-11
7387,0.299257816233267
7386,0.0018880257334931
7385,0.000528770362397528
7384,0.0203751107335562
7383,2.22044604925031e-16
7382,0.481084357904234
7381,0.0427315939087394
7380,9.25269021220696e-09
7379,0.191454705633769
7378,0.0119567875901237
7377,0.0351571900417447
7376,0.142109029323614
7375,0.409706075171901
7374,0.0572537399861413
7373,0.0513473075713824
7372,0.00234652176192132
7371,0.00211672960960091
7370,0.0201929975910983
7369,0.0292194192525276
7368,2.22044604925031e-16
7367,0.167225296202634
7366,0.00992991565122077
7365,0.0869489229530319
7364,2.22044604925031e-16
7363,0.0258409207963377
7362,0.0540111324022985
7361,2.22044604925031e-16
7360,0.00389532237981039
7359,0.0934777301687576
7358,0.0234087835262448
7357,0.660924231918455
7356,0.0239023227961521
7355,0.69614572919025
7354,6.33340884160466e-10
7353,0.0229154921650297
7352,0.00942924559373252
7351,0.0039091747020314
7350,5.16547844305957e-10
7349,0.588037910173882
7348,0.00436763357493636
7347,0.0171972825771973
7346,0.0552491411040187
7345,0.0280987647952687
7344,0.561514397530619
7343,0.055243679310004
7342,0.0769370732489504
7341,0.0194550083584988
7340,0.0147057104610809
7339,0.00910322517296222
7338,0.0621558218533083
7337,0.273260662641402
7336,0.013015822881942
7335,0.00419966485381043
7334,0.00420680390707683
7333,0.44338887610293
7332,0.100026128311856
7331,0.0181180251391945
7330,0.1146820761615
7329,2.22044604925031e-16
7328,0.0118082626787677
7327,0.0272099119185815
7326,0.0306292251852538
7325,0.000205297094155621
7324,0.0297120114501753
7323,0.0425982891750639
7322,0.00231222879337592
7321,0.0397918338450512
7320,0.0167343957093053
7319,0.0195441198190191
7318,0.0201762471377592
7317,0.0784345253674242
7316,1.09932693388062e-09
7315,0.00166549397583017
7314,0.984531335753891
7313,0.139148990642527
7312,0.416255375845358
7311,0.0785956237780794
7310,0.00108555394142521
7309,0.000438063492761258
7308,0.942894695208747
7307,0.866598337247087
7493,2.47369033749655e-09
7492,1.30333443030401e-11
7491,2.33675712366826e-11
7490,0.0171771712399924
7489,4.95939244274326e-09
7488,0.0154363367153643
7487,0.263908168427508
7486,2.22044604925031e-16
7485,0.043524518819085
7484,5.81446637327697e-11
7483,0.0312548038255859
7482,0.0104950828261256
7481,0.0207907610881927
7480,0.102224098800376
7479,1.93045798007507e-09
7478,0.055365592282818
7477,0.000338048442726629
7476,0.306516146059762
7475,0.355080708098692
7474,0.657366618964845
7473,0.196720534297937
7472,0.102607910888976
7471,0.663348224876766
7470,0.853532231963738
7469,0.0186172360854235
7468,0.653701937010542
7467,0.0138787912560081
7466,0.000205667386003115
7465,0.0219696789351098
7464,0.0255801796726398
7463,0.0208140440766898
7462,0.0388422032663925
7461,0.0261155948616722
7460,0.0118845758852447
7459,0.274330665705443
7458,0.0641996680615752
7457,0.0146413421335949
7456,0.0111892415470605
7455,0.0140647648491913
7454,0.104158338519814
7453,1.56341928742649e-10
7452,4.11047051611134e-13
7451,2.89728880145997e-10
7450,0.0248842861204433
7449,0.0479731712494782
7448,0.00705855179473162
7447,0.274398210016679
7446,0.00222374880137894
7445,0.888197492486535
7444,0.0130830529444283
7443,0.0588880244937374
7442,0.0388993967276014
7441,0.0830176268428542
7440,0.153555745752933
7439,0.0907032394859541
7438,0.197130712815253
7437,0.324985778095915
7436,0.0508456851503557
7435,0.0220757964769559
7434,0.0239436265457025
7433,0.291880967531639
7432,0.00505472900602243
7431,0.00954000995567571
7430,0.761324570879236
7429,0.210325748045679
7428,0.0294322035062742
7427,0.019424422601815
7426,1.34477106921656e-09
7425,0.0194615658680629
7424,1.73236855766791e-09
7423,0.00123722123528113
7422,0.0445034676096943
7421,0.000146704992029549
7420,0.00335033096624575
7419,0.129479967632097
7418,0.00822554033424029
7417,6.79097114021601e-05
7416,0.399462535981196
7415,0.710049546620621
7414,0.0229819989351015
7413,0.277675563022676
7412,0.161852914228253
7411,0.796765554660143
7505,0.378152355648429
7504,0.00211410089675322
7503,0.901100559800055
7502,0.89668119981624
7501,0.0217328537120119
7500,0.371811228182722
7499,0.384373520257957
7498,0.252850697722091
7497,0.0855774406611365
7496,0.989551089009552
7495,0.970716198528148
7494,0.0218287641014649
7522,0.00495228569572373
7521,0.519116568443262
7520,0.672943206321863
7519,0.998484862450848
7518,0.00581385029152032
7517,4.62194807933475e-10
7516,0.0100434497310148
7515,4.31357198159182e-09
7514,0.293461458477448
7513,0.992369964137436
7512,0.027290671817393
7511,0.983695078657978
7510,0.00793109319311802
7509,0.990375121506837
7508,0.0799372527348159
7507,0.294756464235215
7506,0.129625644558079
7613,2.85558184459371e-09
7612,0.0586081311274329
7611,0.292988925293847
7610,2.61326891112148e-11
7609,0.00863652809381996
7608,0.0184199627766764
7607,3.16164636597432e-11
7606,0.0452741309422916
7605,6.61130321843426e-09
7604,0.0109228686633774
7603,0.0775844987993952
7602,0.0666947597645646
7601,0.01865624327174
7600,0.0177385973016942
7599,1.19994845149573e-09
7598,0.0414801162520475
7597,0.0527196316775776
7596,0.0831325699313404
7595,1.44828777730912e-11
7594,0.0266184958824971
7593,0.00233465350609638
7592,3.38291890117888e-09
7591,0.00257553470301732
7590,0.0780910109002797
7589,0.000582020652966999
7588,0.0491867159291133
7587,0.0223004889995582
7586,0.47987586425065
7585,0.708173528827244
7584,0.767681491371835
7583,0.0738288973059101
7582,0.0127572854197967
7581,0.112010022636685
7580,2.22044604925031e-16
7579,0.00743089466919976
7578,0.652247775515203
7577,0.00170944392046485
7576,2.22044604925031e-16
7575,0.0064682514363915
7574,0.153068797767234
7573,0.989323896974065
7572,0.231903714688751
7571,0.00648318472483569
7570,0.00797996089867876
7569,0.411315859340655
7568,0.0744882519282031
7567,0.00246685053412686
7566,0.168947033137386
7565,0.0142823096999706
7564,0.0118990453224912
7563,5.6662565537816e-10
7562,0.394588648468464
7561,0.0122551955032378
7560,0.00417712217171499
7559,0.272500147825726
7558,0.990715274323121
7557,0.225315365828906
7556,0.00362591219285816
7555,0.873590304650382
7554,0.0483981962965453
7553,4.36329850424777e-10
7552,0.0026073304875132
7551,0.0378901761671604
7550,0.00617752224652713
7549,0.0649260114323083
7548,0.000256356504274515
7547,0.0035434939645585
7546,0.0396727705470466
7545,0.00591763316755457
7544,0.782436931334823
7543,0.0099966394576796
7542,0.432926337318184
7541,0.832288691012528
7540,0.110872951073691
7539,0.212920290692973
7538,0.819548343618024
7537,0.0212237915656028
7536,0.969742735631371
7535,0.576045550759279
7534,0.966639817288689
7533,0.942025372392516
7532,0.441625295610149
7531,0.293018994496578
7530,0.034397363218226
7529,0.16543847656786
7528,0.179961589103899
7527,0.91851729598841
7526,0.0133490377532796
7525,0.0351342913146856
7524,0.155834855102595
7523,0.108263629356901
7703,1.77403061651468e-09
7702,0.0632194883417021
7701,0.0826309533131375
7700,0.0167011668184769
7699,0.0164250502838775
7698,0.130122819471504
7697,1.04755689534574e-11
7696,1.21967411540925e-11
7695,0.0169046800383277
7694,0.162376162705784
7693,5.11409187677683e-09
7692,0.0119504185718379
7691,0.0488635651992198
7690,0.0249696081932761
7689,0.0150027256509307
7688,0.0258397016530034
7687,0.00381150179592593
7686,0.0105542735973032
7685,1.04295383071869e-10
7684,0.403474096121049
7683,0.00144581846327569
7682,4.47173896573804e-10
7681,1.61084376396013e-09
7680,0.107664082343912
7679,0.00664281093193164
7678,0.000169600037566642
7677,0.0277448477246823
7676,0.401744386809546
7675,0.0712284602504062
7674,0.136167878432358
7673,0.702202836316872
7672,0.487121142141022
7671,0.0235511740875322
7670,0.0770047591615933
7669,0.00511019527702376
7668,0.0824507212488309
7667,3.52474667189989e-10
7666,0.00916526765847484
7665,2.22044604925031e-16
7664,0.00846188374525748
7663,0.00982931829867909
7662,0.0201047231781146
7661,0.00791509927623421
7660,0.0155047473958507
7659,2.22044604925031e-16
7658,0.073623210931849
7657,0.00904670227339241
7656,6.52066237412039e-05
7655,0.00881989414794161
7654,0.0340661907365915
7653,0.0106796440168965
7652,0.00982198704314467
7651,0.0511832429169472
7650,0.119709011013039
7649,0.648230162126689
7648,0.0164296564685016
7647,0.00253963784100081
7646,0.991475550636524
7645,0.0165033950693747
7644,0.0381891878801724
7643,0.00536839219307386
7642,0.0498859883905664
7641,3.29971149029469e-09
7640,0.0122040735741463
7639,0.297750371225059
7638,0.000716851680342159
7637,0.0631567308077003
7636,0.947660685619279
7635,0.861177293840158
7634,0.494547930198979
7633,0.0717157131928574
7632,0.00631799706393828
7631,0.00966803231640504
7630,0.00416554557952841
7629,0.207240424760247
7628,0.0304956256286041
7627,0.312533025741315
7626,0.000108039716297783
7625,0.0249741164252676
7624,0.011596997956104
7623,0.0300186713275357
7622,0.0651798584521038
7621,0.371996821357292
7620,6.88219898591272e-05
7619,0.938820307878775
7618,0.00302569403391517
7617,0.0902876578675706
7616,0.272069436417522
7615,0.236534402576588
7614,0.875850680627035
7827,0.843637795410665
7826,3.25384899653012e-09
7825,0.0312130955628789
7824,0.0168956333659022
7823,5.15945432830064e-12
7822,4.31168796820239e-11
7821,8.80478978992324e-10
7820,0.0349750900894692
7819,0.0431533184691015
7818,0.0393889223106623
7817,0.113697073505418
7816,0.0142029766873868
7815,0.285133915042345
7814,0.386934826683781
7813,0.0694708654076404
7812,0.0555710294946782
7811,0.803776925775265
7810,2.10031511049349e-11
7809,3.08781886473864e-10
7808,1.57474608225638e-09
7807,0.00582623084636572
7806,0.293081716590352
7805,0.00025028153177372
7804,0.00438626096877926
7803,0.000520116911734397
7802,0.0163946844418279
7801,0.0157914364237892
7800,0.012213233051897
7799,0.0235536904857941
7798,0.475022187086808
7797,1.76135202238990e-11
7796,0.26189610182034
7795,0.0181076128017062
7794,0.159071454299852
7793,0.0206584941604115
7792,2.22044604925031e-16
7791,0.957747189877273
7790,0.0316944020606713
7789,0.923216664407742
7788,0.0510643898899503
7787,5.2556304916086e-09
7786,0.124554531245403
7785,2.22044604925031e-16
7784,0.0353601647886506
7783,0.0264110526914697
7782,0.0259157617047107
7781,0.344423771368039
7780,0.00508877122574245
7779,0.0257641820469204
7778,0.0202139513774739
7777,0.901364283791019
7776,0.00633110714201452
7775,0.0273391320900022
7774,0.0146455857224916
7773,0.0404045842754868
7772,1.64345474097004e-11
7771,0.0381618770320147
7770,0.00513876875526455
7769,0.0175267338625321
7768,0.238779924949149
7767,0.147955886203997
7766,0.0117721163771541
7765,0.00219089783079154
7764,0.0344646699267566
7763,0.01851498645851
7762,0.00565009330264024
7761,0.059656572216159
7760,0.0284685574666569
7759,0.681482419444188
7758,0.000158477489807263
7757,0.0349483226741768
7756,0.0173835387668366
7755,0.00939251621621684
7754,0.0216645737295217
7753,0.0244642266934183
7752,0.0106064962642408
7751,0.125438111270984
7750,0.0295010421920268
7749,0.0278211475374741
7748,0.372895834139431
7747,0.0110465490509972
7746,0.647146863890393
7745,0.0191363704716546
7744,0.00108863176382747
7743,0.819530967311723
7742,0.951533833588159
7741,0.0240666548061718
7740,0.0126295555109902
7739,0.00762020160831288
7738,0.031148693083966
7737,0.0134077258865595
7736,0.0175420149305096
7735,0.0257153689898364
7734,0.75619308030933
7733,0.0684454724589786
7732,0.0457459425065696
7731,0.255570999859025
7730,0.000493923735427628
7729,0.0117303177533683
7728,0.15690991890477
7727,0.154301549099321
7726,0.0237084680044361
7725,0.811864715580497
7724,0.0147028914807066
7723,0.00169506919250828
7722,0.0817657421103284
7721,0.0147069551591458
7720,0.0791936461169531
7719,0.0293961319365669
7718,0.000241293204825261
7717,0.970644672749281
7716,0.000213992146499617
7715,0.000728364731763032
7714,0.215542986306147
7713,0.00518703184552582
7712,0.00770407642502204
7711,0.233297447109109
7710,0.0205036452657503
7709,0.0350538709775699
7708,0.0107008035787333
7707,0.940705293781393
7706,0.017919157069692
7705,0.846404876521963
7704,0.00751401853201452
7921,0.0108185028241075
7920,2.380641687846e-09
7919,0.00272671561643661
7918,0.00589022491119622
7917,0.023562541717066
7916,2.90605259251271e-12
7915,1.05923527765234e-10
7914,3.17846979877938e-09
7913,0.0303408691512509
7912,0.0124121704735818
7911,0.0749838230783463
7910,0.01672317102276
7909,2.22044604925031e-16
7908,0.298210749445051
7907,0.00511773762457793
7906,0.0167130379486331
7905,0.00600084765116196
7904,0.0136853973286692
7903,2.84343239048621e-12
7902,0.0510467035773683
7901,7.54740045270908e-10
7900,0.00229807400673204
7899,2.20040229436222e-09
7898,0.00180083690049277
7897,0.225874603251117
7896,0.0768363598431407
7895,0.0409145193784485
7894,0.000466577218104763
7893,0.00601532402841015
7892,0.0290971419432445
7891,0.34126410790867
7890,0.0134006689050946
7889,0.755461588185608
7888,0.472937874030044
7887,0.0315671096417864
7886,0.0437208711931824
7885,2.22044604925031e-16
7884,0.00704211829455085
7883,0.237212640654817
7882,0.0277782041160577
7881,0.750261402259017
7880,1.21692230203082e-09
7879,7.09545749718794e-10
7878,0.352697961325021
7877,0.00407710978131325
7876,0.0324502392658655
7875,0.0199121687633256
7874,0.785931667963193
7873,0.16674805439002
7872,0.00185857429902342
7871,0.0353692057031095
7870,0.00892857348109719
7869,0.561638520034033
7868,0.12158785782617
7867,0.0401568367612525
7866,2.98973701074549e-10
7865,0.407172718541281
7864,0.460559134673704
7863,0.019470225800759
7862,0.0086207980274604
7861,0.0109781564499343
7860,0.00193686765843524
7859,0.00656529846735885
7858,0.0215680745751502
7857,0.128854582439495
7856,0.780572461933624
7855,0.88727505145702
7854,0.0529256783103493
7853,0.252306021308163
7852,0.0131803156221635
7851,2.22044604925031e-16
7850,0.000251087249209485
7849,0.0516244606532672
7848,0.00537887032234212
7847,0.0741530836245951
7846,0.0527053866460781
7845,0.0370754450075887
7844,0.039724610610364
7843,0.0868042838059005
7842,0.0111619871173083
7841,0.171767238601013
7840,0.000238687637456876
7839,0.00494536106542672
7838,0.0772653286842703
7837,0.0520242652738771
7836,0.0277435798516635
7835,0.932008502381512
7834,0.176995215639389
7833,0.0606581776953738
7832,0.126667271034686
7831,0.187244545617614
7830,0.0320890165059077
7829,0.834451545261341
7828,0.0297853804549532
8012,1.63941328530417e-09
8011,0.0174768274824044
8010,0.144148954006773
8009,3.93566516428104e-11
8008,5.69622222820418e-12
8007,2.59840813343214e-09
8006,0.0100658656898136
8005,0.106124432876247
8004,0.441383229527801
8003,0.0245318258264201
8002,0.0299937666052982
8001,0.0296018204952502
8000,4.57418708640473e-11
7999,2.22044604925031e-16
7998,1.74690712588281e-09
7997,0.0127025870028616
7996,0.0136792111572953
7995,0.00200312418142937
7994,0.000393428471663308
7993,0.0200852213211459
7992,0.000262686127176177
7991,8.31912729416276e-05
7990,0.00977130495850081
7989,0.934132840088711
7988,0.00298190040536034
7987,0.0501272699218209
7986,0.381437990476204
7985,0.0142230076000319
7984,0.137448823004692
7983,0.835574038621832
7982,0.00734330687930293
7981,0.0395657743811194
7980,0.0142271410652362
7979,0.505144002294238
7978,0.685537603248426
7977,0.000280116890091347
7976,0.0103381372474286
7975,2.22044604925031e-16
7974,0.0327622543232397
7973,2.93379242748474e-10
7972,0.0054102814295898
7971,0.0839604933238557
7970,0.0042312731742399
7969,0.83234090481415
7968,0.00485898955100988
7967,0.0393069346127185
7966,0.000890476882110684
7965,0.0111437866217234
7964,0.0300681677704591
7963,0.0173228005191982
7962,0.0732338891115054
7961,0.107831270556773
7960,0.601239933466849
7959,0.646103717674284
7958,2.19353017264427e-10
7957,2.22044604925031e-16
7956,0.0108662435263419
7955,0.00700586715275349
7954,0.00179665002087406
7953,0.0126784600623443
7952,0.00629809928586293
7951,0.00725662282123752
7950,0.0117747621441939
7949,0.045823073873824
7948,0.0805181447744799
7947,0.00243007170139861
7946,0.0211222051346279
7945,0.0278097119552162
7944,0.0107030699598251
7943,0.00644097487942973
7942,0.0157787303781013
7941,0.0106772394616138
7940,0.00132008567707599
7939,0.878229442970305
7938,0.880589547788896
7937,0.0368286364035431
7936,0.0253327054332233
7935,0.00127191765148743
7934,0.0333357987345949
7933,0.00992763872839355
7932,0.985356255361056
7931,0.346806793326466
7930,0.922210785070517
7929,0.000186595341966269
7928,0.133344477411518
7927,0.238001491186702
7926,5.80427160764432e-05
7925,0.0844481261199231
7924,0.285653182274284
7923,0.965249749819541
7922,0.00292722058869278
8022,0.000450495915512221
8021,0.89567610340784
8020,0.0198453773114278
8019,0.831674442044492
8018,0.997455842168637
8017,0.969133061145704
8016,0.962143655036041
8015,0.0090511319371367
8014,0.80050744493474
8013,0.741742995974043
8038,2.22044604925031e-16
8037,0.393414205892615
8036,0.709290424088206
8035,0.0011052126763667
8034,0.0117911505910249
8033,0.0256217044098955
8032,0.00897982127920098
8031,2.22044604925031e-16
8030,0.0432524139725382
8029,0.038917322274112
8028,0.868567443045407
8027,0.151617232800381
8026,0.959809825864799
8025,0.286317480536587
8024,0.108740518573315
8023,0.0298364200254699
8103,3.39024642513443e-09
8102,0.191947295118501
8101,2.26397553787313e-11
8100,4.47605046596163e-11
8099,0.009266203405147
8098,3.45207309032184e-09
8097,0.0344682140845702
8096,1.22534266362593e-10
8095,0.0190051092167299
8094,0.0464402856566773
8093,0.209156123593477
8092,7.01260094704255e-10
8091,0.0589093456736105
8090,0.0770642343756686
8089,2.22044604925031e-16
8088,1.4388222545101e-08
8087,0.901345010525218
8086,0.0632182439196153
8085,2.03868380587533e-09
8084,0.013326465732409
8083,0.0163844997470667
8082,0.000830433651128691
8081,0.0131264509976857
8080,0.00493489586434539
8079,0.705157059651256
8078,0.000236705522805019
8077,0.000964401581415732
8076,0.0921615631448708
8075,0.0160436157632054
8074,0.934823936389471
8073,0.0125415756676096
8072,0.0993886512355013
8071,0.721872624730469
8070,0.743923076679188
8069,0.00983649382138235
8068,0.104164362175434
8067,0.0105376030568332
8066,0.973576394663767
8065,0.0248523174637326
8064,0.0212441073595236
8063,0.235324111099964
8062,0.0679235567677706
8061,0.0476767337779942
8060,0.0195352682912428
8059,0.0123532556619593
8058,0.793664662127448
8057,0.246693404128673
8056,2.22044604925031e-16
8055,0.569296545345801
8054,0.0101218371663444
8053,0.873629493166377
8052,0.0192016548950789
8051,0.00846828084419173
8050,0.0104706807648958
8049,0.0413202626849825
8048,0.346943168628808
8047,0.000291037567749128
8046,1.61793451422579e-09
8045,0.0269231166369443
8044,0.922481232573334
8043,0.677433421714762
8042,0.219453425050903
8041,0.239721588062125
8040,0.0300043868743505
8039,0.986605525368074
8160,1.37190625327941e-09
8159,0.0104139990000345
8158,0.0169732615418708
8157,2.26519700639033e-11
8156,0.0146245341644211
8155,1.82129760296668e-11
8154,3.30512510179955e-09
8153,0.00866644448226704
8152,0.112458893249315
8151,2.22044604925031e-16
8150,4.54570671048858e-10
8149,0.0165736685350753
8148,0.0133221646346296
8147,0.0360008041176499
8146,1.30923766204589e-09
8145,1.63641587363756e-10
8144,0.00376908867526605
8143,0.540231259665417
8142,0.166284175830178
8141,0.000318463188947016
8140,0.0190486255709842
8139,0.852934144999398
8138,0.297191086098366
8137,0.467758853838831
8136,0.669279715193853
8135,4.63450316382906e-05
8134,0.0760744091171028
8133,0.511579456403854
8132,0.941062389760231
8131,0.00138533213449626
8130,0.00548852826902039
8129,0.0279632409585179
8128,0.0883077573451043
8127,0.472040806260675
8126,0.060732773739625
8125,0.884521664681351
8124,0.0154690192895569
8123,0.544258817258373
8122,0.859237786970854
8121,0.126300159170925
8120,2.22044604925031e-16
8119,0.00656693715314002
8118,0.0553672288437388
8117,0.0435043303877538
8116,0.169652113082234
8115,0.0207397043807349
8114,0.038331334850175
8113,0.00700528511329925
8112,0.66978710560825
8111,0.350714639232397
8110,0.00157584856675595
8109,0.000131550299350707
8108,0.0032495104763531
8107,0.916731623275858
8106,0.00563786373055858
8105,0.880848546419079
8104,0.231616000415628
8195,0.884548878644411
8194,0.0218316392157812
8193,0.134443481219944
8192,0.0923718666183354
8191,0.0307902884003275
8190,0.36000128237878
8189,0.0216798358514668
8188,2.25103844378862e-09
8187,0.713041890850791
8186,0.053721417845373
8185,0.000418039078580159
8184,0.252310607313217
8183,0.431008846660073
8182,2.94711144042591e-05
8181,0.201383830883929
8180,0.0324114893090062
8179,0.138906310987263
8178,0.00634997833943768
8177,0.0420840017311916
8176,0.928967120095236
8175,0.0878923628098719
8174,0.00769013989357963
8173,0.0240666277324066
8172,0.0113840460006385
8171,0.076725949843446
8170,0.0129268132774594
8169,0.0123469472394655
8168,0.797611886728539
8167,0.0439449326559628
8166,0.327571719944308
8165,0.053355076764534
8164,0.000205642848047017
8163,0.00839075281002566
8162,0.877342634553162
8161,0.00956049729635455
8213,0.0920489094813602
8212,0.322579744974196
8211,0.00780389052589939
8210,0.00515465628389784
8209,0.00932694245647265
8208,0.0652217484176316
8207,0.049882057931131
8206,0.000212819773210691
8205,2.22044604925031e-16
8204,2.22044604925031e-16
8203,0.18246988263634
8202,2.22044604925031e-16
8201,0.319101332390377
8200,0.0776836655465536
8199,0.811737911696877
8198,0.727924107572283
8197,0.574224883503311
8196,0.757393110981633
8248,0.226877284367244
8247,0.00499611591287673
8246,0.0159973415022637
8245,0.0198674412834394
8244,0.0314270812548359
8243,0.29257697037654
8242,0.434733596086528
8241,0.0132678533818561
8240,1.29534324865108e-09
8239,2.22044604925031e-16
8238,0.0142317455922364
8237,0.477965071050726
8236,0.0918627958323235
8235,0.619806054956298
8234,0.377633500046247
8233,5.28190900079148e-05
8232,0.00757019735976138
8231,0.00451611507291745
8230,0.966801297608767
8229,0.0569805533847988
8228,2.22044604925031e-16
8227,0.0104004487882966
8226,0.0943905338709014
8225,0.00909080984143958
8224,0.155986424817198
8223,0.00810115261741009
8222,0.829738307124672
8221,0.897549256547517
8220,0.934306476296589
8219,0.0716939420710985
8218,0.000105012247099373
8217,0.0318742233280667
8216,0.665492595578838
8215,0.905823680096698
8214,0.954494134467508
8260,0.00201978827971094
8259,0.0210990212098307
8258,0.804379818015804
8257,0.121569497187779
8256,0.95713494587314
8255,0.54779216551698
8254,0.0224143898633183
8253,0.399504806895275
8252,0.96653795711117
8251,0.98340695210845
8250,0.87280920034537
8249,0.994018333171325
8272,0.458539439612241
8271,0.815844156985369
8270,0.00810213128534769
8269,2.22044604925031e-16
8268,0.924631685735225
8267,0.962887943991543
8266,0.160117611317089
8265,0.284354664088244
8264,0.963140051806449
8263,0.0452402088085989
8262,0.172297438676497
8261,0.176127927587257
8313,0.0315143152626696
8312,0.935883836536666
8311,0.130133898862089
8310,0.123336815435483
8309,0.0619551185654648
8308,0.00472892958087963
8307,2.09789762097401e-09
8306,0.02422693637566
8305,0.0265496681562793
8304,0.000385653137933089
8303,2.22044604925031e-16
8302,0.711250403191804
8301,0.0874629961577151
8300,0.641506695922681
8299,0.652487204158457
8298,0.825845552773584
8297,6.87468791495898e-09
8296,2.22044604925031e-16
8295,0.299237797447883
8294,0.0456225536803186
8293,0.232631354953441
8292,0.154559290633865
8291,0.191205763277814
8290,0.837605001977467
8289,0.194254797640286
8288,0.11671413100181
8287,0.00984155213406653
8286,0.0261104932597753
8285,0.0808248944011868
8284,0.68383727725284
8283,0.370122642130174
8282,0.00951926987448065
8281,0.00947992666982901
8280,0.149690868481784
8279,0.199285613136854
8278,0.000254887847995115
8277,0.220434591203979
8276,0.237940499764023
8275,0.955544601807875
8274,0.018361876935955
8273,0.0271231982262482
8357,0.00516336260552508
8356,0.00485744881372395
8355,0.0509789664709447
8354,0.0138982312370022
8353,0.101614314078794
8352,0.00131473882498265
8351,0.00441596545944326
8350,1.25414685610821e-09
8349,2.22044604925031e-16
8348,0.160110824222101
8347,0.00020314369952377
8346,0.0913248442439714
8345,0.675016807443657
8344,0.0150432442687096
8343,0.0340721826611149
8342,0.328491911265051
8341,0.0177107290255215
8340,2.22044604925031e-16
8339,0.0491553120021595
8338,0.0164175682032244
8337,0.0298486470976683
8336,0.0837369079466316
8335,0.781291246187797
8334,0.00104221604070493
8333,0.0219302302075856
8332,0.0591235998090221
8331,0.786797032656856
8330,0.226260368686217
8329,1.90520129361615e-09
8328,0.088271096168956
8327,0.026175373125176
8326,0.023815070331719
8325,0.789186586185312
8324,0.484267938908249
8323,0.0659980866946542
8322,0.0181113581209271
8321,0.0933678865765797
8320,0.793090975951242
8319,0.00415076634297917
8318,0.000161290288525498
8317,0.0048018441836566
8316,0.0150987415207557
8315,0.72075156468585
8314,0.00487174160109695
8402,0.713104820100207
8401,0.0474890374458347
8400,0.0183655121852522
8399,0.00776193710855194
8398,0.120398221024995
8397,0.0281279428927853
8396,0.00495494592854033
8395,0.0548703449719566
8394,2.46184032093602e-09
8393,0.112281177878442
8392,0.242550165972559
8391,0.652724818174763
8390,0.0204364470721215
8389,0.000211112060284185
8388,0.00425210756903203
8387,0.248934597579276
8386,0.609538236008321
8385,0.0477077907461496
8384,0.0687033488054959
8383,0.870489453669368
8382,0.783268037900178
8381,0.0062472908740909
8380,0.606971537713149
8379,0.00840321176344606
8378,0.00230027977675004
8377,0.0320495077771747
8376,0.0330809215375299
8375,0.949261848576968
8374,0.0219443369273345
8373,0.0399714761446192
8372,0.00172915807437436
8371,0.0422630204848077
8370,0.358398264742677
8369,0.873847008977423
8368,0.584082406695173
8367,0.0747991796921962
8366,0.663765706878663
8365,0.000173522126440859
8364,0.241751467115218
8363,0.0421156810523252
8362,0.874762881192132
8361,0.124681835266451
8360,0.110976766388163
8359,0.985192048352355
8358,0.996651739149309
