"UniqueID","Popular.fctr","Popular.fctr.predict.Rank9.Bayes.glm.glm.prob","Popular.fctr.predict.Rank9.Bayes.glm.glm","Popular.fctr.predict.Rank9.Bayes.glm.glm.accurate"
31,"N",3.0405833409507e-12,"N",TRUE
30,"N",4.4617449116183e-12,"N",TRUE
29,"N",0.00439610422439487,"N",TRUE
25,"N",2.22044604925031e-16,"N",TRUE
24,"N",1.83523100900616e-12,"N",TRUE
22,"N",2.22044604925031e-16,"N",TRUE
21,"N",2.90070147900286e-12,"N",TRUE
18,"N",2.90070146306322e-12,"N",TRUE
17,"N",0.817181888029587,"Y",FALSE
16,"Y",0.920865578205232,"Y",TRUE
12,"N",2.90070159628073e-12,"N",TRUE
9,"Y",0.719393456101367,"Y",TRUE
8,"Y",0.888330964879898,"Y",TRUE
4,"Y",5.63552549174416e-11,"N",FALSE
115,"N",2.90069858956272e-12,"N",TRUE
110,"N",0.00160361683547853,"N",TRUE
106,"N",0.002288493106023,"N",TRUE
104,"Y",0.531073233355405,"Y",TRUE
100,"N",0.027388274733863,"N",TRUE
99,"N",0.0506949046477882,"N",TRUE
96,"N",0.0451841673600535,"N",TRUE
95,"Y",0.326329510666888,"N",FALSE
94,"N",0.135361623583831,"N",TRUE
88,"N",0.0090744171699921,"N",TRUE
85,"Y",0.717219141167357,"Y",TRUE
83,"N",0.0180092928638171,"N",TRUE
76,"N",0.0856543558399264,"N",TRUE
73,"N",2.22044604925031e-16,"N",TRUE
72,"N",0.215292808558418,"N",TRUE
68,"N",2.90070144180776e-12,"N",TRUE
57,"Y",0.999999999997205,"Y",TRUE
56,"Y",0.735805462449035,"Y",TRUE
55,"N",2.90069846996279e-12,"N",TRUE
52,"Y",0.625174848965096,"Y",TRUE
51,"N",1.61505194191385e-12,"N",TRUE
46,"N",0.0431014994657782,"N",TRUE
43,"N",0.0237567767768313,"N",TRUE
37,"Y",0.279363673511222,"N",FALSE
35,"Y",0.999999999998187,"Y",TRUE
199,"N",2.90069856178683e-12,"N",TRUE
198,"N",2.09421869582242e-12,"N",TRUE
195,"N",2.90069901950349e-12,"N",TRUE
194,"N",0.365121493148022,"N",TRUE
189,"N",0.0140141204739089,"N",TRUE
186,"N",0.157799256581707,"N",TRUE
184,"N",2.14972007459388e-12,"N",TRUE
182,"N",3.53098538748591e-12,"N",TRUE
181,"N",2.90070144716401e-12,"N",TRUE
179,"N",0.000120719170288493,"N",TRUE
174,"N",0.0290449737289758,"N",TRUE
172,"Y",2.03359577180834e-12,"N",FALSE
170,"N",0.00138505458760904,"N",TRUE
167,"N",0.193114647868501,"N",TRUE
163,"Y",0.177608159417649,"N",FALSE
162,"N",2.22044604925031e-16,"N",TRUE
160,"N",2.54561133522712e-12,"N",TRUE
158,"N",9.31457766817225e-12,"N",TRUE
157,"Y",0.543977995822178,"Y",TRUE
156,"Y",0.621879393818578,"Y",TRUE
151,"N",0.0808546380453414,"N",TRUE
150,"N",0.137082937922146,"N",TRUE
146,"N",0.0293973632993753,"N",TRUE
139,"Y",0.730045018787408,"Y",TRUE
135,"N",9.71428960881801e-08,"N",TRUE
134,"N",2.22044604925031e-16,"N",TRUE
126,"N",2.90069384265913e-12,"N",TRUE
301,"N",2.06736812775115e-11,"N",TRUE
299,"N",2.90069856003291e-12,"N",TRUE
294,"N",0.00498150279628628,"N",TRUE
290,"N",2.90069881883929e-12,"N",TRUE
284,"N",0.0673174311146466,"N",TRUE
281,"N",4.46343136745746e-13,"N",TRUE
279,"N",2.90070144600283e-12,"N",TRUE
277,"N",0.000881299780784908,"N",TRUE
272,"N",0.130557087409853,"N",TRUE
270,"N",2.9007013551282e-12,"N",TRUE
265,"N",0.00391576042794749,"N",TRUE
263,"N",0.556590684451825,"Y",FALSE
260,"N",2.22044604925031e-16,"N",TRUE
256,"N",0.0269641538217183,"N",TRUE
252,"Y",0.803651678894535,"Y",TRUE
251,"N",0.061366947491955,"N",TRUE
248,"N",1.68673915364254e-12,"N",TRUE
247,"N",0.00302873077876894,"N",TRUE
246,"N",0.038838216726824,"N",TRUE
239,"N",0.0209667310142218,"N",TRUE
238,"Y",0.870798791823644,"Y",TRUE
237,"N",4.59324576002415e-11,"N",TRUE
230,"N",0.181421792846766,"N",TRUE
226,"N",2.90070159214438e-12,"N",TRUE
224,"N",4.54629483368696e-10,"N",TRUE
222,"N",0.0437688797014106,"N",TRUE
218,"N",1.28456606458926e-11,"N",TRUE
216,"N",2.22044604925031e-16,"N",TRUE
214,"N",0.826446441936495,"Y",FALSE
202,"Y",0.999999999997539,"Y",TRUE
393,"Y",0.631722302800528,"Y",TRUE
392,"N",2.90069854153918e-12,"N",TRUE
390,"N",2.51301719067946e-12,"N",TRUE
389,"N",0.00164248789027477,"N",TRUE
382,"N",0.0408044850498065,"N",TRUE
367,"N",0.0123197865423311,"N",TRUE
361,"Y",0.838388012344433,"Y",TRUE
359,"N",0.694854908829597,"Y",FALSE
347,"N",2.29833637102573e-12,"N",TRUE
346,"N",0.101164358777069,"N",TRUE
345,"Y",0.820463283171127,"Y",TRUE
343,"N",0.796850401255033,"Y",FALSE
340,"Y",0.555174671948356,"Y",TRUE
338,"Y",0.820485504335541,"Y",TRUE
335,"Y",0.823849357292823,"Y",TRUE
334,"N",0.164659188201557,"N",TRUE
332,"N",0.00868318730584593,"N",TRUE
328,"N",0.0289309368062852,"N",TRUE
327,"Y",0.914879601076748,"Y",TRUE
323,"N",0.0476202054241369,"N",TRUE
318,"N",1.31335848337453e-12,"N",TRUE
306,"N",2.22044604925031e-16,"N",TRUE
303,"N",0.692408554219664,"Y",FALSE
417,"N",2.90070147165541e-12,"N",TRUE
416,"N",0.0925181366969854,"N",TRUE
415,"N",4.07920319605039e-12,"N",TRUE
411,"N",0.000431842607010649,"N",TRUE
407,"N",0.00042836370320815,"N",TRUE
405,"N",2.90070215827105e-12,"N",TRUE
400,"N",2.22044604925031e-16,"N",TRUE
396,"N",2.22044604925031e-16,"N",TRUE
395,"N",5.41292397045128e-13,"N",TRUE
447,"N",2.9007014669595e-12,"N",TRUE
443,"N",2.90070135796575e-12,"N",TRUE
442,"N",0.000536131509730068,"N",TRUE
437,"N",0.000442086316404222,"N",TRUE
436,"Y",0.592187677271899,"Y",TRUE
429,"N",0.0489610108987472,"N",TRUE
428,"N",5.04110786864965e-07,"N",TRUE
420,"Y",0.505609927586009,"Y",TRUE
419,"N",0.763948277665832,"Y",FALSE
418,"Y",0.83730709479725,"Y",TRUE
558,"N",1.73370374564601e-11,"N",TRUE
555,"N",0.0157512303771967,"N",TRUE
554,"Y",0.994471470468002,"Y",TRUE
552,"N",2.900698637241e-12,"N",TRUE
551,"N",2.90069910814171e-12,"N",TRUE
549,"N",2.9006989443594e-12,"N",TRUE
548,"N",0.3683322737551,"N",TRUE
547,"N",0.0512379848495477,"N",TRUE
544,"N",2.90070147095596e-12,"N",TRUE
543,"N",1.16459476583812e-08,"N",TRUE
539,"N",2.90071349442733e-12,"N",TRUE
537,"N",4.89864595408676e-12,"N",TRUE
534,"N",2.90070145073996e-12,"N",TRUE
532,"N",0.0157083318057655,"N",TRUE
531,"N",0.000721658979795466,"N",TRUE
530,"N",0.000649668721542103,"N",TRUE
529,"N",0.000174684535185767,"N",TRUE
526,"N",3.32228811934921e-12,"N",TRUE
525,"N",2.90070151392923e-12,"N",TRUE
524,"N",0.00950779003819209,"N",TRUE
521,"N",0.000463552886992247,"N",TRUE
517,"N",3.67745650178073e-12,"N",TRUE
513,"N",0.000222522831485787,"N",TRUE
510,"N",2.22044604925031e-16,"N",TRUE
508,"N",0.279372324846434,"N",TRUE
507,"N",0.0211664346989197,"N",TRUE
502,"N",0.00910175180533701,"N",TRUE
501,"N",0.0333707769847683,"N",TRUE
499,"Y",0.81554281315224,"Y",TRUE
497,"N",0.00997583260111811,"N",TRUE
487,"N",0.00012811306449865,"N",TRUE
486,"N",0.0173528972234835,"N",TRUE
478,"N",0.0269706957881581,"N",TRUE
476,"N",1.64916085869509e-11,"N",TRUE
474,"N",0.083145520095782,"N",TRUE
467,"N",2.22044604925031e-16,"N",TRUE
466,"N",2.22044604925031e-16,"N",TRUE
464,"N",2.22044604925031e-16,"N",TRUE
457,"N",0.201862331044578,"N",TRUE
454,"N",2.90070154612229e-12,"N",TRUE
452,"Y",0.999999999995256,"Y",TRUE
450,"Y",0.178404190050244,"N",FALSE
641,"Y",0.998349572313872,"Y",TRUE
640,"N",0.489552007255261,"N",TRUE
639,"N",0.0573387101299663,"N",TRUE
633,"N",0.00563290373457289,"N",TRUE
630,"N",0.000375000213826121,"N",TRUE
627,"N",3.12067011307829e-12,"N",TRUE
625,"N",0.000236951269715651,"N",TRUE
619,"N",0.0109750856509142,"N",TRUE
617,"N",0.000483038200803258,"N",TRUE
616,"Y",0.999999999997501,"Y",TRUE
611,"N",0.0444902607619651,"N",TRUE
608,"N",0.00351919502403888,"N",TRUE
601,"Y",0.0492022867861105,"N",FALSE
598,"Y",0.0152843702046643,"N",FALSE
597,"N",0.0293634633645798,"N",TRUE
590,"N",0.000935857994085331,"N",TRUE
589,"N",6.5354890424616e-05,"N",TRUE
581,"N",6.01629307566608e-07,"N",TRUE
578,"Y",0.825225972741764,"Y",TRUE
575,"N",0.17579301849264,"N",TRUE
574,"N",3.74636410090708e-12,"N",TRUE
572,"N",0.0154880834535571,"N",TRUE
567,"N",2.22044604925031e-16,"N",TRUE
565,"N",2.90070157843152e-12,"N",TRUE
564,"N",2.22044604925031e-16,"N",TRUE
746,"N",0.0339872965004213,"N",TRUE
744,"N",0.00469965295962357,"N",TRUE
739,"N",8.23569630006541e-08,"N",TRUE
738,"N",2.90070147113145e-12,"N",TRUE
734,"N",0.00145899450924223,"N",TRUE
733,"N",0.00419844433918985,"N",TRUE
729,"N",0.00474019127766268,"N",TRUE
727,"N",3.337590375475e-12,"N",TRUE
726,"N",2.9007013690763e-12,"N",TRUE
725,"N",0.822086558505741,"Y",FALSE
722,"N",2.22044604925031e-16,"N",TRUE
721,"N",0.00196944921404827,"N",TRUE
720,"N",0.0765017692651518,"N",TRUE
715,"Y",0.916166818680606,"Y",TRUE
712,"N",0.0530909386738642,"N",TRUE
707,"Y",0.660833240787138,"Y",TRUE
704,"N",0.105095968980949,"N",TRUE
702,"N",0.0117271942098984,"N",TRUE
701,"N",2.22044604925031e-16,"N",TRUE
697,"N",4.14387051327584e-12,"N",TRUE
695,"N",2.90070146489999e-12,"N",TRUE
687,"N",2.52991580378246e-11,"N",TRUE
685,"Y",0.41850327235985,"N",FALSE
677,"N",2.8448469100304e-12,"N",TRUE
671,"N",0.0674772970486102,"N",TRUE
670,"N",4.23475362507846e-11,"N",TRUE
666,"N",0.0724536658277897,"N",TRUE
665,"N",2.22044604925031e-16,"N",TRUE
664,"N",0.845772475196179,"Y",FALSE
663,"N",0.0584379805225664,"N",TRUE
659,"N",2.90070159554695e-12,"N",TRUE
655,"N",0.000818895688232355,"N",TRUE
654,"Y",0.815877531922996,"Y",TRUE
653,"N",0.0756017944990734,"N",TRUE
652,"N",0.606162995303507,"Y",FALSE
649,"N",2.22044604925031e-16,"N",TRUE
835,"N",2.9006984519705e-12,"N",TRUE
833,"N",0.116292964938439,"N",TRUE
830,"N",0.161358974417094,"N",TRUE
827,"N",2.90070147667333e-12,"N",TRUE
825,"Y",0.217214172371955,"N",FALSE
821,"N",2.22044604925031e-16,"N",TRUE
816,"N",2.90069830732067e-12,"N",TRUE
815,"Y",1,"Y",TRUE
814,"Y",0.0175586318880942,"N",FALSE
811,"N",0.570126931162097,"Y",FALSE
810,"N",2.9007012307339e-12,"N",TRUE
806,"N",2.90067575820044e-12,"N",TRUE
805,"N",0.0982596324223692,"N",TRUE
804,"N",0.000243661721234186,"N",TRUE
800,"N",2.22044604925031e-16,"N",TRUE
795,"N",0.000609217648144272,"N",TRUE
794,"N",0.0286245324984103,"N",TRUE
793,"N",0.0359779943151887,"N",TRUE
790,"N",0.00155625199375652,"N",TRUE
789,"N",0.072186336591498,"N",TRUE
788,"N",0.00754914453820413,"N",TRUE
785,"N",0.779603459965509,"Y",FALSE
783,"N",2.90069801756841e-12,"N",TRUE
780,"N",0.038013058544574,"N",TRUE
779,"Y",0.700899113569905,"Y",TRUE
778,"N",5.57260603600599e-07,"N",TRUE
771,"N",1.51855434143348e-12,"N",TRUE
770,"N",0.800836423398964,"Y",FALSE
768,"N",2.22044604925031e-16,"N",TRUE
767,"N",0.399671432908981,"N",TRUE
756,"Y",0.33704425858242,"N",FALSE
755,"Y",0.99999999999514,"Y",TRUE
917,"N",0.461910321384527,"N",TRUE
913,"N",2.90069908137848e-12,"N",TRUE
911,"N",0.0130380827510783,"N",TRUE
906,"N",2.90069961635747e-12,"N",TRUE
902,"N",0.291277040830768,"N",TRUE
898,"N",0.0199472670414447,"N",TRUE
892,"N",0.414086456988108,"N",TRUE
890,"N",7.1586876168408e-13,"N",TRUE
883,"N",2.22044604925031e-16,"N",TRUE
880,"N",0.0113581240659531,"N",TRUE
871,"N",0.245528575186909,"N",TRUE
867,"N",0.00818383738559655,"N",TRUE
865,"N",0.00532767498616451,"N",TRUE
862,"N",1.48210935429858e-12,"N",TRUE
861,"N",0.0306966612563315,"N",TRUE
860,"N",0.0015788033083382,"N",TRUE
859,"N",0.06986786821791,"N",TRUE
856,"N",2.22044604925031e-16,"N",TRUE
850,"N",0.0128633909449356,"N",TRUE
849,"N",0.0143864443246865,"N",TRUE
845,"N",2.22044604925031e-16,"N",TRUE
838,"N",0.662652264856927,"Y",FALSE
938,"N",0.122402688495919,"N",TRUE
937,"N",2.9007030433433e-12,"N",TRUE
932,"N",0.0256731283522576,"N",TRUE
928,"N",0.00436502902930458,"N",TRUE
925,"N",2.18808499729074e-09,"N",TRUE
924,"Y",0.999999999998442,"Y",TRUE
922,"N",2.22044604925031e-16,"N",TRUE
962,"N",0.346412323308834,"N",TRUE
957,"N",2.90070163515869e-12,"N",TRUE
953,"N",0.0304559177632616,"N",TRUE
949,"N",2.22044604925031e-16,"N",TRUE
946,"N",0.265472964819684,"N",TRUE
941,"N",0.753303280560404,"Y",FALSE
1060,"N",0.0184041040666633,"N",TRUE
1058,"N",2.90069890299134e-12,"N",TRUE
1057,"N",2.90069905691015e-12,"N",TRUE
1054,"N",0.0325338749350667,"N",TRUE
1053,"Y",0.985493180357098,"Y",TRUE
1047,"N",0.0718073458124763,"N",TRUE
1043,"N",0.00486259766157148,"N",TRUE
1035,"Y",0.885785380499943,"Y",TRUE
1032,"N",0.00790834609237839,"N",TRUE
1031,"N",0.024818495038262,"N",TRUE
1027,"N",2.90070125117442e-12,"N",TRUE
1025,"N",3.05456295905021e-12,"N",TRUE
1019,"Y",0.380693984783514,"N",FALSE
1014,"N",0.000239714310189003,"N",TRUE
1006,"Y",0.815315430984118,"Y",TRUE
1005,"N",0.000542707270797669,"N",TRUE
1003,"N",0.844119283521241,"Y",FALSE
997,"N",0.0329776253174233,"N",TRUE
994,"N",1.74317404123831e-12,"N",TRUE
991,"N",2.38895430573506e-06,"N",TRUE
986,"Y",0.835262026855628,"Y",TRUE
982,"N",0.00389779053598185,"N",TRUE
978,"N",2.22044604925031e-16,"N",TRUE
967,"N",0.394469653622566,"N",TRUE
966,"Y",0.999999999995924,"Y",TRUE
1145,"N",2.90070149027588e-12,"N",TRUE
1142,"N",0.0444175329684543,"N",TRUE
1138,"N",4.22376480530013e-06,"N",TRUE
1136,"N",2.90069910694595e-12,"N",TRUE
1132,"Y",0.428434998570121,"N",FALSE
1123,"N",0.00240586658101529,"N",TRUE
1120,"N",0.0690942989748778,"N",TRUE
1117,"N",0.253948819139933,"N",TRUE
1103,"N",0.0282775366266688,"N",TRUE
1099,"N",2.22044604925031e-16,"N",TRUE
1097,"N",0.000576014498291464,"N",TRUE
1096,"Y",0.241522220433956,"N",FALSE
1092,"Y",0.0881097775502796,"N",FALSE
1089,"N",0.0574805735053961,"N",TRUE
1087,"N",0.0175978583186735,"N",TRUE
1080,"N",1.32617526067482e-12,"N",TRUE
1074,"N",2.22044604925031e-16,"N",TRUE
1072,"N",2.90070159563139e-12,"N",TRUE
1071,"N",2.22044604925031e-16,"N",TRUE
1070,"N",0.172481323017881,"N",TRUE
1228,"N",2.90070151223709e-12,"N",TRUE
1227,"N",2.90070152755767e-12,"N",TRUE
1226,"N",2.9006988170664e-12,"N",TRUE
1225,"N",2.90069918987523e-12,"N",TRUE
1219,"N",0.0514313675053572,"N",TRUE
1217,"N",6.34497019375764e-13,"N",TRUE
1214,"N",6.24158829765416e-10,"N",TRUE
1213,"N",0.0039460118417984,"N",TRUE
1210,"N",0.0918451105277305,"N",TRUE
1208,"N",0.0706860399813001,"N",TRUE
1202,"N",0.00671295811957363,"N",TRUE
1201,"N",0.00341033539422574,"N",TRUE
1198,"N",0.151125626061588,"N",TRUE
1195,"Y",0.15567314814866,"N",FALSE
1192,"N",0.00021672192422306,"N",TRUE
1189,"N",0.00577920998140748,"N",TRUE
1185,"N",0.000551924867069075,"N",TRUE
1184,"N",2.22044604925031e-16,"N",TRUE
1179,"N",0.812803116863066,"Y",FALSE
1170,"N",0.000263586833274124,"N",TRUE
1169,"N",0.0185022699529154,"N",TRUE
1167,"Y",0.848941737845105,"Y",TRUE
1161,"N",2.22044604925031e-16,"N",TRUE
1159,"N",0.00397006746624342,"N",TRUE
1153,"N",0.432358086796235,"N",TRUE
1152,"N",0.327047117931575,"N",TRUE
1151,"N",0.177918914555189,"N",TRUE
1322,"N",0.797504891260153,"Y",FALSE
1320,"N",2.90069842599707e-12,"N",TRUE
1319,"N",0.00155252117614822,"N",TRUE
1318,"N",0.000580839658977363,"N",TRUE
1313,"N",0.00710588315577517,"N",TRUE
1310,"N",0.0391171929192337,"N",TRUE
1307,"N",0.193097272804487,"N",TRUE
1306,"Y",0.915370757451311,"Y",TRUE
1298,"Y",0.875175004416463,"Y",TRUE
1296,"N",0.000735260687833756,"N",TRUE
1295,"N",0.0218912554090812,"N",TRUE
1293,"N",2.22044604925031e-16,"N",TRUE
1282,"N",0.000224664040519064,"N",TRUE
1280,"N",0.00908857315707129,"N",TRUE
1279,"N",2.9007014464227e-12,"N",TRUE
1274,"N",2.72828310052507e-12,"N",TRUE
1273,"Y",0.17578188808383,"N",FALSE
1270,"Y",0.62275344194169,"Y",TRUE
1268,"N",0.0149018902825512,"N",TRUE
1265,"N",0.000907372687216673,"N",TRUE
1263,"Y",0.875507748584237,"Y",TRUE
1262,"N",0.00620554322182229,"N",TRUE
1260,"N",0.157104058659896,"N",TRUE
1259,"N",0.0165154592410267,"N",TRUE
1255,"Y",4.71025740517619e-05,"N",FALSE
1252,"N",1.70449526554619e-08,"N",TRUE
1249,"N",0.0339646401506722,"N",TRUE
1247,"N",2.22044604925031e-16,"N",TRUE
1246,"Y",0.289396616776513,"N",FALSE
1245,"N",0.0424401817093679,"N",TRUE
1241,"N",0.630878504511258,"Y",FALSE
1237,"N",0.466837415628342,"N",TRUE
1236,"N",0.0485472623983475,"N",TRUE
1234,"N",0.249282457189723,"N",TRUE
1411,"N",0.0143226980633021,"N",TRUE
1410,"N",0.00255759707980556,"N",TRUE
1409,"N",2.90069874893664e-12,"N",TRUE
1408,"N",2.90069885494573e-12,"N",TRUE
1404,"Y",0.305169173607998,"N",FALSE
1403,"Y",0.875508724806359,"Y",TRUE
1402,"N",0.00197798681166718,"N",TRUE
1401,"N",0.000770762962177884,"N",TRUE
1400,"N",0.0549162986287531,"N",TRUE
1395,"N",0.247340422352327,"N",TRUE
1379,"N",2.22044604925031e-16,"N",TRUE
1377,"N",0.000992465865516011,"N",TRUE
1373,"N",0.514856116222532,"Y",FALSE
1370,"N",0.000192442913629826,"N",TRUE
1369,"N",0.571099155029925,"Y",FALSE
1363,"N",0.000658141562767084,"N",TRUE
1359,"N",0.000586394660198375,"N",TRUE
1355,"N",0.659936108232012,"Y",FALSE
1354,"N",0.246620792289148,"N",TRUE
1353,"N",0.00500214956939342,"N",TRUE
1351,"N",0.000143583375952397,"N",TRUE
1346,"N",8.16870460165921e-13,"N",TRUE
1345,"N",3.54595302734747e-05,"N",TRUE
1343,"N",2.27729697193886e-05,"N",TRUE
1337,"N",1.62398488728944e-12,"N",TRUE
1336,"N",0.0154881542938551,"N",TRUE
1335,"N",0.0199657011190331,"N",TRUE
1329,"N",2.90070153073472e-12,"N",TRUE
1434,"N",5.68617544168234e-05,"N",TRUE
1433,"Y",0.84980104285315,"Y",TRUE
1432,"N",0.00062217407390105,"N",TRUE
1431,"N",0.000389914790690515,"N",TRUE
1426,"N",0.000308917566695704,"N",TRUE
1419,"Y",0.672756093378173,"Y",TRUE
1479,"N",2.90070152856884e-12,"N",TRUE
1476,"N",0.000464783351956327,"N",TRUE
1472,"N",0.000402429167523966,"N",TRUE
1470,"N",0.0240213396945172,"N",TRUE
1468,"N",2.90070148956688e-12,"N",TRUE
1465,"N",0.001004991169374,"N",TRUE
1461,"N",0.0396394719542806,"N",TRUE
1454,"N",0.121461752455856,"N",TRUE
1449,"Y",0.860223891467214,"Y",TRUE
1446,"N",0.011999368358561,"N",TRUE
1443,"N",0.0131008231922157,"N",TRUE
1440,"Y",0.795399761763948,"Y",TRUE
1599,"N",0.00278309119937192,"N",TRUE
1598,"N",2.90054145619828e-12,"N",TRUE
1596,"Y",0.64960604673789,"Y",TRUE
1594,"N",0.00176056557247302,"N",TRUE
1593,"N",0.0835674770379857,"N",TRUE
1592,"N",2.90069880466985e-12,"N",TRUE
1589,"N",0.0650223529439819,"N",TRUE
1588,"Y",0.0807494827045383,"N",FALSE
1587,"N",0.438005492395585,"N",TRUE
1580,"N",0.00813919902309417,"N",TRUE
1579,"N",3.13450253121264e-12,"N",TRUE
1576,"N",0.0449607968025575,"N",TRUE
1566,"N",0.00954313509338385,"N",TRUE
1563,"N",2.90070125339174e-12,"N",TRUE
1558,"Y",0.820361550669988,"Y",TRUE
1556,"N",0.0348707230541793,"N",TRUE
1554,"N",0.0456000297346571,"N",TRUE
1547,"N",0.00389736647836043,"N",TRUE
1544,"N",1.04258863953731e-12,"N",TRUE
1540,"N",0.0489880875134011,"N",TRUE
1538,"N",0.000658193397671772,"N",TRUE
1534,"N",0.0370311045058717,"N",TRUE
1532,"N",0.109837081251424,"N",TRUE
1529,"Y",0.688721218534389,"Y",TRUE
1526,"Y",0.619157573725523,"Y",TRUE
1525,"N",0.384854915679463,"N",TRUE
1524,"N",0.0122655747427804,"N",TRUE
1520,"N",0.0166316912252181,"N",TRUE
1519,"N",1.53832889451709e-12,"N",TRUE
1516,"N",0.00353292126385578,"N",TRUE
1515,"N",0.0788723142354541,"N",TRUE
1511,"N",0.0087746665937861,"N",TRUE
1509,"N",1.48529530978344e-12,"N",TRUE
1505,"N",0.0356084047446911,"N",TRUE
1498,"N",2.22044604925031e-16,"N",TRUE
1492,"N",0.00822344446111578,"N",TRUE
1490,"N",0.00998208977132986,"N",TRUE
1489,"Y",0.0468816057935015,"N",FALSE
1488,"N",0.334645612331392,"N",TRUE
1486,"Y",0.253692837727893,"N",FALSE
1481,"N",3.58881377776893e-05,"N",TRUE
1725,"N",0.077641370107823,"N",TRUE
1719,"N",0.0321432350290883,"N",TRUE
1714,"N",0.632488958089766,"Y",FALSE
1711,"N",0.0319983969646173,"N",TRUE
1710,"N",2.90069912613424e-12,"N",TRUE
1709,"N",0.0646952445545563,"N",TRUE
1700,"N",0.0160546080110623,"N",TRUE
1685,"N",0.664740090813066,"Y",FALSE
1683,"N",0.015516884349147,"N",TRUE
1679,"N",2.66801887642142e-12,"N",TRUE
1677,"N",0.809236972835606,"Y",FALSE
1672,"N",0.00113814287553467,"N",TRUE
1671,"N",2.26985034598497e-13,"N",TRUE
1667,"N",0.818060523786322,"Y",FALSE
1666,"N",0.135303485191236,"N",TRUE
1665,"N",0.0111866739512155,"N",TRUE
1664,"N",0.051254816974065,"N",TRUE
1660,"N",3.45571240780111e-12,"N",TRUE
1658,"N",0.146158389051701,"N",TRUE
1655,"Y",0.842341695569031,"Y",TRUE
1652,"N",0.00818227894760618,"N",TRUE
1651,"N",1.30297753894286e-12,"N",TRUE
1645,"N",1.74620550496804e-12,"N",TRUE
1639,"N",1,"Y",FALSE
1637,"N",0.0790935752689052,"N",TRUE
1634,"N",0.0327337310031971,"N",TRUE
1630,"N",1.05590071458369e-12,"N",TRUE
1629,"N",2.22044604925031e-16,"N",TRUE
1625,"N",2.22044604925031e-16,"N",TRUE
1622,"N",0.0117758345109416,"N",TRUE
1621,"N",0.451789787582562,"N",TRUE
1620,"N",2.12364605520476e-12,"N",TRUE
1619,"N",0.0130404521465168,"N",TRUE
1617,"N",0.0273774218136367,"N",TRUE
1616,"N",0.00540071302379692,"N",TRUE
1613,"N",0.02150587719998,"N",TRUE
1611,"N",0.56102117758641,"Y",FALSE
1608,"Y",0.648950175017573,"Y",TRUE
1851,"Y",0.929871717982469,"Y",TRUE
1844,"N",0.0133327844739011,"N",TRUE
1843,"Y",0.997977741760358,"Y",TRUE
1836,"N",0.00143414868719208,"N",TRUE
1830,"N",0.031682444676018,"N",TRUE
1826,"N",2.90070196790531e-12,"N",TRUE
1815,"Y",0.852233687503614,"Y",TRUE
1813,"N",1.3812159379225e-13,"N",TRUE
1812,"N",9.75894193440038e-05,"N",TRUE
1810,"N",0.0247064202576486,"N",TRUE
1805,"N",0.153664667419543,"N",TRUE
1804,"N",0.0110808152324863,"N",TRUE
1800,"N",3.16161526818102e-12,"N",TRUE
1796,"N",0.000602296596802742,"N",TRUE
1794,"N",0.000151445631910655,"N",TRUE
1793,"N",3.52604292230486e-13,"N",TRUE
1788,"N",2.22044604925031e-16,"N",TRUE
1779,"N",0.000860011014987891,"N",TRUE
1772,"N",0.0163240126016253,"N",TRUE
1768,"N",0.0776656693989239,"N",TRUE
1766,"N",5.02715518300022e-05,"N",TRUE
1763,"N",0.151727329045108,"N",TRUE
1761,"N",5.32889757995264e-05,"N",TRUE
1754,"N",0.0188024624014201,"N",TRUE
1749,"N",0.00071105449715978,"N",TRUE
1744,"N",0.00117567282339386,"N",TRUE
1741,"N",2.22044604925031e-16,"N",TRUE
1740,"N",0.74241778297064,"Y",FALSE
1739,"N",3.65327435497175e-13,"N",TRUE
1735,"N",0.0367238921519491,"N",TRUE
1734,"N",0.0866367004562934,"N",TRUE
1732,"N",7.42482176835835e-07,"N",TRUE
1961,"N",2.90069880351129e-12,"N",TRUE
1956,"N",2.90069930745307e-12,"N",TRUE
1953,"N",0.0513081954176685,"N",TRUE
1946,"N",1.05779215513156e-11,"N",TRUE
1941,"N",3.17643746302463e-12,"N",TRUE
1936,"N",1.4604484009793e-12,"N",TRUE
1935,"N",0.038000579313594,"N",TRUE
1933,"N",2.90069859979021e-12,"N",TRUE
1931,"Y",0.847593533849111,"Y",TRUE
1930,"Y",0.611519356873131,"Y",TRUE
1928,"Y",1.44658794840552e-11,"N",FALSE
1927,"Y",0.843947430003403,"Y",TRUE
1926,"N",0.0137277258386188,"N",TRUE
1924,"N",0.00331702004980713,"N",TRUE
1916,"N",0.00578087142023483,"N",TRUE
1915,"Y",0.798949439114398,"Y",TRUE
1913,"N",2.22044604925031e-16,"N",TRUE
1911,"N",0.00929090003321237,"N",TRUE
1909,"N",0.0111599580255604,"N",TRUE
1905,"N",0.201774563322168,"N",TRUE
1904,"N",0.0129080209540943,"N",TRUE
1903,"Y",0.834993018154638,"Y",TRUE
1902,"N",0.00922048906322862,"N",TRUE
1901,"N",1.8563664536568e-13,"N",TRUE
1899,"N",9.83160444655403e-13,"N",TRUE
1893,"N",1.83614236226887e-12,"N",TRUE
1891,"Y",0.614245733246535,"Y",TRUE
1890,"Y",0.61054062790045,"Y",TRUE
1884,"N",0.0169473643084636,"N",TRUE
1881,"N",0.00620062506492276,"N",TRUE
1879,"N",0.000658876402332277,"N",TRUE
1878,"N",0.242273581077316,"N",TRUE
1877,"N",0.0445633629738394,"N",TRUE
1872,"N",0.000157592487761926,"N",TRUE
1870,"N",0.820521791009626,"Y",FALSE
1868,"N",1.45064514622806e-12,"N",TRUE
1865,"N",2.22044604925031e-16,"N",TRUE
1863,"N",0.0174407659860261,"N",TRUE
1862,"N",2.22044604925031e-16,"N",TRUE
1855,"N",0.590696454633134,"Y",FALSE
1853,"Y",0.99999999999499,"Y",TRUE
1852,"N",0.0182447760941389,"N",TRUE
2076,"N",2.90069901566859e-12,"N",TRUE
2069,"N",7.64591268136586e-09,"N",TRUE
2068,"N",0.013721041348595,"N",TRUE
2060,"Y",0.247469341157084,"N",FALSE
2058,"N",0.0772598713573499,"N",TRUE
2056,"N",0.168512112235337,"N",TRUE
2052,"Y",0.129918779631782,"N",FALSE
2048,"N",0.0688613807628876,"N",TRUE
2047,"N",2.90070124532052e-12,"N",TRUE
2041,"N",0.0533154745468826,"N",TRUE
2039,"N",4.21528447708298e-12,"N",TRUE
2038,"N",0.0849352349050138,"N",TRUE
2036,"N",0.0288688670098076,"N",TRUE
2034,"N",0.0222366426918783,"N",TRUE
2033,"N",0.0269165121820284,"N",TRUE
2028,"N",0.0258307803582207,"N",TRUE
2026,"Y",0.0121363999666426,"N",FALSE
2021,"N",0.0248625610893041,"N",TRUE
2016,"N",2.90069492991907e-12,"N",TRUE
2013,"N",0.245171029679537,"N",TRUE
2011,"N",0.0401915383444413,"N",TRUE
2010,"N",0.0637719940957233,"N",TRUE
2008,"N",0.0834335018619977,"N",TRUE
2007,"Y",0.458530192028948,"N",FALSE
2006,"N",0.0001291108395087,"N",TRUE
2005,"N",2.90070498862562e-12,"N",TRUE
2001,"N",0.019264784314065,"N",TRUE
1999,"N",0.000580989272523519,"N",TRUE
1996,"Y",0.678441289262714,"Y",TRUE
1994,"N",4.92327329922598e-08,"N",TRUE
1993,"N",1.60526042219028e-12,"N",TRUE
1990,"N",1.9047498903875e-08,"N",TRUE
1984,"N",0.0103052923538543,"N",TRUE
1983,"N",0.0250499508516055,"N",TRUE
1980,"N",0.00266454599284402,"N",TRUE
1978,"N",0.0209146036255076,"N",TRUE
1977,"N",2.22044604925031e-16,"N",TRUE
1973,"N",0.0312424002681239,"N",TRUE
1972,"N",0.019371824619307,"N",TRUE
1970,"N",0.00145385362004735,"N",TRUE
1968,"N",6.82415448591452e-06,"N",TRUE
2104,"N",2.90070307946295e-12,"N",TRUE
2103,"Y",0.881890267415399,"Y",TRUE
2098,"N",2.22044604925031e-16,"N",TRUE
2095,"N",0.0153421065282143,"N",TRUE
2092,"N",0.00127235111132819,"N",TRUE
2091,"N",0.000274502855830731,"N",TRUE
2088,"Y",0.215088299566143,"N",FALSE
2086,"N",0.0314021034962206,"N",TRUE
2085,"N",0.033059435793356,"N",TRUE
2082,"N",0.00370630395326518,"N",TRUE
2124,"N",0.000266591393620136,"N",TRUE
2123,"Y",0.142219344474116,"N",FALSE
2122,"N",0.57649550243978,"Y",FALSE
2118,"N",0.000753318985088051,"N",TRUE
2116,"N",2.22044604925031e-16,"N",TRUE
2115,"Y",0.999999999997578,"Y",TRUE
2114,"N",1.67085491606957e-13,"N",TRUE
2109,"Y",0.337991195545836,"N",FALSE
2108,"N",0.0470067985237887,"N",TRUE
2107,"N",0.0320465520558574,"N",TRUE
2242,"N",0.00331769528610223,"N",TRUE
2240,"N",0.0330914554353746,"N",TRUE
2235,"N",0.00751141682247154,"N",TRUE
2231,"N",0.00059368068878411,"N",TRUE
2229,"N",0.00233016563607705,"N",TRUE
2226,"N",0.45000369738547,"N",TRUE
2224,"N",3.90157635549253e-09,"N",TRUE
2221,"N",5.30034005888367e-11,"N",TRUE
2220,"N",0.0445267514717513,"N",TRUE
2218,"N",0.0791949555571903,"N",TRUE
2216,"N",2.52337535646742e-12,"N",TRUE
2214,"N",0.000874446512842436,"N",TRUE
2213,"N",0.0530532397854705,"N",TRUE
2211,"N",0.0723830246546786,"N",TRUE
2208,"N",2.90070135162443e-12,"N",TRUE
2206,"N",0.00747591595533785,"N",TRUE
2203,"Y",0.872890787971106,"Y",TRUE
2201,"N",0.00060699636710783,"N",TRUE
2200,"N",0.000317192931866773,"N",TRUE
2190,"N",1.77879579989091e-12,"N",TRUE
2183,"N",4.03017691810503e-12,"N",TRUE
2177,"N",0.00188479816934267,"N",TRUE
2171,"Y",0.809949597531835,"Y",TRUE
2169,"N",0.000952583930811254,"N",TRUE
2163,"N",2.22044604925031e-16,"N",TRUE
2160,"N",0.000124828908382546,"N",TRUE
2157,"N",4.90670715795074e-05,"N",TRUE
2155,"N",0.0343385961042889,"N",TRUE
2151,"N",2.22044604925031e-16,"N",TRUE
2147,"Y",0.930049633891374,"Y",TRUE
2146,"N",0.364740324601211,"N",TRUE
2138,"N",0.0215293439099415,"N",TRUE
2136,"N",0.200733126367169,"N",TRUE
2134,"N",0.384436246363507,"N",TRUE
2338,"N",0.0020147984096567,"N",TRUE
2337,"N",2.9007015188254e-12,"N",TRUE
2331,"N",0.055138641516994,"N",TRUE
2330,"Y",0.202854991277096,"N",FALSE
2328,"N",8.91431034726203e-09,"N",TRUE
2325,"N",1.05228214782175e-12,"N",TRUE
2320,"N",0.0869608241586197,"N",TRUE
2313,"N",0.000870364816616396,"N",TRUE
2311,"N",0.0593495443569849,"N",TRUE
2310,"N",0.128961157832899,"N",TRUE
2309,"N",0.0189571346461413,"N",TRUE
2306,"Y",0.883399707810758,"Y",TRUE
2302,"N",0.000371114220145349,"N",TRUE
2299,"N",0.0525407190431882,"N",TRUE
2295,"N",0.00603953465629172,"N",TRUE
2292,"N",0.00141901622758458,"N",TRUE
2291,"Y",0.562351706481731,"Y",TRUE
2290,"N",0.000217117755098071,"N",TRUE
2289,"N",2.90070129769629e-12,"N",TRUE
2288,"N",0.0240976900214685,"N",TRUE
2286,"N",2.22044604925031e-16,"N",TRUE
2284,"N",7.70094539144108e-13,"N",TRUE
2279,"N",0.0642124107492586,"N",TRUE
2277,"Y",0.138643995730163,"N",FALSE
2272,"N",0.00480678140007276,"N",TRUE
2264,"N",2.22044604925031e-16,"N",TRUE
2260,"N",0.0252936200017396,"N",TRUE
2255,"N",0.347505741138098,"N",TRUE
2252,"N",0.00638809299845611,"N",TRUE
2250,"N",0.205160743397137,"N",TRUE
2248,"N",0.368313913516494,"N",TRUE
2247,"Y",0.999999999996469,"Y",TRUE
2246,"N",2.22044604925031e-16,"N",TRUE
2245,"N",2.90070136259885e-12,"N",TRUE
2444,"N",0.0398344841386671,"N",TRUE
2442,"N",0.0025129870589199,"N",TRUE
2439,"N",2.90070195065843e-12,"N",TRUE
2437,"N",1.35978039394518e-08,"N",TRUE
2434,"Y",0.16444349203694,"N",FALSE
2432,"N",0.232061060201684,"N",TRUE
2429,"N",0.0390760296838002,"N",TRUE
2428,"N",4.73959725163691e-05,"N",TRUE
2427,"N",2.22044604925031e-16,"N",TRUE
2421,"N",0.228614463457905,"N",TRUE
2417,"N",0.0005308370576723,"N",TRUE
2416,"N",0.00251613974544757,"N",TRUE
2414,"Y",0.42739417575345,"N",FALSE
2412,"N",0.337497868239552,"N",TRUE
2405,"N",0.000735025980616517,"N",TRUE
2403,"N",0.137120608711251,"N",TRUE
2399,"N",0.00171105031371944,"N",TRUE
2397,"N",2.22044604925031e-16,"N",TRUE
2389,"N",0.000547752445788191,"N",TRUE
2387,"N",0.00638900390670261,"N",TRUE
2386,"N",0.0323241981847241,"N",TRUE
2382,"N",0.818624497919891,"Y",FALSE
2381,"N",0.019222351040727,"N",TRUE
2379,"N",1.22091608379397e-12,"N",TRUE
2378,"N",0.00701756786433976,"N",TRUE
2377,"Y",0.863867055511536,"Y",TRUE
2374,"N",0.0168675355389343,"N",TRUE
2371,"N",0.684905593921606,"Y",FALSE
2364,"Y",0.81455421237887,"Y",TRUE
2360,"N",0.00398488307216281,"N",TRUE
2357,"Y",0.183536763298484,"N",FALSE
2352,"N",7.77511138476781e-13,"N",TRUE
2348,"Y",0.0577957940599088,"N",FALSE
2347,"N",0.348141141081962,"N",TRUE
2345,"N",7.37309561968993e-05,"N",TRUE
2546,"N",0.0274254732014878,"N",TRUE
2543,"N",2.9006993596087e-12,"N",TRUE
2538,"Y",1.2322539786796e-10,"N",FALSE
2533,"N",0.0445456787432302,"N",TRUE
2530,"N",0.0263091073951756,"N",TRUE
2527,"Y",2.11908404256639e-12,"N",FALSE
2526,"N",0.0276286033082627,"N",TRUE
2525,"N",0.000474698235117648,"N",TRUE
2523,"N",0.0113576422713307,"N",TRUE
2515,"Y",0.526544489846814,"Y",TRUE
2514,"N",0.0846606666652007,"N",TRUE
2511,"N",0.036939144666069,"N",TRUE
2509,"N",8.60884017361223e-07,"N",TRUE
2507,"N",0.0380138248853884,"N",TRUE
2506,"N",2.90070125480933e-12,"N",TRUE
2502,"N",0.04780967255086,"N",TRUE
2497,"N",0.0201609566806678,"N",TRUE
2487,"N",0.000408814192265286,"N",TRUE
2485,"N",1.3884696350441e-12,"N",TRUE
2483,"N",0.646272283548283,"Y",FALSE
2481,"N",0.0403453623205707,"N",TRUE
2479,"N",0.254919963167146,"N",TRUE
2477,"N",1.57847404830371e-05,"N",TRUE
2475,"N",2.90069828990908e-12,"N",TRUE
2474,"N",0.00979592945991014,"N",TRUE
2467,"Y",0.94118328511151,"Y",TRUE
2465,"Y",0.837426170327219,"Y",TRUE
2461,"N",0.043196451593733,"N",TRUE
2459,"N",0.00240020294492121,"N",TRUE
2458,"Y",0.322886496725274,"N",FALSE
2648,"N",2.90069845226257e-12,"N",TRUE
2647,"N",0.0102545791498117,"N",TRUE
2646,"N",0.00379431918904255,"N",TRUE
2645,"N",0.186767072356458,"N",TRUE
2644,"N",2.90069877053286e-12,"N",TRUE
2641,"N",0.0422082643613834,"N",TRUE
2636,"N",0.00891397355488416,"N",TRUE
2633,"N",1.02619338620361e-11,"N",TRUE
2632,"N",0.0858451653191097,"N",TRUE
2625,"N",0.0221462278308562,"N",TRUE
2624,"N",0.100576623255463,"N",TRUE
2619,"Y",0.838744091794382,"Y",TRUE
2617,"N",2.04937783265319e-12,"N",TRUE
2613,"N",0.0155648266477658,"N",TRUE
2612,"Y",0.591237932952443,"Y",TRUE
2611,"N",0.0283401603464126,"N",TRUE
2604,"Y",0.119395885520943,"N",FALSE
2597,"N",2.22044604925031e-16,"N",TRUE
2595,"N",0.042863668075736,"N",TRUE
2593,"N",0.150087210857751,"N",TRUE
2584,"N",0.00155520623618315,"N",TRUE
2583,"Y",0.916548644793097,"Y",TRUE
2580,"N",0.178201026164382,"N",TRUE
2574,"N",0.00364543360933708,"N",TRUE
2571,"N",0.0555391462060578,"N",TRUE
2566,"N",0.0458185621173466,"N",TRUE
2564,"N",0.0653298192418804,"N",TRUE
2561,"N",0.201311173192971,"N",TRUE
2663,"N",0.00236326370252213,"N",TRUE
2659,"N",2.22044604925031e-16,"N",TRUE
2653,"N",0.0996757977600931,"N",TRUE
2651,"Y",0.999999999999095,"Y",TRUE
2686,"N",0.00324838334628477,"N",TRUE
2684,"N",1.40813836036955e-11,"N",TRUE
2679,"N",2.90070127769556e-12,"N",TRUE
2676,"N",1.66079952670895e-12,"N",TRUE
2674,"N",0.00707677657504076,"N",TRUE
2671,"Y",0.792353240802898,"Y",TRUE
2668,"N",0.632487514962551,"Y",FALSE
2666,"N",2.22044604925031e-16,"N",TRUE
2665,"Y",0.611667553206105,"Y",TRUE
2789,"N",2.90069854783465e-12,"N",TRUE
2787,"N",0.0635859844247765,"N",TRUE
2785,"N",0.0377053246100196,"N",TRUE
2779,"N",0.0560751497013293,"N",TRUE
2774,"N",1.70831601865418e-12,"N",TRUE
2773,"N",0.0306795097971524,"N",TRUE
2770,"N",0.00663808988006243,"N",TRUE
2766,"N",0.00827892028321195,"N",TRUE
2763,"Y",0.863963485954632,"Y",TRUE
2762,"N",0.424492358864226,"N",TRUE
2760,"N",0.0280107033515717,"N",TRUE
2758,"N",0.00183894734123819,"N",TRUE
2754,"N",0.0263809092862412,"N",TRUE
2744,"N",2.22044604925031e-16,"N",TRUE
2741,"N",0.00697679981693773,"N",TRUE
2740,"N",2.23606530700461e-12,"N",TRUE
2735,"N",0.00756183231137229,"N",TRUE
2722,"N",0.0188031727511192,"N",TRUE
2720,"N",2.90070164104895e-12,"N",TRUE
2716,"Y",0.758685539352198,"Y",TRUE
2712,"N",1.35886430758761e-12,"N",TRUE
2711,"N",1.56252702217309e-12,"N",TRUE
2709,"Y",0.845473126150716,"Y",TRUE
2708,"N",0.794042388858554,"Y",FALSE
2707,"Y",0.915477101351185,"Y",TRUE
2705,"N",2.22044604925031e-16,"N",TRUE
2701,"N",2.22044604925031e-16,"N",TRUE
2697,"N",2.35080259691506e-07,"N",TRUE
2694,"Y",0.267463417976463,"N",FALSE
2692,"N",0.00020352669787583,"N",TRUE
2889,"N",0.0155285910157167,"N",TRUE
2888,"N",2.90069879384089e-12,"N",TRUE
2884,"N",0.0547244225982516,"N",TRUE
2862,"N",2.4809594620818e-05,"N",TRUE
2857,"N",1.39135347355477e-12,"N",TRUE
2856,"N",2.90070125066248e-12,"N",TRUE
2849,"Y",0.0682028144270286,"N",FALSE
2847,"Y",0.664385374029016,"Y",TRUE
2845,"N",0.00194960639787581,"N",TRUE
2844,"N",0.0179746891569877,"N",TRUE
2838,"N",0.00421344126166673,"N",TRUE
2832,"Y",0.580494135015538,"Y",TRUE
2830,"N",0.00179939067816379,"N",TRUE
2829,"N",0.00998157771704843,"N",TRUE
2828,"N",0.0412902469629348,"N",TRUE
2827,"N",0.0222210595529791,"N",TRUE
2822,"N",0.0184216228656176,"N",TRUE
2819,"N",0.342898041739576,"N",TRUE
2818,"N",0.00131571274866629,"N",TRUE
2817,"Y",0.217783758896964,"N",FALSE
2810,"N",0.00182304955608601,"N",TRUE
2801,"N",0.00504805244099345,"N",TRUE
2800,"N",0.376744166933278,"N",TRUE
2790,"Y",0.922128561451811,"Y",TRUE
2984,"N",2.90069859411093e-12,"N",TRUE
2975,"N",0.220800068828033,"N",TRUE
2974,"N",0.070996438358513,"N",TRUE
2973,"N",0.0229645518264528,"N",TRUE
2971,"N",2.90070197808949e-12,"N",TRUE
2969,"N",0.0228072438510981,"N",TRUE
2968,"N",2.22044604925031e-16,"N",TRUE
2966,"N",0.027245672748428,"N",TRUE
2965,"Y",0.754088081720825,"Y",TRUE
2960,"N",0.113524845430118,"N",TRUE
2956,"N",2.22044604925031e-16,"N",TRUE
2955,"N",0.210090365961526,"N",TRUE
2954,"N",0.0265172869926816,"N",TRUE
2953,"N",0.012066113314017,"N",TRUE
2951,"N",0.000905025457856786,"N",TRUE
2950,"N",0.0010889352502202,"N",TRUE
2948,"N",0.155429003259742,"N",TRUE
2947,"N",0.0014158268847542,"N",TRUE
2945,"Y",1,"Y",TRUE
2944,"N",0.0435325727364936,"N",TRUE
2936,"Y",0.81584669653998,"Y",TRUE
2931,"N",0.00834480431902047,"N",TRUE
2929,"N",0.0328836763820451,"N",TRUE
2927,"N",0.000844363315839631,"N",TRUE
2926,"N",2.90069859982970e-12,"N",TRUE
2924,"N",0.168604022615723,"N",TRUE
2923,"N",0.0173776801351017,"N",TRUE
2922,"N",0.00296685630107543,"N",TRUE
2921,"N",2.22044604925031e-16,"N",TRUE
2914,"N",0.0529951261714173,"N",TRUE
2909,"N",2.28686118439136e-09,"N",TRUE
2908,"N",0.344655634503078,"N",TRUE
2905,"N",0.018228891036025,"N",TRUE
2901,"Y",0.686950243784128,"Y",TRUE
2897,"Y",0.527059503733767,"Y",TRUE
2893,"N",0.0123746064688313,"N",TRUE
3085,"N",0.0874366593108747,"N",TRUE
3077,"N",0.0520667994920861,"N",TRUE
3076,"Y",0.0401830220167712,"N",FALSE
3075,"N",0.00964494216136365,"N",TRUE
3074,"Y",0.0681106022560335,"N",FALSE
3072,"N",2.90069915859227e-12,"N",TRUE
3060,"N",0.0481510332995313,"N",TRUE
3053,"N",0.191517344255922,"N",TRUE
3050,"Y",0.714467839045471,"Y",TRUE
3043,"N",5.41590682754308e-12,"N",TRUE
3042,"N",0.00648906296887765,"N",TRUE
3037,"N",0.0116385425042715,"N",TRUE
3035,"Y",0.561723700092217,"Y",TRUE
3033,"N",0.0585396636235016,"N",TRUE
3030,"N",0.0251138484494728,"N",TRUE
3026,"N",0.0347831469277994,"N",TRUE
3025,"N",0.999999997523751,"Y",FALSE
3022,"Y",0.682470185086845,"Y",TRUE
3021,"N",0.0311923650275126,"N",TRUE
3020,"N",0.0854970359970759,"N",TRUE
3016,"N",0.0041986520065844,"N",TRUE
3011,"N",0.000218928739461025,"N",TRUE
3009,"N",0.018883684881293,"N",TRUE
3006,"Y",0.915493526839484,"Y",TRUE
3002,"N",2.08127318030439e-12,"N",TRUE
3001,"N",0.028608947691697,"N",TRUE
2997,"N",0.399970011525098,"N",TRUE
2996,"N",0.0741909543037664,"N",TRUE
2994,"N",0.00245934937953707,"N",TRUE
2991,"Y",0.410744362053917,"N",FALSE
2987,"N",0.0113298078090306,"N",TRUE
3178,"N",0.0507273430737486,"N",TRUE
3175,"N",2.90069908355796e-12,"N",TRUE
3174,"N",2.90069890183408e-12,"N",TRUE
3173,"N",0.0425478557476923,"N",TRUE
3163,"N",9.92092390832513e-12,"N",TRUE
3160,"Y",0.801121339951778,"Y",TRUE
3157,"N",0.0516018236492957,"N",TRUE
3156,"Y",0.118364029842293,"N",FALSE
3154,"N",0.058061508046099,"N",TRUE
3153,"N",0.128544883821646,"N",TRUE
3150,"N",4.1660459664531e-13,"N",TRUE
3146,"N",2.90067683706347e-12,"N",TRUE
3144,"N",0.0431706041560251,"N",TRUE
3141,"N",0.002376976734385,"N",TRUE
3138,"N",0.00840052305260768,"N",TRUE
3135,"N",0.0136844811860562,"N",TRUE
3127,"N",0.171819501404468,"N",TRUE
3126,"N",0.00208083071776838,"N",TRUE
3121,"N",0.00683368416055617,"N",TRUE
3120,"N",0.0218408854100197,"N",TRUE
3117,"N",7.96973121207739e-13,"N",TRUE
3114,"N",0.0090366789653513,"N",TRUE
3111,"N",0.0286547892023537,"N",TRUE
3108,"N",0.00104332137161584,"N",TRUE
3105,"N",0.0480481811021577,"N",TRUE
3103,"N",0.00831183942986961,"N",TRUE
3100,"N",1.36747417372469e-12,"N",TRUE
3093,"N",1.40665161035161e-11,"N",TRUE
3090,"N",0.18849009665522,"N",TRUE
3087,"N",4.59116033543073e-08,"N",TRUE
3188,"Y",0.265350848969542,"N",FALSE
3187,"N",2.90071829335336e-12,"N",TRUE
3186,"N",2.90070134649411e-12,"N",TRUE
3183,"N",0.00660054157967859,"N",TRUE
3181,"N",3.8607156884639e-12,"N",TRUE
3210,"Y",0.713537752241242,"Y",TRUE
3208,"N",2.90070122740228e-12,"N",TRUE
3207,"N",0.0238005610367317,"N",TRUE
3206,"N",0.0272963722898496,"N",TRUE
3202,"N",1.11762232373365e-12,"N",TRUE
3201,"N",0.000524595351820903,"N",TRUE
3200,"Y",0.573069084270175,"Y",TRUE
3196,"N",0.226659903642035,"N",TRUE
3194,"Y",0.795636147798807,"Y",TRUE
3191,"Y",0.741011010747792,"Y",TRUE
3291,"N",0.0379739475964309,"N",TRUE
3289,"N",0.241251630025242,"N",TRUE
3284,"N",9.65335370547406e-13,"N",TRUE
3279,"N",5.43438928760237e-13,"N",TRUE
3277,"N",2.90070144888247e-12,"N",TRUE
3275,"N",0.270813612707171,"N",TRUE
3274,"N",0.00686635278256963,"N",TRUE
3272,"N",0.0127289023073062,"N",TRUE
3266,"N",0.012268704987846,"N",TRUE
3265,"N",2.90070126177049e-12,"N",TRUE
3263,"Y",0.208125837532259,"N",FALSE
3262,"Y",0.606367529309782,"Y",TRUE
3258,"N",0.956116888795,"Y",FALSE
3256,"N",0.0404568040621666,"N",TRUE
3250,"N",0.132740424195073,"N",TRUE
3248,"N",1.63977415476602e-12,"N",TRUE
3247,"N",0.0458931885495009,"N",TRUE
3244,"N",0.0093559517521323,"N",TRUE
3243,"Y",0.999999999998554,"Y",TRUE
3242,"N",0.0150986636218374,"N",TRUE
3236,"N",0.00984981503587964,"N",TRUE
3235,"Y",0.703853775619967,"Y",TRUE
3232,"Y",0.917981043645766,"Y",TRUE
3230,"Y",0.888017843874795,"Y",TRUE
3227,"Y",0.690070354023287,"Y",TRUE
3225,"N",0.00741041076470757,"N",TRUE
3222,"N",0.0148696197486376,"N",TRUE
3217,"N",0.00400737881065001,"N",TRUE
3216,"Y",0.289540229563051,"N",FALSE
3211,"Y",0.8912052528554,"Y",TRUE
3388,"N",2.90069859843027e-12,"N",TRUE
3384,"N",0.0508396694554346,"N",TRUE
3383,"N",2.9006988962307e-12,"N",TRUE
3377,"N",0.0852255338849874,"N",TRUE
3374,"N",0.023753181030014,"N",TRUE
3371,"N",0.00876679689750451,"N",TRUE
3370,"N",3.02691324434026e-12,"N",TRUE
3369,"N",1.46357957900999e-12,"N",TRUE
3366,"Y",0.244939591161681,"N",FALSE
3363,"N",2.90070144834295e-12,"N",TRUE
3362,"N",0.0412276153864787,"N",TRUE
3361,"N",0.0588061980710744,"N",TRUE
3359,"N",3.13865584839723e-12,"N",TRUE
3357,"Y",0.216841630605506,"N",FALSE
3355,"N",0.0146248933581847,"N",TRUE
3352,"N",0.000853188094047072,"N",TRUE
3350,"N",0.716100320424721,"Y",FALSE
3349,"N",1.98393327126357e-12,"N",TRUE
3346,"N",0.00262848165546955,"N",TRUE
3345,"N",0.0149022083342111,"N",TRUE
3342,"Y",0.816435766033645,"Y",TRUE
3338,"N",0.00729164594165247,"N",TRUE
3329,"N",0.0137923030999343,"N",TRUE
3328,"Y",0.854361956580381,"Y",TRUE
3324,"N",0.00611349972388915,"N",TRUE
3319,"N",1.23667623289536e-12,"N",TRUE
3318,"N",0.0131402979150534,"N",TRUE
3317,"N",0.223384761080087,"N",TRUE
3315,"N",0.0208042309909756,"N",TRUE
3308,"N",1.83435387559563e-06,"N",TRUE
3307,"N",1.39412462170926e-12,"N",TRUE
3306,"Y",0.656432461940673,"Y",TRUE
3302,"N",0.0142178567619742,"N",TRUE
3297,"N",0.00190536779924757,"N",TRUE
3481,"N",2.90069855118654e-12,"N",TRUE
3480,"N",2.90069863987663e-12,"N",TRUE
3479,"N",0.00226241003976758,"N",TRUE
3478,"N",0.0350127178434449,"N",TRUE
3475,"N",3.77167874367576e-13,"N",TRUE
3472,"Y",0.248409729441522,"N",FALSE
3469,"N",0.0162813951883701,"N",TRUE
3468,"N",0.0142936445112406,"N",TRUE
3462,"N",2.8390036927226e-12,"N",TRUE
3461,"N",2.90070144385125e-12,"N",TRUE
3458,"N",8.40209987245388e-13,"N",TRUE
3457,"N",0.105800457343315,"N",TRUE
3447,"N",0.00521720206756691,"N",TRUE
3443,"N",0.0002051979295877,"N",TRUE
3442,"N",0.00679173210076886,"N",TRUE
3441,"N",0.00420236121295124,"N",TRUE
3435,"N",2.90070151073131e-12,"N",TRUE
3432,"N",0.0187076779743041,"N",TRUE
3430,"N",1.86262435419271e-13,"N",TRUE
3429,"N",0.0379470396911496,"N",TRUE
3428,"N",2.83073808650273e-13,"N",TRUE
3425,"N",2.22044604925031e-16,"N",TRUE
3424,"N",0.00648335419222224,"N",TRUE
3423,"Y",0.717138200481303,"Y",TRUE
3419,"N",0.0241088068075764,"N",TRUE
3417,"Y",0.0254371962862836,"N",FALSE
3415,"N",0.14250762242399,"N",TRUE
3403,"N",6.70271358521393e-11,"N",TRUE
3400,"Y",0.866654875250339,"Y",TRUE
3399,"N",3.43559589206359e-11,"N",TRUE
3393,"N",0.394178975055022,"N",TRUE
3392,"Y",0.999999999996525,"Y",TRUE
3390,"N",0.00704723335122248,"N",TRUE
3583,"N",0.0833448741042185,"N",TRUE
3580,"N",0.057053418350423,"N",TRUE
3578,"N",0.00100270126404426,"N",TRUE
3574,"Y",0.595958412441128,"Y",TRUE
3572,"N",9.24342449102310e-09,"N",TRUE
3571,"N",0.0792018956371895,"N",TRUE
3570,"N",0.00541265471424405,"N",TRUE
3566,"N",0.006523310764721,"N",TRUE
3565,"N",2.22044604925031e-16,"N",TRUE
3562,"N",0.146240155428593,"N",TRUE
3561,"N",0.126732204168857,"N",TRUE
3557,"N",0.400773681741669,"N",TRUE
3551,"N",2.90069802465169e-12,"N",TRUE
3549,"N",0.342033681706198,"N",TRUE
3548,"N",2.22044604925031e-16,"N",TRUE
3543,"Y",0.846464810619985,"Y",TRUE
3542,"N",1.31840175144983e-13,"N",TRUE
3540,"N",0.0143780258731641,"N",TRUE
3538,"Y",0.748308398838526,"Y",TRUE
3534,"N",0.0377163664528764,"N",TRUE
3528,"N",0.110736710611193,"N",TRUE
3527,"N",2.90069852836859e-12,"N",TRUE
3515,"N",3.86837318964805e-05,"N",TRUE
3514,"N",0.104164779678086,"N",TRUE
3513,"N",0.0683035295162578,"N",TRUE
3505,"N",0.0783077151493359,"N",TRUE
3504,"N",6.41041770036169e-08,"N",TRUE
3503,"N",0.0197606168098059,"N",TRUE
3502,"N",0.00786351833572669,"N",TRUE
3497,"Y",0.999999999996309,"Y",TRUE
3496,"N",0.0156684839080042,"N",TRUE
3495,"N",0.0206393090690854,"N",TRUE
3494,"Y",0.889213138960198,"Y",TRUE
3492,"Y",0.108667942181308,"N",FALSE
3491,"N",6.82565238164511e-12,"N",TRUE
3489,"N",0.0811440835344502,"N",TRUE
3488,"N",0.0104122262475025,"N",TRUE
3487,"N",0.302842532770953,"N",TRUE
3485,"Y",0.574513977344292,"Y",TRUE
3679,"N",0.00744045768816837,"N",TRUE
3673,"N",0.0429402142867382,"N",TRUE
3672,"N",0.0584230737938093,"N",TRUE
3670,"N",0.700925471994026,"Y",FALSE
3669,"N",0.0669625880089285,"N",TRUE
3666,"N",0.0269154447772821,"N",TRUE
3661,"N",0.00429047810461288,"N",TRUE
3655,"N",2.90070144794799e-12,"N",TRUE
3654,"N",3.28104719861415e-12,"N",TRUE
3653,"N",0.0666148559250756,"N",TRUE
3650,"Y",0.142450989471562,"N",FALSE
3649,"N",0.849999811490356,"Y",FALSE
3648,"N",2.22044604925031e-16,"N",TRUE
3646,"N",3.62337958310213e-13,"N",TRUE
3640,"N",2.22044604925031e-16,"N",TRUE
3631,"N",0.000856821066168506,"N",TRUE
3630,"N",2.22044604925031e-16,"N",TRUE
3625,"N",0.00976649755267838,"N",TRUE
3621,"Y",0.828224561284796,"Y",TRUE
3617,"N",0.00148952224472482,"N",TRUE
3615,"N",0.00111930609325348,"N",TRUE
3609,"N",0.145378898244018,"N",TRUE
3598,"N",0.630831873474582,"Y",FALSE
3596,"N",2.9006812269301e-12,"N",TRUE
3592,"N",0.717827947449489,"Y",FALSE
3591,"Y",0.697825197591665,"Y",TRUE
3585,"N",2.19990685397614e-08,"N",TRUE
3695,"N",2.9008151614145e-12,"N",TRUE
3693,"Y",0.859454038710592,"Y",TRUE
3690,"N",0.00360958709812765,"N",TRUE
3688,"Y",0.999999999999815,"Y",TRUE
3714,"N",2.22044604925031e-16,"N",TRUE
3709,"Y",0.999999999999553,"Y",TRUE
3708,"N",0.133265366821344,"N",TRUE
3704,"Y",0.858815715749399,"Y",TRUE
3703,"N",0.46192659404371,"N",TRUE
3702,"N",0.0298041128709227,"N",TRUE
3818,"N",2.90069867961349e-12,"N",TRUE
3815,"N",0.0379176366879153,"N",TRUE
3810,"N",2.90070197176471e-12,"N",TRUE
3791,"N",2.22044604925031e-16,"N",TRUE
3788,"Y",0.321239900601634,"N",FALSE
3786,"Y",0.873589100575115,"Y",TRUE
3783,"N",0.565566885874339,"Y",FALSE
3781,"Y",0.91483721122545,"Y",TRUE
3774,"Y",0.383456978309166,"N",FALSE
3773,"N",2.72084095136749e-05,"N",TRUE
3770,"N",0.0633621117398969,"N",TRUE
3768,"N",1.18525817474664e-12,"N",TRUE
3766,"N",0.00579808693765711,"N",TRUE
3765,"Y",0.137720847695788,"N",FALSE
3764,"N",0.00717315823647002,"N",TRUE
3763,"N",0.202295611412825,"N",TRUE
3760,"N",0.320653692747489,"N",TRUE
3757,"N",0.00099757196658009,"N",TRUE
3754,"N",0.027732539598612,"N",TRUE
3750,"Y",0.832130155057381,"Y",TRUE
3748,"N",0.00248093151113456,"N",TRUE
3746,"N",0.000681409739648719,"N",TRUE
3745,"Y",0.958419174402554,"Y",TRUE
3744,"N",1.9998212121254e-07,"N",TRUE
3743,"Y",0.120197295451845,"N",FALSE
3740,"N",0.0437267755996994,"N",TRUE
3738,"N",0.000478267921047276,"N",TRUE
3725,"Y",0.763376156561489,"Y",TRUE
3724,"N",2.22044604925031e-16,"N",TRUE
3723,"N",7.72679696987143e-07,"N",TRUE
3720,"N",8.69756074929744e-08,"N",TRUE
3903,"N",0.0208628127425755,"N",TRUE
3902,"N",2.95425289533195e-13,"N",TRUE
3900,"N",2.34735016485502e-12,"N",TRUE
3901,"Y",0.608818331854893,"Y",TRUE
3899,"N",2.90070145072587e-12,"N",TRUE
3898,"N",3.3912973795022e-12,"N",TRUE
3897,"N",0.0500630242424717,"N",TRUE
3896,"N",0.109552571281051,"N",TRUE
3894,"Y",0.873846010617107,"Y",TRUE
3889,"N",2.9007012533469e-12,"N",TRUE
3885,"N",2.90070121871456e-12,"N",TRUE
3882,"Y",0.163923925392173,"N",FALSE
3881,"N",0.130894821081344,"N",TRUE
3875,"N",0.999999999998093,"Y",FALSE
3873,"Y",0.843940151669689,"Y",TRUE
3869,"Y",0.8301792075733,"Y",TRUE
3864,"N",0.0403715676552293,"N",TRUE
3854,"N",0.00104041831580926,"N",TRUE
3851,"Y",0.679834334783545,"Y",TRUE
3840,"N",0.344173026624155,"N",TRUE
3837,"Y",0.849108818071143,"Y",TRUE
3835,"Y",0.84455040220661,"Y",TRUE
3834,"N",0.022241152227317,"N",TRUE
3830,"N",9.34821196113906e-13,"N",TRUE
3829,"N",0.00791820642108996,"N",TRUE
3823,"Y",0.999999999997786,"Y",TRUE
3821,"N",3.43570080743411e-06,"N",TRUE
4017,"N",2.90069859854836e-12,"N",TRUE
4014,"N",2.90069870091906e-12,"N",TRUE
4009,"N",0.0552656822590976,"N",TRUE
4008,"N",0.536859118238455,"Y",FALSE
4007,"N",0.0139744183056183,"N",TRUE
4003,"N",0.0273968822327832,"N",TRUE
3993,"N",0.120596153155293,"N",TRUE
3992,"N",2.55775367467038e-05,"N",TRUE
3991,"N",0.000463181369782482,"N",TRUE
3984,"N",2.22044604925031e-16,"N",TRUE
3983,"Y",0.712696421260614,"Y",TRUE
3982,"N",2.90070124728615e-12,"N",TRUE
3980,"N",8.33758771969674e-05,"N",TRUE
3979,"N",0.00651919480369272,"N",TRUE
3976,"Y",0.164777910691952,"N",FALSE
3972,"N",2.9966389359552e-12,"N",TRUE
3971,"N",8.85059702749236e-12,"N",TRUE
3970,"N",2.22044604925031e-16,"N",TRUE
3969,"N",0.16038396733408,"N",TRUE
3966,"Y",0.588309501736144,"Y",TRUE
3964,"N",5.39342207125168e-12,"N",TRUE
3961,"Y",0.586599719630031,"Y",TRUE
3960,"Y",0.41987474671386,"N",FALSE
3959,"N",0.00827474985398045,"N",TRUE
3954,"N",3.01306868574149e-12,"N",TRUE
3950,"N",0.000423765173413809,"N",TRUE
3948,"N",0.128992357514599,"N",TRUE
3946,"N",0.0437040893933729,"N",TRUE
3945,"N",0.10362898672022,"N",TRUE
3943,"N",7.93431280135527e-07,"N",TRUE
3939,"N",0.0249154157440304,"N",TRUE
3936,"N",0.00112624066753242,"N",TRUE
3933,"N",0.00541772531902817,"N",TRUE
3932,"N",2.05392793576102e-12,"N",TRUE
3929,"N",0.00674561548397908,"N",TRUE
3928,"N",2.92991484688907e-12,"N",TRUE
3927,"Y",0.859476960557591,"Y",TRUE
3921,"Y",0.999999999998998,"Y",TRUE
4117,"N",2.9006989787877e-12,"N",TRUE
4116,"N",0.00729142527383728,"N",TRUE
4114,"N",0.00118670192630958,"N",TRUE
4105,"N",1.20213786241293e-13,"N",TRUE
4104,"N",0.0137132370891318,"N",TRUE
4103,"N",0.0217725924101001,"N",TRUE
4101,"N",2.90070145068834e-12,"N",TRUE
4100,"N",0.0297902267363793,"N",TRUE
4099,"N",2.48537335321874e-12,"N",TRUE
4098,"N",2.90069878508907e-12,"N",TRUE
4095,"N",0.0175937428503646,"N",TRUE
4090,"Y",0.4539774815422,"N",FALSE
4084,"N",0.0436519199302829,"N",TRUE
4074,"Y",0.779882945963318,"Y",TRUE
4069,"N",0.000990913739544839,"N",TRUE
4054,"N",0.0190222489796655,"N",TRUE
4053,"N",0.130161729815893,"N",TRUE
4052,"N",0.0306234486235352,"N",TRUE
4040,"N",0.00696961837259619,"N",TRUE
4038,"N",0.299561423818848,"N",TRUE
4034,"N",0.0173483725229715,"N",TRUE
4031,"N",0.0283073648187158,"N",TRUE
4030,"N",2.22044604925031e-16,"N",TRUE
4028,"N",0.157355495221642,"N",TRUE
4023,"N",2.22044604925031e-16,"N",TRUE
4021,"N",0.00226375806436204,"N",TRUE
4212,"N",2.90069902020308e-12,"N",TRUE
4208,"N",0.0467002285672973,"N",TRUE
4204,"N",3.43291757388417e-12,"N",TRUE
4189,"Y",0.955295110465712,"Y",TRUE
4188,"N",4.94829337662933e-13,"N",TRUE
4186,"N",0.156747249457788,"N",TRUE
4184,"N",2.22044604925031e-16,"N",TRUE
4182,"N",0.000681073893446101,"N",TRUE
4180,"N",0.0126948806269231,"N",TRUE
4177,"N",0.629871385851314,"Y",FALSE
4175,"N",0.00846448698539364,"N",TRUE
4174,"N",0.00446413499619946,"N",TRUE
4173,"Y",0.615619751426205,"Y",TRUE
4171,"Y",0.789509185594414,"Y",TRUE
4170,"N",0.0374674338434689,"N",TRUE
4167,"Y",0.856138560403981,"Y",TRUE
4164,"N",0.116160733464612,"N",TRUE
4163,"N",0.0230055717223628,"N",TRUE
4158,"N",0.00368415580817917,"N",TRUE
4157,"Y",0.568786818337521,"Y",TRUE
4154,"Y",0.868366687930162,"Y",TRUE
4153,"N",0.0101159216823614,"N",TRUE
4152,"N",7.09276997363721e-12,"N",TRUE
4143,"N",0.0551544392319032,"N",TRUE
4137,"N",0.00297844551115045,"N",TRUE
4134,"N",0.786328797910506,"Y",FALSE
4132,"N",2.22044604925031e-16,"N",TRUE
4131,"N",0.0199443741000236,"N",TRUE
4130,"N",1.51235015843384e-12,"N",TRUE
4129,"N",0.00266007926151585,"N",TRUE
4125,"N",0.0816488490087916,"N",TRUE
4229,"N",1.23428959867763e-11,"N",TRUE
4228,"N",2.90070202185938e-12,"N",TRUE
4227,"N",0.917494069986209,"Y",FALSE
4221,"N",0.332026020791113,"N",TRUE
4219,"N",0.23977551285989,"N",TRUE
4251,"N",2.9007020053682e-12,"N",TRUE
4247,"N",0.0184072306044598,"N",TRUE
4245,"N",2.90070158520089e-12,"N",TRUE
4244,"N",0.0605171317003135,"N",TRUE
4237,"N",0.0544988015817716,"N",TRUE
4233,"Y",0.867718124684185,"Y",TRUE
4342,"N",2.90069857341034e-12,"N",TRUE
4340,"N",2.90069876699741e-12,"N",TRUE
4339,"N",2.90069908266567e-12,"N",TRUE
4337,"N",2.90069890805171e-12,"N",TRUE
4333,"Y",0.945909888071875,"Y",TRUE
4331,"N",0.33950325606199,"N",TRUE
4330,"N",0.00770204070022811,"N",TRUE
4327,"N",0.150547459184826,"N",TRUE
4325,"N",2.22044604925031e-16,"N",TRUE
4322,"N",2.90070145338952e-12,"N",TRUE
4321,"N",0.0264345077421454,"N",TRUE
4315,"N",0.0350923606045452,"N",TRUE
4295,"N",0.47437386158595,"N",TRUE
4293,"N",2.22044604925031e-16,"N",TRUE
4292,"N",0.0138441457263617,"N",TRUE
4291,"N",0.270898687007445,"N",TRUE
4275,"N",0.0063082519080229,"N",TRUE
4274,"N",2.08317345430317e-12,"N",TRUE
4268,"N",2.22044604925031e-16,"N",TRUE
4267,"N",0.221624523308643,"N",TRUE
4266,"Y",0.848634470650102,"Y",TRUE
4264,"N",0.0180967983204847,"N",TRUE
4263,"N",0.0208022463323024,"N",TRUE
4261,"N",0.0194549638230078,"N",TRUE
4436,"N",2.90069846257206e-12,"N",TRUE
4432,"N",2.90069885611074e-12,"N",TRUE
4430,"N",0.0211728051338375,"N",TRUE
4429,"N",0.0130248611284477,"N",TRUE
4425,"N",0.00897374364418829,"N",TRUE
4423,"N",2.90070206053563e-12,"N",TRUE
4422,"N",0.00706084111247961,"N",TRUE
4418,"N",0.0309998475438351,"N",TRUE
4417,"N",2.90069899722776e-12,"N",TRUE
4415,"Y",0.469354151832236,"N",FALSE
4414,"N",0.0563640958179476,"N",TRUE
4410,"N",3.15495813491799e-12,"N",TRUE
4408,"N",0.102747657027139,"N",TRUE
4407,"N",0.0308315200695053,"N",TRUE
4403,"N",0.0156135703585424,"N",TRUE
4402,"N",1.76350385466598e-13,"N",TRUE
4401,"N",0.0807439287592159,"N",TRUE
4400,"N",2.90070126387969e-12,"N",TRUE
4399,"N",0.0111877805467056,"N",TRUE
4397,"N",0.524318339553686,"Y",FALSE
4395,"N",2.22044604925031e-16,"N",TRUE
4388,"N",7.16530168190855e-12,"N",TRUE
4387,"Y",0.364224827891367,"N",FALSE
4384,"N",0.0395125661088789,"N",TRUE
4383,"N",0.0162913638444242,"N",TRUE
4379,"Y",0.860240633761229,"Y",TRUE
4377,"N",0.999999999998133,"Y",FALSE
4376,"N",0.155095428503787,"N",TRUE
4372,"Y",0.833426904064986,"Y",TRUE
4368,"N",0.00300432230267809,"N",TRUE
4367,"Y",0.804274770165324,"Y",TRUE
4364,"Y",0.273567539925836,"N",FALSE
4362,"Y",0.787231204142731,"Y",TRUE
4358,"N",2.00886802964735e-06,"N",TRUE
4356,"N",0.105189619166423,"N",TRUE
4355,"N",0.0173297432082364,"N",TRUE
4349,"N",0.0582456611750493,"N",TRUE
4347,"N",1.05987616253022e-12,"N",TRUE
4346,"Y",0.827351942274469,"Y",TRUE
4534,"N",0.859876846513756,"Y",FALSE
4532,"N",0.174278891619877,"N",TRUE
4522,"N",0.0599192351622491,"N",TRUE
4515,"N",2.90199739482257e-12,"N",TRUE
4513,"N",0.000168553370199566,"N",TRUE
4507,"N",0.0152776909585837,"N",TRUE
4504,"N",0.159147432264767,"N",TRUE
4493,"Y",0.836053069619253,"Y",TRUE
4492,"N",3.86372050783569e-05,"N",TRUE
4489,"N",0.018682142857184,"N",TRUE
4480,"N",0.00945165698190645,"N",TRUE
4477,"N",2.90070152252079e-12,"N",TRUE
4469,"N",0.000323581913410973,"N",TRUE
4467,"Y",0.657811484504885,"Y",TRUE
4465,"Y",0.572639094469825,"Y",TRUE
4464,"N",0.0221647226594759,"N",TRUE
4463,"N",2.22044604925031e-16,"N",TRUE
4460,"N",0.076102384440175,"N",TRUE
4453,"N",0.0199808035940949,"N",TRUE
4452,"N",0.0132528057838218,"N",TRUE
4451,"Y",0.910157296402437,"Y",TRUE
4450,"N",0.0174130533196206,"N",TRUE
4629,"N",0.143422632553274,"N",TRUE
4623,"N",2.90069887079272e-12,"N",TRUE
4621,"N",0.0536160538051471,"N",TRUE
4620,"N",0.045347066665013,"N",TRUE
4619,"Y",0.986201266948968,"Y",TRUE
4608,"N",2.22044604925031e-16,"N",TRUE
4607,"N",4.18897605040081e-12,"N",TRUE
4606,"N",0.0145994677934249,"N",TRUE
4601,"N",2.90070144700209e-12,"N",TRUE
4600,"N",0.405488923679855,"N",TRUE
4597,"N",0.633627274835092,"Y",FALSE
4596,"N",0.169851935944874,"N",TRUE
4593,"Y",0.856457291876349,"Y",TRUE
4590,"N",0.354404033667642,"N",TRUE
4587,"Y",0.831259123237893,"Y",TRUE
4581,"N",0.144180926837851,"N",TRUE
4577,"N",0.518267580451169,"Y",FALSE
4573,"N",0.023094589193457,"N",TRUE
4572,"N",0.204214322005319,"N",TRUE
4571,"N",0.62306670358644,"Y",FALSE
4568,"N",1.5671845158883e-12,"N",TRUE
4559,"N",2.90069806051732e-12,"N",TRUE
4552,"N",0.184355131147097,"N",TRUE
4551,"N",0.0858423311110572,"N",TRUE
4545,"N",0.0413708864998386,"N",TRUE
4541,"Y",0.764037803296108,"Y",TRUE
4539,"N",0.0840830392078444,"N",TRUE
4536,"N",2.90068942179743e-12,"N",TRUE
4535,"N",6.43634372950082e-07,"N",TRUE
4714,"N",0.0110079621993686,"N",TRUE
4711,"N",5.48351882703093e-07,"N",TRUE
4710,"N",1.1260504820737e-12,"N",TRUE
4708,"N",0.0366419789765571,"N",TRUE
4706,"N",2.90070145339314e-12,"N",TRUE
4702,"N",0.46936112544158,"N",TRUE
4696,"N",0.0198322215557459,"N",TRUE
4691,"N",3.99369166365795e-13,"N",TRUE
4689,"N",0.0122895155786971,"N",TRUE
4688,"N",0.230524103383027,"N",TRUE
4685,"N",0.704486804397762,"Y",FALSE
4682,"N",0.487002220496333,"N",TRUE
4678,"N",2.22044604925031e-16,"N",TRUE
4677,"N",0.0224511150952027,"N",TRUE
4671,"N",0.0172311986037505,"N",TRUE
4668,"N",2.22044604925031e-16,"N",TRUE
4665,"N",1.29545514646861e-12,"N",TRUE
4664,"N",0.129959232086708,"N",TRUE
4663,"N",0.0178462469975449,"N",TRUE
4660,"N",0.0183119043869014,"N",TRUE
4658,"N",0.00938448921034866,"N",TRUE
4657,"N",0.111616799845413,"N",TRUE
4656,"N",0.0270219891127987,"N",TRUE
4650,"N",0.314134240512667,"N",TRUE
4649,"N",1.39178294793889e-12,"N",TRUE
4648,"N",0.017735473866766,"N",TRUE
4647,"Y",0.872771271903372,"Y",TRUE
4641,"N",1.31088102753001e-12,"N",TRUE
4640,"N",0.107516665110529,"N",TRUE
4638,"N",0.0293341571381858,"N",TRUE
4637,"N",0.0915952591319546,"N",TRUE
4636,"N",2.22044604925031e-16,"N",TRUE
4633,"N",0.0844016540589323,"N",TRUE
4632,"Y",0.0217223385845901,"N",FALSE
4631,"N",0.533402352372471,"Y",FALSE
4630,"Y",0.99999999999943,"Y",TRUE
4731,"N",0.0154515640893695,"N",TRUE
4730,"N",0.0596811634974163,"N",TRUE
4729,"Y",0.852215239785763,"Y",TRUE
4726,"N",0.00573452105647387,"N",TRUE
4725,"Y",0.999999999992665,"Y",TRUE
4752,"N",0.444883940153146,"N",TRUE
4751,"N",0.626629604779801,"Y",FALSE
4746,"N",0.0238740667531915,"N",TRUE
4739,"Y",0.836674447831737,"Y",TRUE
4738,"N",0.0720673809044017,"N",TRUE
4735,"Y",0.643849446812666,"Y",TRUE
4842,"N",0.00192799290126662,"N",TRUE
4837,"N",0.0362303466968719,"N",TRUE
4834,"N",0.0531971881324367,"N",TRUE
4830,"N",0.0446188959045047,"N",TRUE
4829,"N",0.0368484287953144,"N",TRUE
4828,"N",0.00184196704209131,"N",TRUE
4824,"N",2.41325894811293e-12,"N",TRUE
4819,"Y",0.911111817381675,"Y",TRUE
4813,"N",0.0375727733622454,"N",TRUE
4810,"N",0.00349852508527262,"N",TRUE
4807,"N",0.0368199813049922,"N",TRUE
4806,"N",3.340380995439e-12,"N",TRUE
4801,"N",0.115591733767463,"N",TRUE
4800,"N",0.00128585084773155,"N",TRUE
4798,"N",2.22044604925031e-16,"N",TRUE
4793,"N",0.0359244370569411,"N",TRUE
4792,"N",0.822542162421573,"Y",FALSE
4789,"N",0.107457363628857,"N",TRUE
4785,"N",2.22044604925031e-16,"N",TRUE
4784,"N",0.022709028659338,"N",TRUE
4782,"Y",0.658190972625133,"Y",TRUE
4779,"N",0.00193634826269331,"N",TRUE
4778,"N",0.0316293895573131,"N",TRUE
4775,"Y",0.0035677580910605,"N",FALSE
4773,"N",1.63819680777634e-12,"N",TRUE
4771,"N",0.915238812392876,"Y",FALSE
4769,"N",0.0173358635631524,"N",TRUE
4768,"N",2.22044604925031e-16,"N",TRUE
4763,"N",0.805393449909986,"Y",FALSE
4762,"N",0.03540556412995,"N",TRUE
4759,"N",2.22044604925031e-16,"N",TRUE
4758,"N",0.277911632675035,"N",TRUE
4757,"Y",0.262021882911455,"N",FALSE
4930,"N",2.90069860883204e-12,"N",TRUE
4921,"N",2.90069884144104e-12,"N",TRUE
4917,"N",0.107261686994534,"N",TRUE
4915,"N",0.0366520354853839,"N",TRUE
4911,"N",0.464845030641523,"N",TRUE
4907,"N",0.0930431487145144,"N",TRUE
4905,"N",0.00196990773942811,"N",TRUE
4893,"N",2.34592166702641e-12,"N",TRUE
4889,"N",0.767285633241368,"Y",FALSE
4886,"N",2.22044604925031e-16,"N",TRUE
4885,"N",0.111525066290518,"N",TRUE
4884,"N",0.0264267399388896,"N",TRUE
4882,"N",0.876461056116057,"Y",FALSE
4881,"N",0.0303660846728139,"N",TRUE
4880,"N",2.22044604925031e-16,"N",TRUE
4874,"N",2.33516194616411e-05,"N",TRUE
4871,"N",0.000592671526943506,"N",TRUE
4870,"N",0.197486588943777,"N",TRUE
4869,"N",2.22044604925031e-16,"N",TRUE
4868,"N",0.306046979795909,"N",TRUE
4860,"N",0.0192849342216823,"N",TRUE
4859,"N",0.13513950316516,"N",TRUE
4857,"N",0.00550345246180838,"N",TRUE
4856,"N",0.0125117887543072,"N",TRUE
4853,"N",0.635267952829803,"Y",FALSE
4848,"N",0.231909327858821,"N",TRUE
4845,"N",0.626778725285169,"Y",FALSE
5013,"Y",0.0157336172461687,"N",FALSE
5010,"N",0.00257294293470589,"N",TRUE
5006,"N",0.0558556710052873,"N",TRUE
5003,"N",1.99750715399096e-09,"N",TRUE
5001,"N",0.00301286490006866,"N",TRUE
4997,"N",0.102285731340634,"N",TRUE
4991,"N",2.90070144730695e-12,"N",TRUE
4987,"N",0.561314416048643,"Y",FALSE
4983,"N",2.22044604925031e-16,"N",TRUE
4979,"N",0.372325691882799,"N",TRUE
4976,"N",0.00197747502067598,"N",TRUE
4975,"N",0.840360358223885,"Y",FALSE
4971,"Y",0.746409939229347,"Y",TRUE
4961,"Y",0.762954757845541,"Y",TRUE
4958,"N",3.80292938724986e-05,"N",TRUE
4957,"Y",0.843842923453505,"Y",TRUE
4955,"N",0.353306383173379,"N",TRUE
4953,"N",2.22044604925031e-16,"N",TRUE
4942,"N",0.0296613097430126,"N",TRUE
4939,"Y",0.66831301885925,"Y",TRUE
4934,"N",0.0343894248748326,"N",TRUE
5118,"N",0.0277424603691776,"N",TRUE
5113,"N",2.9006987877802e-12,"N",TRUE
5110,"N",0.00637388171197907,"N",TRUE
5109,"N",0.0503340764298918,"N",TRUE
5108,"N",0.00404456352082281,"N",TRUE
5107,"N",0.0163569803527884,"N",TRUE
5104,"N",2.90069916784495e-12,"N",TRUE
5102,"N",2.90070145558337e-12,"N",TRUE
5101,"Y",0.975769768488233,"Y",TRUE
5086,"N",0.0489357139102605,"N",TRUE
5085,"N",0.0207379624578442,"N",TRUE
5082,"N",2.90070124070432e-12,"N",TRUE
5072,"N",0.0540906559885559,"N",TRUE
5071,"N",0.0366504473186657,"N",TRUE
5067,"Y",0.573837464911536,"Y",TRUE
5058,"Y",9.03773805704943e-13,"N",FALSE
5053,"N",2.90069881439768e-12,"N",TRUE
5047,"N",0.0233825561322519,"N",TRUE
5044,"N",1.57698299731064e-12,"N",TRUE
5043,"N",0.000126297178720873,"N",TRUE
5041,"N",0.0387627460485091,"N",TRUE
5039,"N",0.0214522992623651,"N",TRUE
5036,"N",0.024369186247193,"N",TRUE
5034,"N",0.00529969898969554,"N",TRUE
5032,"N",6.74561205467626e-10,"N",TRUE
5031,"N",0.0124574738896805,"N",TRUE
5024,"N",1.63553155634764e-11,"N",TRUE
5022,"N",0.936848373323748,"Y",FALSE
5021,"Y",0.667717400398845,"Y",TRUE
5018,"N",0.182086220771132,"N",TRUE
5017,"Y",0.999999999982449,"Y",TRUE
5016,"N",0.0483850216010432,"N",TRUE
5204,"N",0.0727669742207877,"N",TRUE
5201,"N",0.00555626851719864,"N",TRUE
5199,"N",2.90069881970819e-12,"N",TRUE
5197,"N",4.49716664066185e-13,"N",TRUE
5196,"N",1.03242794890755e-07,"N",TRUE
5183,"N",2.90070144982112e-12,"N",TRUE
5174,"N",3.83080839881667e-13,"N",TRUE
5170,"Y",0.858335539563247,"Y",TRUE
5165,"N",0.00392473799107644,"N",TRUE
5162,"N",2.22044604925031e-16,"N",TRUE
5158,"N",2.22044604925031e-16,"N",TRUE
5153,"Y",0.776370954794137,"Y",TRUE
5150,"N",0.0178456608501557,"N",TRUE
5149,"N",3.32279533038792e-12,"N",TRUE
5144,"N",0.882307181091166,"Y",FALSE
5143,"N",0.0170246743389877,"N",TRUE
5139,"N",0.591292586536738,"Y",FALSE
5137,"N",2.22044604925031e-16,"N",TRUE
5136,"N",0.0687584543249107,"N",TRUE
5134,"Y",0.579428299157515,"Y",TRUE
5132,"N",0.00687073980688482,"N",TRUE
5130,"Y",0.844287975794237,"Y",TRUE
5126,"N",0.712936548150913,"Y",FALSE
5123,"N",0.0184980731141875,"N",TRUE
5206,"Y",0.999999999999029,"Y",TRUE
5231,"N",0.00235282246303575,"N",TRUE
5227,"N",3.61786478770533e-12,"N",TRUE
5225,"N",2.90070129454991e-12,"N",TRUE
5221,"Y",0.868141913215975,"Y",TRUE
5218,"Y",0.130872823132805,"N",FALSE
5217,"N",0.544458831433115,"Y",FALSE
5216,"Y",0.201500751448763,"N",FALSE
5215,"N",2.24187045018093e-11,"N",TRUE
5327,"N",2.90069865335033e-12,"N",TRUE
5325,"Y",0.403880302683705,"N",FALSE
5324,"N",0.077638461819854,"N",TRUE
5322,"N",2.90069896502101e-12,"N",TRUE
5319,"N",0.0521366060611881,"N",TRUE
5313,"N",0.0654004055917277,"N",TRUE
5308,"N",2.66013505889249e-12,"N",TRUE
5305,"Y",0.867857175712599,"Y",TRUE
5302,"N",2.22044604925031e-16,"N",TRUE
5295,"N",2.90070123693055e-12,"N",TRUE
5284,"N",0.0222521890261004,"N",TRUE
5282,"N",0.002679820526679,"N",TRUE
5273,"N",0.0355450319700074,"N",TRUE
5272,"N",0.0267159762100372,"N",TRUE
5270,"N",0.0418272192050969,"N",TRUE
5269,"N",0.00835884814331957,"N",TRUE
5261,"N",0.019873703520004,"N",TRUE
5257,"N",0.000279303362587287,"N",TRUE
5252,"N",0.0142114206420663,"N",TRUE
5249,"Y",0.75599471511293,"Y",TRUE
5247,"N",1.10313859641108e-12,"N",TRUE
5246,"N",9.82237078529013e-13,"N",TRUE
5244,"N",0.90470694361533,"Y",FALSE
5241,"N",0.00561554842577215,"N",TRUE
5239,"Y",0.357438585355691,"N",FALSE
5403,"N",0.299829797664481,"N",TRUE
5399,"N",4.12143776293213e-05,"N",TRUE
5397,"N",0.00511590418698884,"N",TRUE
5395,"Y",1.04681432012329e-05,"N",FALSE
5394,"N",1.7494562490486e-12,"N",TRUE
5391,"N",2.90070199530026e-12,"N",TRUE
5387,"Y",0.718352992238677,"Y",TRUE
5386,"N",0.223908196346661,"N",TRUE
5383,"N",2.07920349541511e-10,"N",TRUE
5378,"N",0.0111237115221042,"N",TRUE
5377,"N",0.113175064346113,"N",TRUE
5376,"N",0.0870045379163614,"N",TRUE
5375,"N",0.00867205514180064,"N",TRUE
5372,"N",0.191732321873119,"N",TRUE
5371,"N",6.75546910384686e-05,"N",TRUE
5369,"N",0.000458985822113238,"N",TRUE
5367,"N",0.828161015641964,"Y",FALSE
5366,"N",2.22044604925031e-16,"N",TRUE
5362,"N",2.22044604925031e-16,"N",TRUE
5356,"N",0.0369110439214574,"N",TRUE
5354,"Y",0.797709689697503,"Y",TRUE
5349,"Y",0.687373535526537,"Y",TRUE
5342,"Y",0.261433124736362,"N",FALSE
5336,"N",1.43583834122712e-12,"N",TRUE
5335,"N",0.0169858099130843,"N",TRUE
5334,"N",0.0169925905999441,"N",TRUE
5332,"N",0.121259761481373,"N",TRUE
5329,"Y",0.999999999997746,"Y",TRUE
5496,"N",2.90069916434842e-12,"N",TRUE
5495,"N",2.90069892652143e-12,"N",TRUE
5489,"N",1.15541016499049e-12,"N",TRUE
5486,"Y",2.90070145563782e-12,"N",FALSE
5483,"N",2.22044604925031e-16,"N",TRUE
5482,"N",0.0062142494073976,"N",TRUE
5479,"N",0.0782943577638165,"N",TRUE
5476,"N",2.90070147260259e-12,"N",TRUE
5470,"N",0.484687288292599,"N",TRUE
5469,"N",0.00897430652651094,"N",TRUE
5464,"N",2.90070123203745e-12,"N",TRUE
5457,"N",2.22044604925031e-16,"N",TRUE
5456,"Y",0.0845492603367424,"N",FALSE
5454,"N",0.0191353448543514,"N",TRUE
5453,"N",0.00847918738003133,"N",TRUE
5451,"N",0.00435215681868234,"N",TRUE
5446,"N",0.155305988749334,"N",TRUE
5445,"Y",0.999999999993744,"Y",TRUE
5429,"N",0.0181305258133709,"N",TRUE
5426,"Y",0.840114876144571,"Y",TRUE
5424,"N",2.22044604925031e-16,"N",TRUE
5423,"Y",0.790169162224148,"Y",TRUE
5422,"N",0.374834359007166,"N",TRUE
5419,"N",0.0114870343589612,"N",TRUE
5410,"Y",0.649530883275927,"Y",TRUE
5596,"N",2.90069854381217e-12,"N",TRUE
5595,"N",0.307462547378188,"N",TRUE
5592,"N",2.90069882474051e-12,"N",TRUE
5583,"N",0.0497395347893304,"N",TRUE
5580,"N",0.090524448727304,"N",TRUE
5579,"N",4.14999027191313e-11,"N",TRUE
5576,"N",2.9007014502268e-12,"N",TRUE
5574,"N",2.90069887914099e-12,"N",TRUE
5573,"Y",0.0502969614153435,"N",FALSE
5570,"N",0.112470850285213,"N",TRUE
5569,"N",0.00398091737600913,"N",TRUE
5568,"Y",0.742707934730555,"Y",TRUE
5565,"Y",0.908946310242558,"Y",TRUE
5563,"N",0.858377639970639,"Y",FALSE
5555,"N",0.00835875244962421,"N",TRUE
5551,"N",2.90070121228683e-12,"N",TRUE
5547,"N",2.22044604925031e-16,"N",TRUE
5544,"N",0.000826944067553254,"N",TRUE
5543,"N",0.00748734396097167,"N",TRUE
5539,"N",0.084904235400162,"N",TRUE
5536,"Y",0.823601431444547,"Y",TRUE
5525,"N",2.90069862332415e-12,"N",TRUE
5524,"N",0.192204278837698,"N",TRUE
5523,"N",0.999999998654545,"Y",FALSE
5521,"Y",0.843772951946678,"Y",TRUE
5517,"N",0.0179387625084764,"N",TRUE
5511,"N",0.0316128103653088,"N",TRUE
5509,"N",2.22044604925031e-16,"N",TRUE
5508,"N",1.96541334278062e-12,"N",TRUE
5506,"N",0.00833460729951943,"N",TRUE
5502,"Y",0.903394903165005,"Y",TRUE
5686,"N",2.90069890341085e-12,"N",TRUE
5682,"N",0.00324342293927977,"N",TRUE
5681,"N",0.0097563883861586,"N",TRUE
5680,"N",0.0555302815279245,"N",TRUE
5673,"N",0.0512174789598518,"N",TRUE
5665,"Y",0.640264353379262,"Y",TRUE
5663,"N",0.0847251642683693,"N",TRUE
5658,"Y",0.599792849351334,"Y",TRUE
5659,"Y",0.867216989181694,"Y",TRUE
5657,"N",2.17749562220139e-12,"N",TRUE
5652,"N",0.151366613509425,"N",TRUE
5650,"N",1.03570793198426e-12,"N",TRUE
5646,"N",0.0988486894531865,"N",TRUE
5645,"Y",0.799392973491349,"Y",TRUE
5640,"N",2.3550936791737e-12,"N",TRUE
5637,"N",2.82031233994551e-12,"N",TRUE
5636,"Y",0.81565305634412,"Y",TRUE
5634,"N",2.19309292437522e-12,"N",TRUE
5627,"N",0.0166034821330865,"N",TRUE
5625,"N",0.654674671151639,"Y",FALSE
5624,"N",0.00861979713422246,"N",TRUE
5622,"N",0.101648340348113,"N",TRUE
5619,"Y",0.066898696515581,"N",FALSE
5608,"N",0.0251942431737686,"N",TRUE
5606,"N",0.380042045958094,"N",TRUE
5605,"N",0.0411272673807012,"N",TRUE
5603,"N",8.70746350031404e-13,"N",TRUE
5600,"N",0.0610349723117282,"N",TRUE
5599,"N",0.105959063082205,"N",TRUE
5702,"N",0.0137015747153578,"N",TRUE
5701,"Y",0.81898875518928,"Y",TRUE
5700,"N",0.00686545135565518,"N",TRUE
5696,"N",0.065054065730573,"N",TRUE
5692,"Y",0.861571714351999,"Y",TRUE
5691,"Y",0.999999999998943,"Y",TRUE
5716,"Y",0.0240626459370533,"N",FALSE
5714,"N",2.90070156328655e-12,"N",TRUE
5713,"N",0.0594812922039092,"N",TRUE
5818,"N",2.90069855592775e-12,"N",TRUE
5816,"N",0.395367116772609,"N",TRUE
5811,"N",0.0436239523043142,"N",TRUE
5810,"N",2.90069889155552e-12,"N",TRUE
5806,"N",0.00057927207519364,"N",TRUE
5803,"N",0.0320302630837016,"N",TRUE
5797,"N",2.90070145430411e-12,"N",TRUE
5796,"N",0.0171083734995486,"N",TRUE
5793,"N",0.000857308375675765,"N",TRUE
5792,"N",0.00161629246550236,"N",TRUE
5791,"N",0.0111772630359643,"N",TRUE
5790,"N",0.171333529377909,"N",TRUE
5788,"N",0.00238352432956088,"N",TRUE
5785,"N",0.0096641817074251,"N",TRUE
5784,"N",0.131405345408209,"N",TRUE
5780,"N",0.0200272180170428,"N",TRUE
5779,"N",0.000475498286428662,"N",TRUE
5776,"N",0.00581826581147028,"N",TRUE
5774,"N",0.0415420302703912,"N",TRUE
5770,"N",0.000337121228112837,"N",TRUE
5765,"Y",0.76218884435907,"Y",TRUE
5761,"N",0.185484923151343,"N",TRUE
5759,"N",1.54338416328038e-12,"N",TRUE
5756,"Y",0.907388702696219,"Y",TRUE
5755,"N",0.0153605058521433,"N",TRUE
5748,"N",2.59625359454343e-05,"N",TRUE
5747,"N",0.247085988165488,"N",TRUE
5738,"N",1.01273958740398e-12,"N",TRUE
5737,"N",2.22044604925031e-16,"N",TRUE
5731,"N",0.170716813567421,"N",TRUE
5729,"N",0.326229918919339,"N",TRUE
5723,"Y",0.99999999999352,"Y",TRUE
5722,"N",0.314206102512742,"N",TRUE
5901,"N",2.90069904143231e-12,"N",TRUE
5900,"N",2.90069882426862e-12,"N",TRUE
5894,"N",0.0282462174424685,"N",TRUE
5893,"N",2.90069910771134e-12,"N",TRUE
5892,"N",8.87039938390421e-13,"N",TRUE
5891,"N",8.3232911851043e-06,"N",TRUE
5887,"N",3.12392601625973e-12,"N",TRUE
5885,"N",1.33853238666924e-12,"N",TRUE
5883,"N",0.0996918543363897,"N",TRUE
5880,"N",0.0332946342719976,"N",TRUE
5878,"N",2.22044604925031e-16,"N",TRUE
5876,"N",0.0256824568068343,"N",TRUE
5873,"N",0.0102912103857759,"N",TRUE
5868,"Y",0.817144842375242,"Y",TRUE
5866,"N",0.0319308774129718,"N",TRUE
5861,"N",0.0256605440410161,"N",TRUE
5859,"Y",0.813659324575897,"Y",TRUE
5855,"Y",0.999999999997988,"Y",TRUE
5852,"N",0.0886140997346845,"N",TRUE
5847,"N",0.406150034940371,"N",TRUE
5846,"N",0.00472171853166682,"N",TRUE
5845,"N",0.0423271673159014,"N",TRUE
5844,"N",0.116541701612158,"N",TRUE
5843,"N",0.00121564499418116,"N",TRUE
5836,"N",0.00922874008763954,"N",TRUE
5834,"N",0.612834755535126,"Y",FALSE
5833,"N",0.0137082626941123,"N",TRUE
5830,"N",0.0224836964414601,"N",TRUE
5829,"N",0.0224836964414601,"N",TRUE
5828,"N",0.0322089711927777,"N",TRUE
5826,"N",0.0215544856736976,"N",TRUE
5825,"N",0.262816094628002,"N",TRUE
5821,"N",6.92690604344176e-13,"N",TRUE
5820,"N",0.361958874747347,"N",TRUE
5998,"Y",0.917545739013151,"Y",TRUE
5993,"N",2.9006986405958e-12,"N",TRUE
5992,"N",2.90069905188463e-12,"N",TRUE
5988,"N",0.0176166417272524,"N",TRUE
5984,"N",4.96225923380209e-13,"N",TRUE
5979,"N",0.0483360084402632,"N",TRUE
5978,"N",0.00129289618752933,"N",TRUE
5977,"N",0.131367610000001,"N",TRUE
5974,"N",2.90070141302275e-12,"N",TRUE
5959,"Y",0.834821841021591,"Y",TRUE
5958,"Y",0.586552489631123,"Y",TRUE
5954,"N",2.22044604925031e-16,"N",TRUE
5953,"N",0.00554019296111741,"N",TRUE
5951,"N",0.42890503091805,"N",TRUE
5949,"N",0.00585600615035822,"N",TRUE
5943,"N",0.00432523868889895,"N",TRUE
5941,"N",0.00694580115642871,"N",TRUE
5938,"N",0.147769471756023,"N",TRUE
5935,"N",0.0253738766972258,"N",TRUE
5932,"Y",0.8729517546518,"Y",TRUE
5929,"N",2.52625332664882e-06,"N",TRUE
5927,"N",1.63733828136816e-09,"N",TRUE
5926,"N",2.90069716187486e-12,"N",TRUE
5925,"Y",0.264156275604557,"N",FALSE
5922,"N",0.116304043869019,"N",TRUE
5920,"N",0.0285772181640085,"N",TRUE
6090,"N",2.90069909428763e-12,"N",TRUE
6085,"N",0.00474753123995352,"N",TRUE
6083,"N",0.031494036255632,"N",TRUE
6080,"N",0.00623353007094017,"N",TRUE
6079,"N",2.90070092853611e-12,"N",TRUE
6078,"N",2.22044604925031e-16,"N",TRUE
6064,"N",2.90070125324272e-12,"N",TRUE
6063,"Y",0.858601020751383,"Y",TRUE
6060,"N",0.0204012336838573,"N",TRUE
6055,"N",0.819071562432142,"Y",FALSE
6053,"N",0.0994425672119469,"N",TRUE
6052,"N",0.0014457930087095,"N",TRUE
6051,"N",2.22044604925031e-16,"N",TRUE
6045,"N",2.22044604925031e-16,"N",TRUE
6044,"N",1.43659377187171e-12,"N",TRUE
6040,"N",0.001591209487345,"N",TRUE
6039,"Y",0.0653339108362905,"N",FALSE
6034,"N",0.0098320747582434,"N",TRUE
6033,"N",0.00156852638355232,"N",TRUE
6029,"N",0.0597291273049883,"N",TRUE
6026,"N",0.000852039441366151,"N",TRUE
6022,"Y",0.676427929203486,"Y",TRUE
6020,"N",0.000692213156985007,"N",TRUE
6019,"N",1.45435256688403e-12,"N",TRUE
6018,"N",7.77062364138807e-06,"N",TRUE
6017,"N",0.00232591134074827,"N",TRUE
6015,"N",1.68987979581036e-12,"N",TRUE
6014,"N",0.054411311450727,"N",TRUE
6013,"Y",0.675542354585561,"Y",TRUE
6009,"N",2.22044604925031e-16,"N",TRUE
6008,"N",0.255665379008544,"N",TRUE
6006,"N",0.133694307362114,"N",TRUE
6001,"Y",0.669490904024649,"Y",TRUE
6196,"N",2.90069852134918e-12,"N",TRUE
6190,"N",0.0556893604267066,"N",TRUE
6186,"N",0.0291682467833492,"N",TRUE
6185,"N",1.36824948433728e-12,"N",TRUE
6182,"N",2.22044604925031e-16,"N",TRUE
6179,"N",0.0805127387117805,"N",TRUE
6177,"N",0.00285943807524564,"N",TRUE
6176,"N",0.00250880273485229,"N",TRUE
6174,"N",0.0061975554184083,"N",TRUE
6170,"N",0.064012940418961,"N",TRUE
6165,"N",0.324315966724131,"N",TRUE
6164,"N",0.01027820518575,"N",TRUE
6163,"N",8.05304038273028e-13,"N",TRUE
6160,"N",0.00139109906071409,"N",TRUE
6156,"N",2.11252702389997e-12,"N",TRUE
6151,"N",0.016779842428514,"N",TRUE
6149,"N",0.00824538962861765,"N",TRUE
6145,"N",0.000915550800955934,"N",TRUE
6143,"Y",0.539819909404501,"Y",TRUE
6140,"N",0.0131850306544578,"N",TRUE
6139,"N",0.0363989095566773,"N",TRUE
6132,"N",0.0653843762799013,"N",TRUE
6125,"N",0.00833174526960852,"N",TRUE
6117,"N",0.0169352484319417,"N",TRUE
6116,"N",0.000720739859589654,"N",TRUE
6204,"Y",0.81114862624166,"Y",TRUE
6203,"N",0.0183199201375919,"N",TRUE
6200,"Y",0.853731428272789,"Y",TRUE
6220,"N",0.0180454349940708,"N",TRUE
6212,"N",0.0210334841062609,"N",TRUE
6307,"N",2.90069889682665e-12,"N",TRUE
6304,"N",0.0024022114112704,"N",TRUE
6299,"N",2.90069871757229e-12,"N",TRUE
6298,"N",6.04890477434479e-13,"N",TRUE
6284,"N",4.43203346653755e-13,"N",TRUE
6276,"N",0.952442058030358,"Y",FALSE
6273,"N",0.0270778891886987,"N",TRUE
6270,"N",1.8167122336597e-12,"N",TRUE
6264,"N",0.0257395978270186,"N",TRUE
6260,"N",0.00275703837162689,"N",TRUE
6254,"N",0.348782648362064,"N",TRUE
6253,"Y",0.893542476007713,"Y",TRUE
6252,"Y",0.707988513394147,"Y",TRUE
6246,"N",0.223323973568754,"N",TRUE
6241,"N",0.000531162462055603,"N",TRUE
6233,"N",0.443785952133218,"N",TRUE
6230,"N",0.0128222152237055,"N",TRUE
6229,"N",0.54042238496023,"Y",FALSE
6383,"N",0.00397398783523998,"N",TRUE
6381,"N",2.90069912117473e-12,"N",TRUE
6379,"N",2.90069888761661e-12,"N",TRUE
6378,"N",0.00389198181961125,"N",TRUE
6377,"N",0.00111290039627939,"N",TRUE
6376,"N",0.00048636634966656,"N",TRUE
6375,"N",0.0506124108724107,"N",TRUE
6370,"Y",0.970120385349504,"Y",TRUE
6362,"N",2.53834379559582e-12,"N",TRUE
6357,"Y",0.407932941326977,"N",FALSE
6356,"N",2.22044604925031e-16,"N",TRUE
6354,"Y",0.522914892089066,"Y",TRUE
6350,"N",0.0118337260282492,"N",TRUE
6349,"N",0.000537669971224011,"N",TRUE
6346,"Y",0.578695340208963,"Y",TRUE
6345,"Y",0.787586996041848,"Y",TRUE
6341,"N",0.0010355683213881,"N",TRUE
6336,"N",0.013430463283026,"N",TRUE
6329,"N",0.87485771621453,"Y",FALSE
6325,"N",0.0214689670458269,"N",TRUE
6314,"N",6.014182e-07,"N",TRUE
6313,"Y",1,"Y",TRUE
6312,"N",2.688677e-05,"N",TRUE
6448,"Y",0.9206415,"Y",TRUE
6445,"N",2.900699e-12,"N",TRUE
6442,"N",2.900699e-12,"N",TRUE
6438,"N",0.04815047,"N",TRUE
6436,"N",0.004790854,"N",TRUE
6435,"N",0.3099175,"N",TRUE
6434,"N",0.01577579,"N",TRUE
6430,"N",2.900699e-12,"N",TRUE
6429,"N",1.648208e-11,"N",TRUE
6428,"N",0.0002012188,"N",TRUE
6427,"N",0.1054216,"N",TRUE
6426,"N",4.01592e-12,"N",TRUE
6423,"N",0.005060559,"N",TRUE
6419,"N",2.220446e-16,"N",TRUE
6415,"Y",0.6846048,"Y",TRUE
6414,"N",0.002384772,"N",TRUE
6412,"N",0.5848204,"Y",FALSE
6407,"N",0.1664064,"N",TRUE
6406,"N",2.900701e-12,"N",TRUE
6402,"N",0.001910781,"N",TRUE
6401,"N",0.003319034,"N",TRUE
6396,"N",0.01670997,"N",TRUE
6394,"N",0.005929978,"N",TRUE
6392,"N",0.1073031,"N",TRUE
6390,"Y",0.277793,"N",FALSE
6387,"Y",0.8584245,"Y",TRUE
6385,"Y",1,"Y",TRUE
6473,"N",2.582472e-12,"N",TRUE
6470,"N",9.065963e-05,"N",TRUE
6469,"N",0.1863196,"N",TRUE
6467,"N",1.644053e-12,"N",TRUE
6461,"N",0.02785205,"N",TRUE
6459,"N",0.04493919,"N",TRUE
6457,"Y",0.8277866,"Y",TRUE
6456,"N",0.00936437,"N",TRUE
6455,"N",2.098575e-12,"N",TRUE
6454,"Y",0.8440123,"Y",TRUE
6453,"N",0.018016,"N",TRUE
6507,"N",0.06029284,"N",TRUE
6505,"N",0.05363142,"N",TRUE
6501,"N",2.900701e-12,"N",TRUE
6499,"N",0.1591266,"N",TRUE
6496,"N",0.01782999,"N",TRUE
6491,"N",0.06864228,"N",TRUE
6489,"N",0.03361578,"N",TRUE
6485,"N",0.01191166,"N",TRUE
6483,"N",0.01533692,"N",TRUE
6481,"N",0.03034227,"N",TRUE
6479,"N",0.8639684,"Y",FALSE
6478,"Y",1,"Y",TRUE
6514,"N",0.001432833,"N",TRUE
6526,"Y",0.7960433,"Y",TRUE
6524,"N",0.09868921,"N",TRUE
6522,"Y",1,"Y",TRUE
6520,"N",0.06709903,"N",TRUE
