"UniqueID","Popular.fctr","Popular.fctr.predict.Rank9.2.glm.prob","Popular.fctr.predict.Rank9.2.glm","Popular.fctr.predict.Rank9.2.glm.accurate"
31,"N",2.22044604925031e-16,"N",TRUE
30,"N",5.07038482383627e-09,"N",TRUE
29,"N",0.00282840757020405,"N",TRUE
25,"N",2.22044604925031e-16,"N",TRUE
24,"N",4.52339303471348e-10,"N",TRUE
22,"N",2.22044604925031e-16,"N",TRUE
21,"N",4.30440564350552e-10,"N",TRUE
18,"N",4.30503354632623e-10,"N",TRUE
17,"N",0.901462016488848,"Y",FALSE
16,"Y",0.983575395020754,"Y",TRUE
12,"N",4.30337616512148e-10,"N",TRUE
9,"Y",0.831225984918988,"Y",TRUE
8,"Y",0.874354291047628,"Y",TRUE
4,"Y",5.41763820016358e-09,"N",FALSE
115,"N",4.30495565988377e-10,"N",TRUE
110,"N",0.00184698948070952,"N",TRUE
106,"N",0.00219413378846361,"N",TRUE
104,"Y",0.570559778222394,"Y",TRUE
100,"N",0.0289696837505604,"N",TRUE
99,"N",2.22044604925031e-16,"N",TRUE
96,"N",4.97951848847911e-11,"N",TRUE
95,"Y",0.189831749403837,"N",FALSE
94,"N",0.0969532941782364,"N",TRUE
88,"N",0.0115100115519917,"N",TRUE
85,"Y",0.694943492304137,"Y",TRUE
83,"N",0.0179268296979457,"N",TRUE
76,"N",0.087409967064397,"N",TRUE
73,"N",2.22044604925031e-16,"N",TRUE
72,"N",0.213227527340478,"N",TRUE
68,"N",4.30487761343163e-10,"N",TRUE
57,"Y",0.999999999583169,"Y",TRUE
56,"Y",0.758577993263669,"Y",TRUE
55,"N",4.30494279987852e-10,"N",TRUE
52,"Y",0.616198545729266,"Y",TRUE
51,"N",1.34271705545317e-10,"N",TRUE
46,"N",0.0428721040603628,"N",TRUE
43,"N",0.0194577102957452,"N",TRUE
37,"Y",0.278252936413077,"N",FALSE
35,"Y",0.999999999792439,"Y",TRUE
199,"N",4.30496191511318e-10,"N",TRUE
198,"N",3.13275675015757e-10,"N",TRUE
195,"N",4.30491667991942e-10,"N",TRUE
194,"N",0.462051772957883,"N",TRUE
189,"N",0.01461516550209,"N",TRUE
186,"N",0.171240108496888,"N",TRUE
184,"N",2.22044604925031e-16,"N",TRUE
182,"N",0.077330505056813,"N",TRUE
181,"N",4.3050315462511e-10,"N",TRUE
179,"N",0.000187542675304457,"N",TRUE
174,"N",0.0289796278782273,"N",TRUE
172,"Y",4.0865914790122e-10,"N",FALSE
170,"N",0.00142054419765494,"N",TRUE
167,"N",0.20417795802916,"N",TRUE
163,"Y",0.287780242288703,"N",FALSE
162,"N",2.22044604925031e-16,"N",TRUE
160,"N",3.75259448603248e-10,"N",TRUE
158,"N",1.4624858263451e-09,"N",TRUE
157,"Y",0.566129774412762,"Y",TRUE
156,"Y",0.602899606436557,"Y",TRUE
151,"N",0.17509064058538,"N",TRUE
150,"N",0.126860824440047,"N",TRUE
146,"N",0.0308402839565543,"N",TRUE
139,"Y",0.73283393396298,"Y",TRUE
135,"N",3.12126384403549e-08,"N",TRUE
134,"N",5.57422732345084e-13,"N",TRUE
126,"N",4.3096226739287e-10,"N",TRUE
301,"N",4.15030843721749e-09,"N",TRUE
299,"N",4.30497213273902e-10,"N",TRUE
294,"N",0.00513032379355954,"N",TRUE
290,"N",4.30519327892019e-10,"N",TRUE
284,"N",0.0705011089651143,"N",TRUE
281,"N",2.22044604925031e-16,"N",TRUE
279,"N",4.30503613753881e-10,"N",TRUE
277,"N",0.00124834712771846,"N",TRUE
272,"N",0.132101492577763,"N",TRUE
270,"N",4.30541905345851e-10,"N",TRUE
265,"N",0.0047582340407268,"N",TRUE
263,"N",0.570927422586308,"Y",FALSE
260,"N",2.22044604925031e-16,"N",TRUE
256,"N",0.0151089293616345,"N",TRUE
252,"Y",0.804379015170789,"Y",TRUE
251,"N",0.0472689295282285,"N",TRUE
248,"N",1.92980432969256e-10,"N",TRUE
247,"N",0.00351561946440104,"N",TRUE
246,"N",0.031549758708224,"N",TRUE
239,"N",2.51738992457678e-10,"N",TRUE
238,"Y",0.850674810563678,"Y",TRUE
237,"N",1.15856802089362e-09,"N",TRUE
230,"N",0.168361552434435,"N",TRUE
226,"N",4.30498871084234e-10,"N",TRUE
224,"N",9.35134545872942e-11,"N",TRUE
222,"N",0.0434797229322322,"N",TRUE
218,"N",2.22044604925031e-16,"N",TRUE
216,"N",2.22044604925031e-16,"N",TRUE
214,"N",0.808767014019386,"Y",FALSE
202,"Y",0.999999999682164,"Y",TRUE
393,"Y",0.631071786353709,"Y",TRUE
392,"N",4.30496647496098e-10,"N",TRUE
390,"N",3.53397122228991e-10,"N",TRUE
389,"N",0.00169502989902011,"N",TRUE
382,"N",0.0405907966004648,"N",TRUE
367,"N",0.0129095232369745,"N",TRUE
361,"Y",0.822341441038413,"Y",TRUE
359,"N",0.709383894155009,"Y",FALSE
347,"N",3.04380446652529e-10,"N",TRUE
346,"N",0.0519816971300107,"N",TRUE
345,"Y",0.820074875623639,"Y",TRUE
343,"N",0.781752929209355,"Y",FALSE
340,"Y",0.553163958669066,"Y",TRUE
338,"Y",0.803477235773478,"Y",TRUE
335,"Y",0.806480084387784,"Y",TRUE
334,"N",0.276499720990042,"N",TRUE
332,"N",0.00863723119330212,"N",TRUE
328,"N",0.0247762862018672,"N",TRUE
327,"Y",0.917308154683629,"Y",TRUE
323,"N",0.0514775279694275,"N",TRUE
318,"N",3.63959133794656e-10,"N",TRUE
306,"N",2.22044604925031e-16,"N",TRUE
303,"N",0.228251093292898,"N",TRUE
417,"N",4.30501820172394e-10,"N",TRUE
416,"N",0.148634003638733,"N",TRUE
415,"N",8.71381604376377e-09,"N",TRUE
411,"N",7.9562594978258e-11,"N",TRUE
407,"N",7.87641909218419e-11,"N",TRUE
405,"N",4.30471637968096e-10,"N",TRUE
400,"N",2.22044604925031e-16,"N",TRUE
396,"N",2.22044604925031e-16,"N",TRUE
395,"N",2.22044604925031e-16,"N",TRUE
447,"N",4.30502009151414e-10,"N",TRUE
443,"N",4.30467301610454e-10,"N",TRUE
442,"N",1.02610202675871e-10,"N",TRUE
437,"N",7.8642136926429e-11,"N",TRUE
436,"Y",0.580654504113303,"Y",TRUE
429,"N",0.0389748894115071,"N",TRUE
428,"N",2.22044604925031e-16,"N",TRUE
420,"Y",0.701591409982411,"Y",TRUE
419,"N",0.826376069441201,"Y",FALSE
418,"Y",0.842636306051185,"Y",TRUE
558,"N",4.25297807139822e-09,"N",TRUE
555,"N",0.0532808232456128,"N",TRUE
554,"Y",0.994468596591728,"Y",TRUE
552,"N",4.30509305295927e-10,"N",TRUE
551,"N",4.30491273118322e-10,"N",TRUE
549,"N",4.30516500989522e-10,"N",TRUE
548,"N",0.348332145112645,"N",TRUE
547,"N",0.0509546775625816,"N",TRUE
544,"N",4.30502198923578e-10,"N",TRUE
543,"N",1.12451830412501e-08,"N",TRUE
539,"N",4.30407751198334e-10,"N",TRUE
537,"N",7.99834380656737e-10,"N",TRUE
534,"N",4.30503569345804e-10,"N",TRUE
532,"N",0.0184008553055749,"N",TRUE
531,"N",0.00118036631496311,"N",TRUE
530,"N",0.000674730846587807,"N",TRUE
529,"N",0.000266770229393285,"N",TRUE
526,"N",0.0103233712663336,"N",TRUE
525,"N",4.30516487756273e-10,"N",TRUE
524,"N",0.00996701767349563,"N",TRUE
521,"N",0.000466311864832274,"N",TRUE
517,"N",3.7213255767563e-10,"N",TRUE
513,"N",0.000293754185718601,"N",TRUE
510,"N",2.22044604925031e-16,"N",TRUE
508,"N",0.282668134548025,"N",TRUE
507,"N",0.0112973541945897,"N",TRUE
502,"N",0.00968503884283564,"N",TRUE
501,"N",0.0331523364114944,"N",TRUE
499,"Y",0.798993559827541,"Y",TRUE
497,"N",0.0101644696249724,"N",TRUE
487,"N",0.000107705503767208,"N",TRUE
486,"N",0.0177635242184935,"N",TRUE
478,"N",0.0121762950958664,"N",TRUE
476,"N",2.53629776300599e-12,"N",TRUE
474,"N",0.0464505747579667,"N",TRUE
467,"N",2.22044604925031e-16,"N",TRUE
466,"N",2.22044604925031e-16,"N",TRUE
464,"N",2.22044604925031e-16,"N",TRUE
457,"N",0.197691819819494,"N",TRUE
454,"N",4.30501674136207e-10,"N",TRUE
452,"Y",0.99999999920563,"Y",TRUE
450,"Y",0.186810880089085,"N",FALSE
641,"Y",0.998381879016739,"Y",TRUE
640,"N",0.780341797446264,"Y",FALSE
639,"N",0.0563718765105766,"N",TRUE
633,"N",0.0058812645873399,"N",TRUE
630,"N",4.66888370326318e-11,"N",TRUE
627,"N",0.00953038264429024,"N",TRUE
625,"N",0.000356779036540248,"N",TRUE
619,"N",0.0544988584291434,"N",TRUE
617,"N",0.000648168519066315,"N",TRUE
616,"Y",0.999999999618135,"Y",TRUE
611,"N",0.0251472428153345,"N",TRUE
608,"N",0.00411928591780185,"N",TRUE
601,"Y",0.0192756955265044,"N",FALSE
598,"Y",0.0130998029634874,"N",FALSE
597,"N",0.0285823004022563,"N",TRUE
590,"N",0.00110741517318418,"N",TRUE
589,"N",7.78546932643498e-05,"N",TRUE
581,"N",4.57144540706821e-07,"N",TRUE
578,"Y",0.843359414057813,"Y",TRUE
575,"N",0.179198548199062,"N",TRUE
574,"N",2.2492035453749e-10,"N",TRUE
572,"N",0.0154574690035448,"N",TRUE
567,"N",2.22044604925031e-16,"N",TRUE
565,"N",4.30499471148344e-10,"N",TRUE
564,"N",0.00078318474068355,"N",TRUE
746,"N",0.0399387181933427,"N",TRUE
744,"N",0.0050725759549681,"N",TRUE
739,"N",7.75043397117655e-08,"N",TRUE
738,"N",4.30502144710226e-10,"N",TRUE
734,"N",0.00151300872118421,"N",TRUE
733,"N",5.81377767831001e-11,"N",TRUE
729,"N",0.0062033450359267,"N",TRUE
727,"N",0.0103536918004037,"N",TRUE
726,"N",4.30541166270799e-10,"N",TRUE
725,"N",0.768253932625599,"Y",FALSE
722,"N",2.22044604925031e-16,"N",TRUE
721,"N",0.00200650827834852,"N",TRUE
720,"N",0.0659039858900544,"N",TRUE
715,"Y",0.916792175306504,"Y",TRUE
712,"N",0.0546226383218067,"N",TRUE
707,"Y",0.667021940886251,"Y",TRUE
704,"N",0.106331501400621,"N",TRUE
702,"N",2.26848812081409e-10,"N",TRUE
701,"N",1.8497888775191e-13,"N",TRUE
697,"N",4.26173260740857e-10,"N",TRUE
695,"N",4.30479244870042e-10,"N",TRUE
687,"N",8.57804978373405e-10,"N",TRUE
685,"Y",0.560254492560869,"Y",TRUE
677,"N",4.43257535140877e-10,"N",TRUE
671,"N",0.0683530684644159,"N",TRUE
670,"N",4.03202787377261e-12,"N",TRUE
666,"N",0.0741364817380341,"N",TRUE
665,"N",2.22044604925031e-16,"N",TRUE
664,"N",0.821567452573749,"Y",FALSE
663,"N",0.103251548730128,"N",TRUE
659,"N",4.30498263434326e-10,"N",TRUE
655,"N",0.000392292569772774,"N",TRUE
654,"Y",0.841987027850407,"Y",TRUE
653,"N",0.0714074772652107,"N",TRUE
652,"N",0.610181754788365,"Y",FALSE
649,"N",2.22044604925031e-16,"N",TRUE
835,"N",4.3051494112182e-10,"N",TRUE
833,"N",0.105789145448182,"N",TRUE
830,"N",0.169431064169571,"N",TRUE
827,"N",4.30501777791138e-10,"N",TRUE
825,"Y",0.233325904775282,"N",FALSE
821,"N",2.22044604925031e-16,"N",TRUE
816,"N",4.30523404268505e-10,"N",TRUE
815,"Y",1,"Y",TRUE
814,"Y",0.0177469331622076,"N",FALSE
811,"N",0.581822996725856,"Y",FALSE
810,"N",4.30569178703754e-10,"N",TRUE
806,"N",4.30505584207756e-10,"N",TRUE
805,"N",0.101810627798301,"N",TRUE
804,"N",0.00031770582242765,"N",TRUE
800,"N",2.22044604925031e-16,"N",TRUE
795,"N",0.00074578975367398,"N",TRUE
794,"N",0.0318854412196782,"N",TRUE
793,"N",0.0222648764997997,"N",TRUE
790,"N",0.00188022856127555,"N",TRUE
789,"N",0.0713111377465255,"N",TRUE
788,"N",0.00752727427358964,"N",TRUE
785,"N",0.764464716624884,"Y",FALSE
783,"N",4.30543068236065e-10,"N",TRUE
780,"N",0.0750006021536431,"N",TRUE
779,"Y",0.722630492757894,"Y",TRUE
778,"N",4.24935548210505e-07,"N",TRUE
771,"N",4.06505403877498e-10,"N",TRUE
770,"N",0.771842886808163,"Y",FALSE
768,"N",2.22044604925031e-16,"N",TRUE
767,"N",0.395340553984738,"N",TRUE
756,"Y",0.34019334007281,"N",FALSE
755,"Y",0.999999999178423,"Y",TRUE
917,"N",0.498100771733269,"N",TRUE
913,"N",4.30492151021997e-10,"N",TRUE
911,"N",0.0142354261474938,"N",TRUE
906,"N",4.30476354595525e-10,"N",TRUE
902,"N",0.359636095831851,"N",TRUE
898,"N",0.0271078386817873,"N",TRUE
892,"N",0.419056868968596,"N",TRUE
890,"N",1.81254827944666e-10,"N",TRUE
883,"N",2.22044604925031e-16,"N",TRUE
880,"N",0.012777082090725,"N",TRUE
871,"N",4.47717735039139e-10,"N",TRUE
867,"N",0.00387848617564012,"N",TRUE
865,"N",0.00532564782906192,"N",TRUE
862,"N",1.41206189617504e-10,"N",TRUE
861,"N",0.00965522255994573,"N",TRUE
860,"N",0.00161048447451002,"N",TRUE
859,"N",0.0569335294324618,"N",TRUE
856,"N",2.22044604925031e-16,"N",TRUE
850,"N",0.0104076020631233,"N",TRUE
849,"N",0.012339124785055,"N",TRUE
845,"N",2.22044604925031e-16,"N",TRUE
838,"N",0.211336648005673,"N",TRUE
938,"N",0.0956740692306658,"N",TRUE
937,"N",4.30406367183866e-10,"N",TRUE
932,"N",0.0120401016202774,"N",TRUE
928,"N",7.18572476714718e-10,"N",TRUE
925,"N",2.22044604925031e-16,"N",TRUE
924,"Y",0.99999999987292,"Y",TRUE
922,"N",2.22044604925031e-16,"N",TRUE
962,"N",0.318703562337521,"N",TRUE
957,"N",4.30318145115448e-10,"N",TRUE
953,"N",0.024354558776073,"N",TRUE
949,"N",2.22044604925031e-16,"N",TRUE
946,"N",0.259690329792311,"N",TRUE
941,"N",0.820252218950649,"Y",FALSE
1060,"N",0.0188534755169574,"N",TRUE
1058,"N",4.30496595188825e-10,"N",TRUE
1057,"N",4.30492702052743e-10,"N",TRUE
1054,"N",0.0388084698206526,"N",TRUE
1053,"Y",0.985736111942109,"Y",TRUE
1047,"N",2.22044604925031e-16,"N",TRUE
1043,"N",0.00495412014842881,"N",TRUE
1035,"Y",0.823602597293566,"Y",TRUE
1032,"N",0.00832840648810152,"N",TRUE
1031,"N",0.0258127529700168,"N",TRUE
1027,"N",4.30565511323611e-10,"N",TRUE
1025,"N",3.22270776898056e-10,"N",TRUE
1019,"Y",0.158993656557913,"N",FALSE
1014,"N",0.000304975139722639,"N",TRUE
1006,"Y",0.798815105020823,"Y",TRUE
1005,"N",0.000677715279775137,"N",TRUE
1003,"N",0.825810713443661,"Y",FALSE
997,"N",0.073337187936901,"N",TRUE
994,"N",1.45179864370875e-10,"N",TRUE
991,"N",1.70297837994038e-06,"N",TRUE
986,"Y",0.814074539996857,"Y",TRUE
982,"N",0.00418977862687471,"N",TRUE
978,"N",2.22044604925031e-16,"N",TRUE
967,"N",0.404563325500763,"N",TRUE
966,"Y",0.99999999935721,"Y",TRUE
1145,"N",4.30501347422763e-10,"N",TRUE
1142,"N",0.0476272847287419,"N",TRUE
1138,"N",4.25345649816562e-06,"N",TRUE
1136,"N",4.30489595153068e-10,"N",TRUE
1132,"Y",0.559665148451425,"Y",TRUE
1123,"N",8.08420571423101e-07,"N",TRUE
1120,"N",0.0239031047499001,"N",TRUE
1117,"N",0.363377332194915,"N",TRUE
1103,"N",3.8901136465817e-10,"N",TRUE
1099,"N",2.22044604925031e-16,"N",TRUE
1097,"N",0.000727907811379184,"N",TRUE
1096,"Y",0.244851026958896,"N",FALSE
1092,"Y",0.156254865215586,"N",FALSE
1089,"N",0.057019131989951,"N",TRUE
1087,"N",0.0162034739231466,"N",TRUE
1080,"N",1.48228048483469e-13,"N",TRUE
1074,"N",2.22044604925031e-16,"N",TRUE
1072,"N",4.30498882055082e-10,"N",TRUE
1071,"N",2.22044604925031e-16,"N",TRUE
1070,"N",0.1766515603969,"N",TRUE
1228,"N",4.30501406223014e-10,"N",TRUE
1227,"N",4.30502652815312e-10,"N",TRUE
1226,"N",4.30500568110842e-10,"N",TRUE
1225,"N",4.30487831214913e-10,"N",TRUE
1219,"N",0.0511002828121973,"N",TRUE
1217,"N",9.31466776034462e-11,"N",TRUE
1214,"N",6.24659720168758e-10,"N",TRUE
1213,"N",0.00439479262447262,"N",TRUE
1210,"N",0.0577123553953551,"N",TRUE
1208,"N",0.0693432264323304,"N",TRUE
1202,"N",0.00676400671407433,"N",TRUE
1201,"N",0.00464130551303843,"N",TRUE
1198,"N",0.152122983444239,"N",TRUE
1195,"Y",0.15911579562735,"N",FALSE
1192,"N",0.000293113641247292,"N",TRUE
1189,"N",0.00583209807019286,"N",TRUE
1185,"N",0.000559434930630393,"N",TRUE
1184,"N",2.22044604925031e-16,"N",TRUE
1179,"N",0.814481150454526,"Y",FALSE
1170,"N",0.000320318306718821,"N",TRUE
1169,"N",0.018470398601359,"N",TRUE
1167,"Y",0.85197323468292,"Y",TRUE
1161,"N",2.22044604925031e-16,"N",TRUE
1159,"N",0.00422232398470383,"N",TRUE
1153,"N",0.438738652717629,"N",TRUE
1152,"N",0.324694100694767,"N",TRUE
1151,"N",0.211305111815045,"N",TRUE
1322,"N",0.771356724410033,"Y",FALSE
1320,"N",4.30515954028994e-10,"N",TRUE
1319,"N",0.00163426449346036,"N",TRUE
1318,"N",0.000700174629876035,"N",TRUE
1313,"N",0.00846534854251579,"N",TRUE
1310,"N",2.22044604925031e-16,"N",TRUE
1307,"N",0.196824207651514,"N",TRUE
1306,"Y",0.864567404616767,"Y",TRUE
1298,"Y",0.858511329137437,"Y",TRUE
1296,"N",0.000965640102613823,"N",TRUE
1295,"N",0.0499299406885678,"N",TRUE
1293,"N",2.22044604925031e-16,"N",TRUE
1282,"N",0.000289867048633319,"N",TRUE
1280,"N",0.00969330401883578,"N",TRUE
1279,"N",4.30491055376207e-10,"N",TRUE
1274,"N",2.62668052178837e-10,"N",TRUE
1273,"Y",0.323398965248658,"N",FALSE
1270,"Y",0.615896210713145,"Y",TRUE
1268,"N",0.0152723505466346,"N",TRUE
1265,"N",0.00108554944497633,"N",TRUE
1263,"Y",0.877475375646461,"Y",TRUE
1262,"N",0.00618888035819668,"N",TRUE
1260,"N",0.15556307351668,"N",TRUE
1259,"N",0.00573445792002295,"N",TRUE
1255,"Y",2.92490359389028e-05,"N",FALSE
1252,"N",5.936132889269e-09,"N",TRUE
1249,"N",0.0338246658194953,"N",TRUE
1247,"N",2.22044604925031e-16,"N",TRUE
1246,"Y",0.300347128393357,"N",FALSE
1245,"N",2.22044604925031e-16,"N",TRUE
1241,"N",0.617639491362277,"Y",FALSE
1237,"N",0.469992269900711,"N",TRUE
1236,"N",0.0496337217048324,"N",TRUE
1234,"N",0.212345155211443,"N",TRUE
1411,"N",0.01757267373894,"N",TRUE
1410,"N",0.00268896248669498,"N",TRUE
1409,"N",4.30501605782528e-10,"N",TRUE
1408,"N",4.30518514718655e-10,"N",TRUE
1404,"Y",0.285259386708396,"N",FALSE
1403,"Y",0.877795832541054,"Y",TRUE
1402,"N",0.00212141898191762,"N",TRUE
1401,"N",0.000806440040458036,"N",TRUE
1400,"N",2.22044604925031e-16,"N",TRUE
1395,"N",0.252240302118802,"N",TRUE
1379,"N",2.22044604925031e-16,"N",TRUE
1377,"N",0.00126177027413471,"N",TRUE
1373,"N",0.522670059676873,"Y",FALSE
1370,"N",0.000250304817398142,"N",TRUE
1369,"N",0.558149734429438,"Y",FALSE
1363,"N",0.000791542995639749,"N",TRUE
1359,"N",0.000728347478686537,"N",TRUE
1355,"N",0.686268277912321,"Y",FALSE
1354,"N",0.261619044242161,"N",TRUE
1353,"N",0.00569828646603408,"N",TRUE
1351,"N",0.000179467777680941,"N",TRUE
1346,"N",0.00719295645986044,"N",TRUE
1345,"N",3.72987553086289e-05,"N",TRUE
1343,"N",1.46249319442384e-05,"N",TRUE
1337,"N",1.79820255033694e-13,"N",TRUE
1336,"N",0.0125754808306707,"N",TRUE
1335,"N",0.0172303865033033,"N",TRUE
1329,"N",4.30502497614489e-10,"N",TRUE
1434,"N",1.19748128017189e-11,"N",TRUE
1433,"Y",0.886533657643561,"Y",TRUE
1432,"N",1.17891589186007e-10,"N",TRUE
1431,"N",7.57255390778964e-11,"N",TRUE
1426,"N",5.53372463380281e-11,"N",TRUE
1419,"Y",0.815372732802832,"Y",TRUE
1479,"N",4.30501897909706e-10,"N",TRUE
1476,"N",1.21394047664398e-10,"N",TRUE
1472,"N",7.80538655163487e-11,"N",TRUE
1470,"N",0.141459232624311,"N",TRUE
1468,"N",4.30503142519586e-10,"N",TRUE
1465,"N",1.69702273948739e-10,"N",TRUE
1461,"N",0.0397764997500402,"N",TRUE
1454,"N",0.327658868058093,"N",TRUE
1449,"Y",0.918131466026106,"Y",TRUE
1446,"N",0.00866414586579312,"N",TRUE
1443,"N",0.00854762358458962,"N",TRUE
1440,"Y",0.844607386772783,"Y",TRUE
1599,"N",0.00293397277638146,"N",TRUE
1598,"N",4.30458040816974e-10,"N",TRUE
1596,"Y",0.634169017934445,"Y",TRUE
1594,"N",0.00180705222784141,"N",TRUE
1593,"N",0.0806774160042136,"N",TRUE
1592,"N",4.30535894081981e-10,"N",TRUE
1589,"N",0.0698506503262694,"N",TRUE
1588,"Y",0.0846504144167124,"N",FALSE
1587,"N",0.419399937587716,"N",TRUE
1580,"N",0.00830518023690314,"N",TRUE
1579,"N",0.0095930366032147,"N",TRUE
1576,"N",0.0422936850349097,"N",TRUE
1566,"N",0.00751198232949329,"N",TRUE
1563,"N",4.30561124877286e-10,"N",TRUE
1558,"Y",0.804235611753897,"Y",TRUE
1556,"N",0.0323126038145617,"N",TRUE
1554,"N",0.000187962181417506,"N",TRUE
1547,"N",0.00368164020773643,"N",TRUE
1544,"N",0.00851149340956013,"N",TRUE
1540,"N",0.0341492804520827,"N",TRUE
1538,"N",0.00115594132098842,"N",TRUE
1534,"N",0.0250566634427907,"N",TRUE
1532,"N",0.10923935426924,"N",TRUE
1529,"Y",0.703147930856135,"Y",TRUE
1526,"Y",0.298187015147706,"N",FALSE
1525,"N",0.387610746278441,"N",TRUE
1524,"N",0.00517337764532997,"N",TRUE
1520,"N",0.0273297711824604,"N",TRUE
1519,"N",1.40652625923932e-10,"N",TRUE
1516,"N",0.00253761920711054,"N",TRUE
1515,"N",0.0778932031010233,"N",TRUE
1511,"N",0.00880989311343042,"N",TRUE
1509,"N",2.40698103594956e-10,"N",TRUE
1505,"N",0.0362646370403383,"N",TRUE
1498,"N",2.22044604925031e-16,"N",TRUE
1492,"N",0.00313138435811647,"N",TRUE
1490,"N",0.00601927323081446,"N",TRUE
1489,"Y",0.083817918464895,"N",FALSE
1488,"N",0.339832144674714,"N",TRUE
1486,"Y",0.260868853526752,"N",FALSE
1481,"N",3.78055558097094e-05,"N",TRUE
1725,"N",0.0818583432785522,"N",TRUE
1719,"N",0.0385018177960773,"N",TRUE
1714,"N",0.721762659276877,"Y",FALSE
1711,"N",0.0155939029270558,"N",TRUE
1710,"N",4.30489631498651e-10,"N",TRUE
1709,"N",2.22044604925031e-16,"N",TRUE
1700,"N",0.00799567632424903,"N",TRUE
1685,"N",0.679939683443233,"Y",FALSE
1683,"N",0.0147462377206975,"N",TRUE
1679,"N",4.03559715389144e-10,"N",TRUE
1677,"N",0.810349869316396,"Y",FALSE
1672,"N",0.00343477573232524,"N",TRUE
1671,"N",3.19311251455697e-10,"N",TRUE
1667,"N",0.801390728177744,"Y",FALSE
1666,"N",0.135534298666284,"N",TRUE
1665,"N",0.0204089285009032,"N",TRUE
1664,"N",0.050323572029889,"N",TRUE
1660,"N",3.78069202950728e-10,"N",TRUE
1658,"N",0.143314529879263,"N",TRUE
1655,"Y",0.823912436927835,"Y",TRUE
1652,"N",0.00812576064771566,"N",TRUE
1651,"N",8.42957786851517e-11,"N",TRUE
1645,"N",0.0124545259957701,"N",TRUE
1639,"N",1,"Y",FALSE
1637,"N",0.0219029355731644,"N",TRUE
1634,"N",0.0308757408141511,"N",TRUE
1630,"N",4.30270629519588e-10,"N",TRUE
1629,"N",2.22044604925031e-16,"N",TRUE
1625,"N",2.22044604925031e-16,"N",TRUE
1622,"N",0.00960355100508254,"N",TRUE
1621,"N",0.448911449083981,"N",TRUE
1620,"N",1.63705602097519e-10,"N",TRUE
1619,"N",0.0241355012270694,"N",TRUE
1617,"N",0.0311032699756132,"N",TRUE
1616,"N",0.00330276644701245,"N",TRUE
1613,"N",0.0260352628641188,"N",TRUE
1611,"N",0.574051065494243,"Y",FALSE
1608,"Y",0.661269884690321,"Y",TRUE
1851,"Y",0.930126835290121,"Y",TRUE
1844,"N",0.0072486662111561,"N",TRUE
1843,"Y",0.998037514742153,"Y",TRUE
1836,"N",0.00150129221204158,"N",TRUE
1830,"N",2.22044604925031e-16,"N",TRUE
1826,"N",4.30439852615516e-10,"N",TRUE
1815,"Y",0.836380257043223,"Y",TRUE
1813,"N",2.20961577036183e-11,"N",TRUE
1812,"N",6.24504194140002e-05,"N",TRUE
1810,"N",0.0242804535781856,"N",TRUE
1805,"N",0.154160549605005,"N",TRUE
1804,"N",0.00842554587735948,"N",TRUE
1800,"N",2.71319263815618e-10,"N",TRUE
1796,"N",0.000479261437975367,"N",TRUE
1794,"N",0.000143787178670385,"N",TRUE
1793,"N",5.02397805534585e-10,"N",TRUE
1788,"N",0.00149905341759959,"N",TRUE
1779,"N",0.0026226354131098,"N",TRUE
1772,"N",0.0162234365754957,"N",TRUE
1768,"N",0.0763430627560166,"N",TRUE
1766,"N",6.01576470495089e-05,"N",TRUE
1763,"N",0.128419760427016,"N",TRUE
1761,"N",4.4423399289141e-05,"N",TRUE
1754,"N",0.00591781092310041,"N",TRUE
1749,"N",0.000625656907798224,"N",TRUE
1744,"N",0.000706637244076978,"N",TRUE
1741,"N",2.22044604925031e-16,"N",TRUE
1740,"N",0.721402332512374,"Y",FALSE
1739,"N",5.79101789023001e-11,"N",TRUE
1735,"N",0.0252634043324426,"N",TRUE
1734,"N",0.0894896837136914,"N",TRUE
1732,"N",1.61664413022824e-06,"N",TRUE
1961,"N",4.30498408681158e-10,"N",TRUE
1956,"N",4.30482826446871e-10,"N",TRUE
1953,"N",0.0511178230373056,"N",TRUE
1946,"N",2.73690961928071e-09,"N",TRUE
1941,"N",0.00970189193220621,"N",TRUE
1936,"N",2.33908835664495e-10,"N",TRUE
1935,"N",0.0199629722129126,"N",TRUE
1933,"N",4.30516076424404e-10,"N",TRUE
1931,"Y",0.831873961607405,"Y",TRUE
1930,"Y",0.610102412694491,"Y",TRUE
1928,"Y",2.28329351160762e-09,"N",FALSE
1927,"Y",0.845072874768571,"Y",TRUE
1926,"N",3.94061253681974e-10,"N",TRUE
1924,"N",0.00400162906731037,"N",TRUE
1916,"N",0.00636653831071125,"N",TRUE
1915,"Y",0.799664998082807,"Y",TRUE
1913,"N",2.22044604925031e-16,"N",TRUE
1911,"N",0.00944841064596436,"N",TRUE
1909,"N",0.0111776775591164,"N",TRUE
1905,"N",0.207583003734466,"N",TRUE
1904,"N",0.0137566290304132,"N",TRUE
1903,"Y",0.836379701096252,"Y",TRUE
1902,"N",0.00919242224774632,"N",TRUE
1901,"N",2.64047841380899e-10,"N",TRUE
1899,"N",0.0101467486458903,"N",TRUE
1893,"N",1.72501726595039e-10,"N",TRUE
1891,"Y",0.631447253502535,"Y",TRUE
1890,"Y",0.604650624898491,"Y",TRUE
1884,"N",0.0173065233713526,"N",TRUE
1881,"N",0.00274991447650614,"N",TRUE
1879,"N",0.00060831358716603,"N",TRUE
1878,"N",0.255731024064998,"N",TRUE
1877,"N",0.0442398586162845,"N",TRUE
1872,"N",9.63895682468364e-05,"N",TRUE
1870,"N",0.731551023570415,"Y",FALSE
1868,"N",1.61468235311776e-13,"N",TRUE
1865,"N",2.22044604925031e-16,"N",TRUE
1863,"N",2.22044604925031e-16,"N",TRUE
1862,"N",2.22044604925031e-16,"N",TRUE
1855,"N",0.600408470368264,"Y",FALSE
1853,"Y",0.999999999142728,"Y",TRUE
1852,"N",0.0105185619426113,"N",TRUE
2076,"N",4.3049363082136e-10,"N",TRUE
2069,"N",7.08173937537704e-09,"N",TRUE
2068,"N",0.00978440064762191,"N",TRUE
2060,"Y",0.256081015480377,"N",FALSE
2058,"N",0.0730841847372879,"N",TRUE
2056,"N",0.265167629014758,"N",TRUE
2052,"Y",0.120218118462125,"N",FALSE
2048,"N",0.0690260660093264,"N",TRUE
2047,"N",4.30570903675939e-10,"N",TRUE
2041,"N",0.0585071690755247,"N",TRUE
2039,"N",5.98811527682607e-10,"N",TRUE
2038,"N",0.0852523963070313,"N",TRUE
2036,"N",0.0161543644925612,"N",TRUE
2034,"N",0.025467964083597,"N",TRUE
2033,"N",0.0161825735046161,"N",TRUE
2028,"N",0.0267243285262277,"N",TRUE
2026,"Y",0.0121323170724738,"N",FALSE
2021,"N",0.0257226918370574,"N",TRUE
2016,"N",4.30541273330158e-10,"N",TRUE
2013,"N",0.234411061829711,"N",TRUE
2011,"N",0.0361429685481421,"N",TRUE
2010,"N",0.0648630365583038,"N",TRUE
2008,"N",0.0273400957192966,"N",TRUE
2007,"Y",0.48591784455483,"N",FALSE
2006,"N",0.000104612588813379,"N",TRUE
2005,"N",4.30503308318352e-10,"N",TRUE
2001,"N",0.0197141019655248,"N",TRUE
1999,"N",0.000536932248478379,"N",TRUE
1996,"Y",0.663143158676326,"Y",TRUE
1994,"N",2.88287088927406e-08,"N",TRUE
1993,"N",2.32771131500976e-10,"N",TRUE
1990,"N",6.59952281051643e-09,"N",TRUE
1984,"N",0.00878287079614041,"N",TRUE
1983,"N",0.0234756235531283,"N",TRUE
1980,"N",0.00307666823046447,"N",TRUE
1978,"N",0.0133463744216084,"N",TRUE
1977,"N",2.22044604925031e-16,"N",TRUE
1973,"N",0.0178318126623414,"N",TRUE
1972,"N",0.0368975115283032,"N",TRUE
1970,"N",0.00718963503598246,"N",TRUE
1968,"N",1.97370746118178e-09,"N",TRUE
2104,"N",4.30405561486999e-10,"N",TRUE
2103,"Y",0.940168160865155,"Y",TRUE
2098,"N",2.22044604925031e-16,"N",TRUE
2095,"N",0.00851751341116924,"N",TRUE
2092,"N",2.17498605968882e-10,"N",TRUE
2091,"N",4.93316832279416e-11,"N",TRUE
2088,"Y",0.202726812016779,"N",FALSE
2086,"N",0.0067003232496397,"N",TRUE
2085,"N",0.0198571966300362,"N",TRUE
2082,"N",0.00344108386633302,"N",TRUE
2124,"N",5.21834272454806e-11,"N",TRUE
2123,"Y",0.128901339363335,"N",FALSE
2122,"N",0.670476237646755,"Y",FALSE
2118,"N",1.33199529795514e-10,"N",TRUE
2116,"N",2.22044604925031e-16,"N",TRUE
2115,"Y",0.999999999764733,"Y",TRUE
2114,"N",2.22044604925031e-16,"N",TRUE
2109,"Y",0.586761394757571,"Y",TRUE
2108,"N",0.0631704491147832,"N",TRUE
2107,"N",0.0211587121910103,"N",TRUE
2242,"N",0.00552577265633415,"N",TRUE
2240,"N",0.0356360109273418,"N",TRUE
2235,"N",0.00787186289800524,"N",TRUE
2231,"N",0.000625995614813214,"N",TRUE
2229,"N",0.00261747958097833,"N",TRUE
2226,"N",0.366945774646396,"N",TRUE
2224,"N",3.62849797418258e-09,"N",TRUE
2221,"N",4.74046956353798e-11,"N",TRUE
2220,"N",0.113770113373451,"N",TRUE
2218,"N",0.0675598215266004,"N",TRUE
2216,"N",0.00763104752886,"N",TRUE
2214,"N",0.000988601701587305,"N",TRUE
2213,"N",0.0614810503639721,"N",TRUE
2211,"N",0.0755362499109186,"N",TRUE
2208,"N",4.30581233298944e-10,"N",TRUE
2206,"N",0.00761662123445239,"N",TRUE
2203,"Y",0.873907444227435,"Y",TRUE
2201,"N",0.000557156178327446,"N",TRUE
2200,"N",0.000432631379058161,"N",TRUE
2190,"N",1.84601717098692e-10,"N",TRUE
2183,"N",5.18043726946865e-10,"N",TRUE
2177,"N",0.00219815959858278,"N",TRUE
2171,"Y",0.793713265050496,"Y",TRUE
2169,"N",0.000940333368426633,"N",TRUE
2163,"N",2.22044604925031e-16,"N",TRUE
2160,"N",0.000157041172818767,"N",TRUE
2157,"N",5.08418562677131e-05,"N",TRUE
2155,"N",0.0197248301498298,"N",TRUE
2151,"N",1.09742373757717e-11,"N",TRUE
2147,"Y",0.933054629363809,"Y",TRUE
2146,"N",0.364569646847115,"N",TRUE
2138,"N",0.00575285322647576,"N",TRUE
2136,"N",0.207169840457549,"N",TRUE
2134,"N",0.399206238489321,"N",TRUE
2338,"N",0.0020789852119699,"N",TRUE
2337,"N",4.30502188844862e-10,"N",TRUE
2331,"N",0.0546691747670395,"N",TRUE
2330,"Y",0.186424003196748,"N",FALSE
2328,"N",8.311146894997e-09,"N",TRUE
2325,"N",1.55829693193722e-10,"N",TRUE
2320,"N",0.0258608752376645,"N",TRUE
2313,"N",0.00231976878886505,"N",TRUE
2311,"N",0.0683538803956198,"N",TRUE
2310,"N",0.129492446361151,"N",TRUE
2309,"N",0.0193255891929672,"N",TRUE
2306,"Y",0.882310060147301,"Y",TRUE
2302,"N",0.000339680654257361,"N",TRUE
2299,"N",0.0292342908188062,"N",TRUE
2295,"N",0.00509757265873739,"N",TRUE
2292,"N",0.000858830281622487,"N",TRUE
2291,"Y",0.560900066304659,"Y",TRUE
2290,"N",0.000280823972622639,"N",TRUE
2289,"N",4.30541593045533e-10,"N",TRUE
2288,"N",0.0245544953334514,"N",TRUE
2286,"N",2.22044604925031e-16,"N",TRUE
2284,"N",2.22044604925031e-16,"N",TRUE
2279,"N",0.0650082590563625,"N",TRUE
2277,"Y",0.148665554173187,"N",FALSE
2272,"N",0.00532076379563049,"N",TRUE
2264,"N",2.22044604925031e-16,"N",TRUE
2260,"N",0.0110473249931771,"N",TRUE
2255,"N",0.346488898497291,"N",TRUE
2252,"N",0.0259626704736299,"N",TRUE
2250,"N",0.210325644723906,"N",TRUE
2248,"N",0.375628320742049,"N",TRUE
2247,"Y",0.999999999473876,"Y",TRUE
2246,"N",2.22044604925031e-16,"N",TRUE
2245,"N",4.30516446517846e-10,"N",TRUE
2444,"N",0.0443321220149649,"N",TRUE
2442,"N",0.00259100898831522,"N",TRUE
2439,"N",4.30437703418884e-10,"N",TRUE
2437,"N",1.31908990888966e-08,"N",TRUE
2434,"Y",0.160856643966119,"N",FALSE
2432,"N",0.252959273861991,"N",TRUE
2429,"N",0.100628062757095,"N",TRUE
2428,"N",0.000172265687572446,"N",TRUE
2427,"N",2.22044604925031e-16,"N",TRUE
2421,"N",0.226790614772654,"N",TRUE
2417,"N",0.000708490478168462,"N",TRUE
2416,"N",0.00312167944762409,"N",TRUE
2414,"Y",0.428106769163166,"N",FALSE
2412,"N",0.338135249089833,"N",TRUE
2405,"N",0.00218113627863031,"N",TRUE
2403,"N",0.143685469382242,"N",TRUE
2399,"N",0.00196958478505644,"N",TRUE
2397,"N",2.22044604925031e-16,"N",TRUE
2389,"N",0.000685538752754057,"N",TRUE
2387,"N",0.00636169949620647,"N",TRUE
2386,"N",0.0365852680915623,"N",TRUE
2382,"N",0.801833446101097,"Y",FALSE
2381,"N",0.0395889411705025,"N",TRUE
2379,"N",0.0112925735768686,"N",TRUE
2378,"N",0.0219523650307715,"N",TRUE
2377,"Y",0.844647320506465,"Y",TRUE
2374,"N",0.00616082586006438,"N",TRUE
2371,"N",0.601479273718049,"Y",FALSE
2364,"Y",0.793534986050645,"Y",TRUE
2360,"N",0.00422895296023273,"N",TRUE
2357,"Y",0.181249858644826,"N",FALSE
2352,"N",8.97172063102693e-11,"N",TRUE
2348,"Y",0.035599987722764,"N",FALSE
2347,"N",0.352597864303957,"N",TRUE
2345,"N",9.0303354537853e-05,"N",TRUE
2546,"N",0.0346923606718361,"N",TRUE
2543,"N",4.30481644465589e-10,"N",TRUE
2538,"Y",2.22044604925031e-16,"N",FALSE
2533,"N",0.0333172938512561,"N",TRUE
2530,"N",0.0316440978502436,"N",TRUE
2527,"Y",0.0370222565208774,"N",FALSE
2526,"N",0.0289357226577836,"N",TRUE
2525,"N",0.000260505893982435,"N",TRUE
2523,"N",0.0115635837670627,"N",TRUE
2515,"Y",0.530707864185919,"Y",TRUE
2514,"N",0.0981402189445595,"N",TRUE
2511,"N",0.02897234740083,"N",TRUE
2509,"N",2.26890882958164e-06,"N",TRUE
2507,"N",0.0374172560923936,"N",TRUE
2506,"N",4.30557961533674e-10,"N",TRUE
2502,"N",0.0311188304438215,"N",TRUE
2497,"N",0.077506239418658,"N",TRUE
2487,"N",0.000716220050082941,"N",TRUE
2485,"N",1.86189869198833e-10,"N",TRUE
2483,"N",0.67065153622763,"Y",FALSE
2481,"N",0.0190218890844632,"N",TRUE
2479,"N",0.252404976976464,"N",TRUE
2477,"N",1.61886037765304e-05,"N",TRUE
2475,"N",4.30530292620148e-10,"N",TRUE
2474,"N",0.0177527619535872,"N",TRUE
2467,"Y",0.942983594372305,"Y",TRUE
2465,"Y",0.834343176024379,"Y",TRUE
2461,"N",0.044339379971722,"N",TRUE
2459,"N",0.00250194394272656,"N",TRUE
2458,"Y",0.320278417756636,"N",FALSE
2648,"N",4.30503408415561e-10,"N",TRUE
2647,"N",0.0127308078693731,"N",TRUE
2646,"N",0.00398439421617159,"N",TRUE
2645,"N",0.373914824880921,"N",TRUE
2644,"N",4.3050002168395e-10,"N",TRUE
2641,"N",0.0460535813018915,"N",TRUE
2636,"N",0.00914191781752971,"N",TRUE
2633,"N",2.64834449819778e-09,"N",TRUE
2632,"N",0.0733480185365516,"N",TRUE
2625,"N",0.02687303936,"N",TRUE
2624,"N",0.0928106174478759,"N",TRUE
2619,"Y",0.823125777774495,"Y",TRUE
2617,"N",3.98323752854693e-10,"N",TRUE
2613,"N",0.015692060393402,"N",TRUE
2612,"Y",0.591177390830872,"Y",TRUE
2611,"N",0.0313166806324289,"N",TRUE
2604,"Y",0.111175154009442,"N",FALSE
2597,"N",2.22044604925031e-16,"N",TRUE
2595,"N",0.0296798009258688,"N",TRUE
2593,"N",0.11029171273478,"N",TRUE
2584,"N",0.00248390058709548,"N",TRUE
2583,"Y",0.918607307693872,"Y",TRUE
2580,"N",0.17616487970458,"N",TRUE
2574,"N",0.00363047913562744,"N",TRUE
2571,"N",0.0568142595027535,"N",TRUE
2566,"N",0.0460910277738951,"N",TRUE
2564,"N",0.0674380960094525,"N",TRUE
2561,"N",0.230692522155333,"N",TRUE
2663,"N",2.83635566809048e-10,"N",TRUE
2659,"N",2.22044604925031e-16,"N",TRUE
2653,"N",0.999446079246432,"Y",FALSE
2651,"Y",0.999999999940416,"Y",TRUE
2686,"N",3.53880671932141e-10,"N",TRUE
2684,"N",2.22044604925031e-16,"N",TRUE
2679,"N",4.30489490579215e-10,"N",TRUE
2676,"N",2.02534499989871e-09,"N",TRUE
2674,"N",0.00417093098866793,"N",TRUE
2671,"Y",0.884972540798256,"Y",TRUE
2668,"N",0.774127415194725,"Y",FALSE
2666,"N",2.22044604925031e-16,"N",TRUE
2665,"Y",0.73859963412311,"Y",TRUE
2789,"N",4.30496505719601e-10,"N",TRUE
2787,"N",0.0670482011822745,"N",TRUE
2785,"N",0.0367304366801378,"N",TRUE
2779,"N",0.0554105415329791,"N",TRUE
2774,"N",2.5606726644169e-10,"N",TRUE
2773,"N",0.0794481703757412,"N",TRUE
2770,"N",6.3508186462243e-11,"N",TRUE
2766,"N",0.00867230170151161,"N",TRUE
2763,"Y",0.848067514879366,"Y",TRUE
2762,"N",0.425699375991712,"N",TRUE
2760,"N",0.0309557402261946,"N",TRUE
2758,"N",0.00158491018982582,"N",TRUE
2754,"N",0.0279515181012204,"N",TRUE
2744,"N",2.22044604925031e-16,"N",TRUE
2741,"N",0.00767748880755497,"N",TRUE
2740,"N",0.0572817201297624,"N",TRUE
2735,"N",0.00476767095727722,"N",TRUE
2722,"N",0.018633009455931,"N",TRUE
2720,"N",4.30386471486135e-10,"N",TRUE
2716,"Y",0.745302513555612,"Y",TRUE
2712,"N",3.45050140228943e-10,"N",TRUE
2711,"N",1.19974114360946e-10,"N",TRUE
2709,"Y",0.822935003925724,"Y",TRUE
2708,"N",0.801141099123207,"Y",FALSE
2707,"Y",0.918242266597768,"Y",TRUE
2705,"N",2.22044604925031e-16,"N",TRUE
2701,"N",2.22044604925031e-16,"N",TRUE
2697,"N",2.22044604925031e-16,"N",TRUE
2694,"Y",0.274678589834389,"N",FALSE
2692,"N",9.68211835037076e-05,"N",TRUE
2889,"N",0.0202948628071288,"N",TRUE
2888,"N",4.30499053307264e-10,"N",TRUE
2884,"N",0.0542605312158134,"N",TRUE
2862,"N",6.52397906474155e-05,"N",TRUE
2857,"N",0.024231815609209,"N",TRUE
2856,"N",4.30566524095463e-10,"N",TRUE
2849,"Y",0.0683974520343731,"N",FALSE
2847,"Y",0.654151931793171,"Y",TRUE
2845,"N",0.000704703050710038,"N",TRUE
2844,"N",0.0105395878003229,"N",TRUE
2838,"N",2.22044604925031e-16,"N",TRUE
2832,"Y",0.579216067117441,"Y",TRUE
2830,"N",0.00215652248651377,"N",TRUE
2829,"N",0.0102562172062189,"N",TRUE
2828,"N",0.0141478801368706,"N",TRUE
2827,"N",0.0411103106770323,"N",TRUE
2822,"N",0.00678415318205608,"N",TRUE
2819,"N",0.4782230434265,"N",TRUE
2818,"N",0.000805505238672227,"N",TRUE
2817,"Y",0.215624242619513,"N",FALSE
2810,"N",0.00178172904014291,"N",TRUE
2801,"N",2.22044604925031e-16,"N",TRUE
2800,"N",0.332385319656971,"N",TRUE
2790,"Y",0.911139353035399,"Y",TRUE
2984,"N",4.30496445823024e-10,"N",TRUE
2975,"N",0.137134897511834,"N",TRUE
2974,"N",2.22044604925031e-16,"N",TRUE
2973,"N",0.0597658261156095,"N",TRUE
2971,"N",4.30431769661614e-10,"N",TRUE
2969,"N",0.0237877435950118,"N",TRUE
2968,"N",2.22044604925031e-16,"N",TRUE
2966,"N",0.0137427341252373,"N",TRUE
2965,"Y",0.734272036934435,"Y",TRUE
2960,"N",0.11545460237934,"N",TRUE
2956,"N",2.22044604925031e-16,"N",TRUE
2955,"N",0.210600826903218,"N",TRUE
2954,"N",0.0304718922405119,"N",TRUE
2953,"N",3.17209546287693e-10,"N",TRUE
2951,"N",0.000533505302023456,"N",TRUE
2950,"N",0.00110559704590594,"N",TRUE
2948,"N",0.155477573486297,"N",TRUE
2947,"N",0.00172926648245384,"N",TRUE
2945,"Y",1,"Y",TRUE
2944,"N",0.0427225081839354,"N",TRUE
2936,"Y",0.799320413412234,"Y",TRUE
2931,"N",1.44698474233666e-10,"N",TRUE
2929,"N",0.0383439221948884,"N",TRUE
2927,"N",0.00257354697683908,"N",TRUE
2926,"N",4.30463221011345e-10,"N",TRUE
2924,"N",0.173807189713192,"N",TRUE
2923,"N",0.0336586776072011,"N",TRUE
2922,"N",0.00339535861235297,"N",TRUE
2921,"N",6.58873123483994e-11,"N",TRUE
2914,"N",0.0482990905513748,"N",TRUE
2909,"N",4.36494198287091e-10,"N",TRUE
2908,"N",0.43539758523717,"N",TRUE
2905,"N",2.22044604925031e-16,"N",TRUE
2901,"Y",0.645761364958066,"Y",TRUE
2897,"Y",0.554301168383213,"Y",TRUE
2893,"N",0.00752283797863073,"N",TRUE
3085,"N",0.0723758836424671,"N",TRUE
3077,"N",0.0518216657533559,"N",TRUE
3076,"Y",0.027178439872652,"N",FALSE
3075,"N",0.00997762914944773,"N",TRUE
3074,"Y",0.0605637629789765,"N",FALSE
3072,"N",4.30491695409582e-10,"N",TRUE
3060,"N",0.108687198286024,"N",TRUE
3053,"N",0.205930352834632,"N",TRUE
3050,"Y",0.719304785484393,"Y",TRUE
3043,"N",6.8487158092133e-10,"N",TRUE
3042,"N",0.00524100374823432,"N",TRUE
3037,"N",0.0120497029238341,"N",TRUE
3035,"Y",0.560371881452231,"Y",TRUE
3033,"N",0.0607473526526026,"N",TRUE
3030,"N",0.0258694169493296,"N",TRUE
3026,"N",5.31277346038347e-10,"N",TRUE
3025,"N",0.999984607294875,"Y",FALSE
3022,"Y",0.692519982445565,"Y",TRUE
3021,"N",0.0312291376348233,"N",TRUE
3020,"N",0.0647532597139593,"N",TRUE
3016,"N",0.00419326504752254,"N",TRUE
3011,"N",0.000372091853943178,"N",TRUE
3009,"N",0.0193350953490285,"N",TRUE
3006,"Y",0.916774915438193,"Y",TRUE
3002,"N",9.14799731623692e-11,"N",TRUE
3001,"N",0.0197482096217993,"N",TRUE
2997,"N",0.413357003383952,"N",TRUE
2996,"N",0.0788184390824929,"N",TRUE
2994,"N",0.000937652077480376,"N",TRUE
2991,"Y",0.414746495935753,"N",FALSE
2987,"N",0.00800716677438858,"N",TRUE
3178,"N",0.0579844345883219,"N",TRUE
3175,"N",4.30492101939651e-10,"N",TRUE
3174,"N",4.30494101002229e-10,"N",TRUE
3173,"N",0.046297208497891,"N",TRUE
3163,"N",2.56658257104944e-09,"N",TRUE
3160,"Y",0.794568560650119,"Y",TRUE
3157,"N",0.0436786506891099,"N",TRUE
3156,"Y",0.117760797665412,"N",FALSE
3154,"N",2.24155650781942e-11,"N",TRUE
3153,"N",0.133526953976532,"N",TRUE
3150,"N",1.36079560766459e-10,"N",TRUE
3146,"N",4.30605159451541e-10,"N",TRUE
3144,"N",0.0436349903107157,"N",TRUE
3141,"N",0.00295689806116536,"N",TRUE
3138,"N",0.0096615226211136,"N",TRUE
3135,"N",0.0130722162894254,"N",TRUE
3127,"N",0.162816781899365,"N",TRUE
3126,"N",0.00209336776710633,"N",TRUE
3121,"N",0.00750407262785963,"N",TRUE
3120,"N",3.23758739489226e-10,"N",TRUE
3117,"N",0.00823039502009766,"N",TRUE
3114,"N",0.00426265061589615,"N",TRUE
3111,"N",0.0165416108319434,"N",TRUE
3108,"N",0.000938462250398746,"N",TRUE
3105,"N",0.0479077926518725,"N",TRUE
3103,"N",1.14431771322313e-10,"N",TRUE
3100,"N",4.01197060976043e-10,"N",TRUE
3093,"N",2.05274959848521e-09,"N",TRUE
3090,"N",0.193329260803732,"N",TRUE
3087,"N",9.52168088633152e-08,"N",TRUE
3188,"Y",0.209331548344039,"N",FALSE
3187,"N",4.3046583389741e-10,"N",TRUE
3186,"N",4.30484678803739e-10,"N",TRUE
3183,"N",0.00177872482656782,"N",TRUE
3181,"N",3.27647995975117e-09,"N",TRUE
3210,"Y",0.718854876880971,"Y",TRUE
3208,"N",4.30500112843591e-10,"N",TRUE
3207,"N",0.139561449527057,"N",TRUE
3206,"N",0.149208085302124,"N",TRUE
3202,"N",1.58542688980813e-09,"N",TRUE
3201,"N",0.000316101943393799,"N",TRUE
3200,"Y",0.491879484512427,"N",FALSE
3196,"N",0.171922917556762,"N",TRUE
3194,"Y",0.884660920433504,"Y",TRUE
3191,"Y",0.911928514023982,"Y",TRUE
3291,"N",8.06122284050426e-10,"N",TRUE
3289,"N",0.454070130796777,"N",TRUE
3284,"N",9.83110458221235e-11,"N",TRUE
3279,"N",2.22044604925031e-16,"N",TRUE
3277,"N",4.30502277580768e-10,"N",TRUE
3275,"N",5.69923920949128e-08,"N",TRUE
3274,"N",0.00291392448634528,"N",TRUE
3272,"N",0.00781181872867078,"N",TRUE
3266,"N",0.00748120842432624,"N",TRUE
3265,"N",4.30481671699e-10,"N",TRUE
3263,"Y",0.27091855058209,"N",FALSE
3262,"Y",0.615521546618919,"Y",TRUE
3258,"N",0.993089013617259,"Y",FALSE
3256,"N",0.023539528199746,"N",TRUE
3250,"N",0.0832649244929119,"N",TRUE
3248,"N",1.66661766584723e-09,"N",TRUE
3247,"N",0.0287278260870981,"N",TRUE
3244,"N",1.4725841924037e-09,"N",TRUE
3243,"Y",0.999999999755397,"Y",TRUE
3242,"N",0.00900672539703375,"N",TRUE
3236,"N",0.0086000564874005,"N",TRUE
3235,"Y",0.597459356615273,"Y",TRUE
3232,"Y",0.907748906537234,"Y",TRUE
3230,"Y",0.874826000489678,"Y",TRUE
3227,"Y",0.81283526027817,"Y",TRUE
3225,"N",4.52958187296622e-10,"N",TRUE
3222,"N",0.0118142143819242,"N",TRUE
3217,"N",0.00214364201585113,"N",TRUE
3216,"Y",0.20090376654208,"N",FALSE
3211,"Y",0.940542861068059,"Y",TRUE
3388,"N",4.30496348550129e-10,"N",TRUE
3384,"N",0.0520634067501231,"N",TRUE
3383,"N",4.30517505627164e-10,"N",TRUE
3377,"N",0.0502252997301711,"N",TRUE
3374,"N",0.0616798497113424,"N",TRUE
3371,"N",0.00894248288127118,"N",TRUE
3370,"N",2.57162937993939e-12,"N",TRUE
3369,"N",2.22044604925031e-16,"N",TRUE
3366,"Y",0.253906530726341,"N",FALSE
3363,"N",4.30502890837001e-10,"N",TRUE
3362,"N",0.0430533143285776,"N",TRUE
3361,"N",0.0501885681347088,"N",TRUE
3359,"N",0.00967334145317215,"N",TRUE
3357,"Y",0.224433153007192,"N",FALSE
3355,"N",0.0119247657815458,"N",TRUE
3352,"N",0.000786645804975071,"N",TRUE
3350,"N",0.643817271040471,"Y",FALSE
3349,"N",3.35414698468616e-10,"N",TRUE
3346,"N",0.00264895108662003,"N",TRUE
3345,"N",0.0205960730215102,"N",TRUE
3342,"Y",0.799950524758589,"Y",TRUE
3338,"N",0.00382637358691922,"N",TRUE
3329,"N",0.011761797087368,"N",TRUE
3328,"Y",0.835604488291758,"Y",TRUE
3324,"N",0.00621658018834022,"N",TRUE
3319,"N",7.45662155741069e-11,"N",TRUE
3318,"N",0.0241775068379236,"N",TRUE
3317,"N",0.235298794594586,"N",TRUE
3315,"N",0.0212638401068157,"N",TRUE
3308,"N",5.14435338482656e-07,"N",TRUE
3307,"N",9.76439790774192e-11,"N",TRUE
3306,"Y",0.638816575171478,"Y",TRUE
3302,"N",0.0143317083456326,"N",TRUE
3297,"N",0.00120446225919338,"N",TRUE
3481,"N",4.30497412498359e-10,"N",TRUE
3480,"N",4.30506321480835e-10,"N",TRUE
3479,"N",0.00255284259402224,"N",TRUE
3478,"N",0.036380516613402,"N",TRUE
3475,"N",6.20619489337184e-11,"N",TRUE
3472,"Y",0.134163925287612,"N",FALSE
3469,"N",0.0426366513789124,"N",TRUE
3468,"N",0.0148327658114738,"N",TRUE
3462,"N",0.00867766874241462,"N",TRUE
3461,"N",4.305034956594e-10,"N",TRUE
3458,"N",1.22232456861849e-10,"N",TRUE
3457,"N",0.0613236922338017,"N",TRUE
3447,"N",0.00624572953065264,"N",TRUE
3443,"N",0.000131283661666751,"N",TRUE
3442,"N",0.00682558015929184,"N",TRUE
3441,"N",0.0043333043811505,"N",TRUE
3435,"N",4.3050261972546e-10,"N",TRUE
3432,"N",0.00858234181345573,"N",TRUE
3430,"N",2.64890880098103e-10,"N",TRUE
3429,"N",0.0393278273177863,"N",TRUE
3428,"N",9.46922447690249e-14,"N",TRUE
3425,"N",2.22044604925031e-16,"N",TRUE
3424,"N",0.00661308775800626,"N",TRUE
3423,"Y",0.724102841057815,"Y",TRUE
3419,"N",0.0224779602738406,"N",TRUE
3417,"Y",0.0250013961918844,"N",FALSE
3415,"N",0.103482296493755,"N",TRUE
3403,"N",6.24761585732503e-12,"N",TRUE
3400,"Y",0.84216835410215,"Y",TRUE
3399,"N",8.66355488699101e-10,"N",TRUE
3393,"N",0.403724917221005,"N",TRUE
3392,"Y",0.999999999485545,"Y",TRUE
3390,"N",0.999884569154682,"Y",FALSE
3583,"N",0.0852228987631369,"N",TRUE
3580,"N",0.056186131960049,"N",TRUE
3578,"N",0.000984877568382517,"N",TRUE
3574,"Y",0.578797029012328,"Y",TRUE
3572,"N",8.43905379484038e-09,"N",TRUE
3571,"N",2.22044604925031e-16,"N",TRUE
3570,"N",0.00547217284540482,"N",TRUE
3566,"N",0.00354972107933073,"N",TRUE
3565,"N",2.22044604925031e-16,"N",TRUE
3562,"N",0.159794126638706,"N",TRUE
3561,"N",0.128576893652621,"N",TRUE
3557,"N",0.403739068241496,"N",TRUE
3551,"N",4.30520305346463e-10,"N",TRUE
3549,"N",0.317216659653736,"N",TRUE
3548,"N",2.22044604925031e-16,"N",TRUE
3543,"Y",0.828403322639593,"Y",TRUE
3542,"N",2.0914009287226e-11,"N",TRUE
3540,"N",0.00955734294096829,"N",TRUE
3538,"Y",0.740444816684321,"Y",TRUE
3534,"N",0.0259154953564497,"N",TRUE
3528,"N",0.0928071107563381,"N",TRUE
3527,"N",4.30480696922549e-10,"N",TRUE
3515,"N",4.05265864849435e-05,"N",TRUE
3514,"N",0.029442328007089,"N",TRUE
3513,"N",0.0694262820985424,"N",TRUE
3505,"N",0.00435655109650127,"N",TRUE
3504,"N",1.04860078881874e-08,"N",TRUE
3503,"N",0.015672827008468,"N",TRUE
3502,"N",0.00296547651482732,"N",TRUE
3497,"Y",0.999999997785751,"Y",TRUE
3496,"N",2.22044604925031e-16,"N",TRUE
3495,"N",0.0334157669246012,"N",TRUE
3494,"Y",0.878831031853315,"Y",TRUE
3492,"Y",0.0779175222521816,"N",FALSE
3491,"N",9.78404950368629e-10,"N",TRUE
3489,"N",0.0768503113132736,"N",TRUE
3488,"N",0.00659509585163712,"N",TRUE
3487,"N",0.308330053081177,"N",TRUE
3485,"Y",0.586326937547193,"Y",TRUE
3679,"N",0.00779933968607989,"N",TRUE
3673,"N",0.0377744372730024,"N",TRUE
3672,"N",0.0578123467130528,"N",TRUE
3670,"N",0.687513732925547,"Y",FALSE
3669,"N",0.0679211259240742,"N",TRUE
3666,"N",0.0698289227778639,"N",TRUE
3661,"N",0.00429629283637478,"N",TRUE
3655,"N",4.30502817788111e-10,"N",TRUE
3654,"N",0.00999264622716813,"N",TRUE
3653,"N",0.0665121162254269,"N",TRUE
3650,"Y",0.13150351255283,"N",FALSE
3649,"N",0.835413517001144,"Y",FALSE
3648,"N",2.22044604925031e-16,"N",TRUE
3646,"N",1.18418007675306e-10,"N",TRUE
3640,"N",2.22044604925031e-16,"N",TRUE
3631,"N",0.00253297799268729,"N",TRUE
3630,"N",2.22044604925031e-16,"N",TRUE
3625,"N",0.010338437575132,"N",TRUE
3621,"Y",0.810897948331657,"Y",TRUE
3617,"N",0.00178414719695643,"N",TRUE
3615,"N",0.00138025910158326,"N",TRUE
3609,"N",0.143768339907338,"N",TRUE
3598,"N",0.603950519829072,"Y",FALSE
3596,"N",4.30676036590464e-10,"N",TRUE
3592,"N",0.697535523067936,"Y",FALSE
3591,"Y",0.668835517407437,"Y",TRUE
3585,"N",4.56362290958525e-08,"N",TRUE
3695,"N",4.30375095093754e-10,"N",TRUE
3693,"Y",0.925963699860098,"Y",TRUE
3690,"N",0.00218059101384956,"N",TRUE
3688,"Y",0.999999999989022,"Y",TRUE
3714,"N",1.03508671627408e-07,"N",TRUE
3709,"Y",0.999999999977777,"Y",TRUE
3708,"N",0.0926026788423633,"N",TRUE
3704,"Y",0.917363865078503,"Y",TRUE
3703,"N",0.34887138652717,"N",TRUE
3702,"N",0.0428304417386519,"N",TRUE
3818,"N",4.30504349413443e-10,"N",TRUE
3815,"N",0.0429171170122854,"N",TRUE
3810,"N",4.30451208797775e-10,"N",TRUE
3791,"N",2.22044604925031e-16,"N",TRUE
3788,"Y",0.329506952175838,"N",FALSE
3786,"Y",0.874401955620201,"Y",TRUE
3783,"N",0.583318950127067,"Y",FALSE
3781,"Y",0.911068861389846,"Y",TRUE
3774,"Y",0.407480387841822,"N",FALSE
3773,"N",3.79781514682187e-05,"N",TRUE
3770,"N",0.0524910157334125,"N",TRUE
3768,"N",0.0390522675491052,"N",TRUE
3766,"N",0.00641615525510254,"N",TRUE
3765,"Y",0.146143063601491,"N",FALSE
3764,"N",0.00731494700930983,"N",TRUE
3763,"N",0.18969998988938,"N",TRUE
3760,"N",0.454349163108622,"N",TRUE
3757,"N",0.00113970509063289,"N",TRUE
3754,"N",0.0265028296627837,"N",TRUE
3750,"Y",0.812921713431598,"Y",TRUE
3748,"N",0.00202372851976119,"N",TRUE
3746,"N",0.000528781292678426,"N",TRUE
3745,"Y",0.959590558512816,"Y",TRUE
3744,"N",6.21432981749874e-08,"N",TRUE
3743,"Y",0.0986528288994588,"N",FALSE
3740,"N",0.0434394360150236,"N",TRUE
3738,"N",0.000350843921464286,"N",TRUE
3725,"Y",0.445513601492596,"N",FALSE
3724,"N",2.22044604925031e-16,"N",TRUE
3723,"N",1.31198134030095e-06,"N",TRUE
3720,"N",2.22001164196137e-07,"N",TRUE
3903,"N",0.00680598977304602,"N",TRUE
3902,"N",2.22044604925031e-16,"N",TRUE
3900,"N",5.21116699063613e-10,"N",TRUE
3901,"Y",0.596964275146067,"Y",TRUE
3899,"N",4.30502698372944e-10,"N",TRUE
3898,"N",0.0102892686583241,"N",TRUE
3897,"N",0.0458547848541026,"N",TRUE
3896,"N",0.109165105850598,"N",TRUE
3894,"Y",0.860142684412761,"Y",TRUE
3889,"N",4.3056340441089e-10,"N",TRUE
3885,"N",4.30601180563132e-10,"N",TRUE
3882,"Y",0.217864661100438,"N",FALSE
3881,"N",0.0745246024941715,"N",TRUE
3875,"N",0.999999999694718,"Y",FALSE
3873,"Y",0.825909318889977,"Y",TRUE
3869,"Y",0.828946241327885,"Y",TRUE
3864,"N",0.0146609668595548,"N",TRUE
3854,"N",0.00128079830052918,"N",TRUE
3851,"Y",0.704974086455378,"Y",TRUE
3840,"N",0.346958378110547,"N",TRUE
3837,"Y",0.827823435073528,"Y",TRUE
3835,"Y",0.835951146574997,"Y",TRUE
3834,"N",0.0182268798200465,"N",TRUE
3830,"N",2.83249309326463e-10,"N",TRUE
3829,"N",0.0143748347424261,"N",TRUE
3823,"Y",0.999999999725765,"Y",TRUE
3821,"N",3.63443367508858e-06,"N",TRUE
4017,"N",4.30495363628919e-10,"N",TRUE
4014,"N",4.30503352773857e-10,"N",TRUE
4009,"N",0.0546582133160907,"N",TRUE
4008,"N",0.63446871486016,"Y",FALSE
4007,"N",0.0144266539964575,"N",TRUE
4003,"N",0.0708013106129644,"N",TRUE
3993,"N",0.120692051995686,"N",TRUE
3992,"N",4.26975796006807e-05,"N",TRUE
3991,"N",0.000314289231783402,"N",TRUE
3984,"N",2.22044604925031e-16,"N",TRUE
3983,"Y",0.703699195490861,"Y",TRUE
3982,"N",4.30563209265056e-10,"N",TRUE
3980,"N",0.000233790724837232,"N",TRUE
3979,"N",0.00658672204010805,"N",TRUE
3976,"Y",0.164803543840646,"N",FALSE
3972,"N",4.59486527984455e-10,"N",TRUE
3971,"N",1.5424985268831e-09,"N",TRUE
3970,"N",2.22044604925031e-16,"N",TRUE
3969,"N",0.1616956268053,"N",TRUE
3966,"Y",0.603167267711016,"Y",TRUE
3964,"N",4.39653214146664e-10,"N",TRUE
3961,"Y",0.57160609619248,"Y",TRUE
3960,"Y",0.423607234594649,"N",FALSE
3959,"N",0.00900521667822355,"N",TRUE
3954,"N",2.60677387882388e-10,"N",TRUE
3950,"N",0.000738681503869719,"N",TRUE
3948,"N",0.136123254902045,"N",TRUE
3946,"N",0.0172275814806872,"N",TRUE
3945,"N",0.0532007177750224,"N",TRUE
3943,"N",5.95210344862639e-07,"N",TRUE
3939,"N",0.0141140733004946,"N",TRUE
3936,"N",0.00175142245553118,"N",TRUE
3933,"N",0.0164083333344797,"N",TRUE
3932,"N",0.0525279443203203,"N",TRUE
3929,"N",0.00695363192134186,"N",TRUE
3928,"N",1.61107318985401e-10,"N",TRUE
3927,"Y",0.833281263452964,"Y",TRUE
3921,"Y",0.99999999990929,"Y",TRUE
4117,"N",4.3049446138874e-10,"N",TRUE
4116,"N",0.0145545161285568,"N",TRUE
4114,"N",0.00117388530475958,"N",TRUE
4105,"N",2.22044604925031e-16,"N",TRUE
4104,"N",0.0145201081394983,"N",TRUE
4103,"N",0.0193456084187442,"N",TRUE
4101,"N",4.30502887641631e-10,"N",TRUE
4100,"N",0.0314710850707777,"N",TRUE
4099,"N",0.00753750746256727,"N",TRUE
4098,"N",4.30509741016872e-10,"N",TRUE
4095,"N",0.015923033010706,"N",TRUE
4090,"Y",0.456738093990757,"N",FALSE
4084,"N",0.0418605086669018,"N",TRUE
4074,"Y",0.779623739719085,"Y",TRUE
4069,"N",0.00119447187341485,"N",TRUE
4054,"N",0.0163168683289588,"N",TRUE
4053,"N",0.138501133557471,"N",TRUE
4052,"N",0.0319462925674083,"N",TRUE
4040,"N",0.00695199511560545,"N",TRUE
4038,"N",0.296971006134405,"N",TRUE
4034,"N",0.00306834664977375,"N",TRUE
4031,"N",0.0275620091848421,"N",TRUE
4030,"N",2.22044604925031e-16,"N",TRUE
4028,"N",0.130757472649054,"N",TRUE
4023,"N",2.22044604925031e-16,"N",TRUE
4021,"N",0.00346208187948534,"N",TRUE
4212,"N",4.30493528703706e-10,"N",TRUE
4208,"N",0.0469242634741583,"N",TRUE
4204,"N",8.91841397400045e-10,"N",TRUE
4189,"Y",0.956457805756468,"Y",TRUE
4188,"N",7.96051320903524e-11,"N",TRUE
4186,"N",0.144728742422552,"N",TRUE
4184,"N",2.22044604925031e-16,"N",TRUE
4182,"N",0.000897665127936584,"N",TRUE
4180,"N",0.0121657622862201,"N",TRUE
4177,"N",0.564514064677494,"Y",FALSE
4175,"N",0.00305520386301048,"N",TRUE
4174,"N",0.00531080796819987,"N",TRUE
4173,"Y",0.622265934151123,"Y",TRUE
4171,"Y",0.775723192570314,"Y",TRUE
4170,"N",0.0513079443591463,"N",TRUE
4167,"Y",0.837564984109284,"Y",TRUE
4164,"N",0.0547339820583027,"N",TRUE
4163,"N",0.0125852020865767,"N",TRUE
4158,"N",0.00369442991456969,"N",TRUE
4157,"Y",0.586934717186573,"Y",TRUE
4154,"Y",0.865822982389737,"Y",TRUE
4153,"N",1.78264205909615e-10,"N",TRUE
4152,"N",4.43439064721708e-10,"N",TRUE
4143,"N",0.059558412656351,"N",TRUE
4137,"N",0.000689116215496813,"N",TRUE
4134,"N",0.788657092585933,"Y",FALSE
4132,"N",2.22044604925031e-16,"N",TRUE
4131,"N",0.016296861039375,"N",TRUE
4130,"N",4.57338111968339e-10,"N",TRUE
4129,"N",0.00274494209847665,"N",TRUE
4125,"N",0.077343411814592,"N",TRUE
4229,"N",3.53457212016201e-08,"N",TRUE
4228,"N",4.30369333765718e-10,"N",TRUE
4227,"N",0.95731945761721,"Y",FALSE
4221,"N",0.268038870741258,"N",TRUE
4219,"N",0.180608420165107,"N",TRUE
4251,"N",4.30357386259845e-10,"N",TRUE
4247,"N",0.109550655970348,"N",TRUE
4245,"N",4.30364597568054e-10,"N",TRUE
4244,"N",0.0370278584857606,"N",TRUE
4237,"N",0.0792473606147183,"N",TRUE
4233,"Y",0.888125695497117,"Y",TRUE
4342,"N",4.30496912008765e-10,"N",TRUE
4340,"N",4.30502912931265e-10,"N",TRUE
4339,"N",4.30491448284119e-10,"N",TRUE
4337,"N",4.3051674115886e-10,"N",TRUE
4333,"Y",0.911097667928659,"Y",TRUE
4331,"N",0.30115645533565,"N",TRUE
4330,"N",0.0079074955991764,"N",TRUE
4327,"N",2.22044604925031e-16,"N",TRUE
4325,"N",4.07597590886252e-11,"N",TRUE
4322,"N",4.30502644077303e-10,"N",TRUE
4321,"N",0.0234778571230056,"N",TRUE
4315,"N",0.032402935694049,"N",TRUE
4295,"N",0.474437484550892,"N",TRUE
4293,"N",2.22044604925031e-16,"N",TRUE
4292,"N",0.0144629286650205,"N",TRUE
4291,"N",0.270959759725451,"N",TRUE
4275,"N",0.00624363785959211,"N",TRUE
4274,"N",1.58311762365695e-10,"N",TRUE
4268,"N",2.22044604925031e-16,"N",TRUE
4267,"N",0.327884349160621,"N",TRUE
4266,"Y",0.825378275189986,"Y",TRUE
4264,"N",0.0324582554087721,"N",TRUE
4263,"N",2.22044604925031e-16,"N",TRUE
4261,"N",0.0201021613771818,"N",TRUE
4436,"N",4.30503176238028e-10,"N",TRUE
4432,"N",4.30498869680938e-10,"N",TRUE
4430,"N",0.0216900274282489,"N",TRUE
4429,"N",0.0131454587365409,"N",TRUE
4425,"N",0.00925537692972909,"N",TRUE
4423,"N",4.30422093901374e-10,"N",TRUE
4422,"N",0.00753865498903911,"N",TRUE
4418,"N",0.0800914643810332,"N",TRUE
4417,"N",4.30496277770856e-10,"N",TRUE
4415,"Y",0.4565867744462,"N",FALSE
4414,"N",0.0473973025937406,"N",TRUE
4410,"N",0.00966631604529135,"N",TRUE
4408,"N",0.103051957629096,"N",TRUE
4407,"N",0.0283970804652718,"N",TRUE
4403,"N",0.0140306842924535,"N",TRUE
4402,"N",0.000140990100123091,"N",TRUE
4401,"N",0.0846433422212623,"N",TRUE
4400,"N",4.30559700278266e-10,"N",TRUE
4399,"N",0.00402226251981964,"N",TRUE
4397,"N",0.517866468704444,"Y",FALSE
4395,"N",2.22044604925031e-16,"N",TRUE
4388,"N",1.45596922859644e-09,"N",TRUE
4387,"Y",0.361302223413455,"N",FALSE
4384,"N",0.0888647579320769,"N",TRUE
4383,"N",0.0142898357669798,"N",TRUE
4379,"Y",0.841412314417806,"Y",TRUE
4377,"N",0.999999999698649,"Y",FALSE
4376,"N",0.16532146534998,"N",TRUE
4372,"Y",0.815495466973667,"Y",TRUE
4368,"N",0.00154316046668963,"N",TRUE
4367,"Y",0.788004506172805,"Y",TRUE
4364,"Y",0.297912047878544,"N",FALSE
4362,"Y",0.789050533606428,"Y",TRUE
4358,"N",9.60555232713887e-07,"N",TRUE
4356,"N",0.10683250717137,"N",TRUE
4355,"N",0.0141348661563615,"N",TRUE
4349,"N",0.0932782715060265,"N",TRUE
4347,"N",0.0309723725103137,"N",TRUE
4346,"Y",0.729799065476212,"Y",TRUE
4534,"N",0.860577190245234,"Y",FALSE
4532,"N",0.175152669850645,"N",TRUE
4522,"N",0.0592375351259565,"N",TRUE
4515,"N",0.00885779852036909,"N",TRUE
4513,"N",3.28289487572679e-05,"N",TRUE
4507,"N",0.0155523423641319,"N",TRUE
4504,"N",0.1705646143254,"N",TRUE
4493,"Y",0.818381646444853,"Y",TRUE
4492,"N",5.39010173372251e-05,"N",TRUE
4489,"N",0.0163602755156316,"N",TRUE
4480,"N",0.00925613136477646,"N",TRUE
4477,"N",4.30502150130783e-10,"N",TRUE
4469,"N",0.000970256926699823,"N",TRUE
4467,"Y",0.651092222297264,"Y",TRUE
4465,"Y",0.729334571771371,"Y",TRUE
4464,"N",0.00736070494926249,"N",TRUE
4463,"N",2.22044604925031e-16,"N",TRUE
4460,"N",0.0765670218060484,"N",TRUE
4453,"N",0.0198755067641815,"N",TRUE
4452,"N",0.00696689085282117,"N",TRUE
4451,"Y",0.901470008474096,"Y",TRUE
4450,"N",0.00974630018758196,"N",TRUE
4629,"N",0.192853233835407,"N",TRUE
4623,"N",4.3051758028628e-10,"N",TRUE
4621,"N",0.0533554395137602,"N",TRUE
4620,"N",2.22044604925031e-16,"N",TRUE
4619,"Y",0.986492625736288,"Y",TRUE
4608,"N",2.22044604925031e-16,"N",TRUE
4607,"N",0.0128607965672735,"N",TRUE
4606,"N",0.0146325133664549,"N",TRUE
4601,"N",4.30503047506791e-10,"N",TRUE
4600,"N",0.395054779578885,"N",TRUE
4597,"N",0.639704403396242,"Y",FALSE
4596,"N",0.0435273596349127,"N",TRUE
4593,"Y",0.838931572381801,"Y",TRUE
4590,"N",0.366116651688507,"N",TRUE
4587,"Y",0.814068044511475,"Y",TRUE
4581,"N",0.0620053766028743,"N",TRUE
4577,"N",0.539610708233123,"Y",FALSE
4573,"N",0.00976182793247852,"N",TRUE
4572,"N",0.153646622217539,"N",TRUE
4571,"N",0.603731036824003,"Y",FALSE
4568,"N",1.78213886469896e-10,"N",TRUE
4559,"N",4.30556511095199e-10,"N",TRUE
4552,"N",0.193437817388974,"N",TRUE
4551,"N",0.085154384746407,"N",TRUE
4545,"N",0.0424897411786923,"N",TRUE
4541,"Y",0.729573430609187,"Y",TRUE
4539,"N",0.0810664107751999,"N",TRUE
4536,"N",4.40022148903187e-10,"N",TRUE
4535,"N",9.46200124861687e-07,"N",TRUE
4714,"N",0.0080359462465627,"N",TRUE
4711,"N",5.34546331009399e-07,"N",TRUE
4710,"N",1.6730973764399e-10,"N",TRUE
4708,"N",0.0940011981837871,"N",TRUE
4706,"N",4.30502749722671e-10,"N",TRUE
4702,"N",0.476500395600925,"N",TRUE
4696,"N",0.0229600654156859,"N",TRUE
4691,"N",1.21373836321828e-10,"N",TRUE
4689,"N",0.0212103217582645,"N",TRUE
4688,"N",0.231016539775814,"N",TRUE
4685,"N",0.283153101031584,"N",TRUE
4682,"N",0.257460616573643,"N",TRUE
4678,"N",2.22044604925031e-16,"N",TRUE
4677,"N",0.0220742691278722,"N",TRUE
4671,"N",0.0172823751821099,"N",TRUE
4668,"N",8.40738241962869e-11,"N",TRUE
4665,"N",9.66014413091874e-11,"N",TRUE
4664,"N",0.128488580664287,"N",TRUE
4663,"N",0.01921145980402,"N",TRUE
4660,"N",0.0211604626203071,"N",TRUE
4658,"N",0.00954920686546368,"N",TRUE
4657,"N",0.231974634725636,"N",TRUE
4656,"N",0.0266044637984869,"N",TRUE
4650,"N",0.27903644160611,"N",TRUE
4649,"N",1.26939406802816e-10,"N",TRUE
4648,"N",2.14610796504843e-10,"N",TRUE
4647,"Y",0.852367715189696,"Y",TRUE
4641,"N",4.16096820543927e-10,"N",TRUE
4640,"N",1.50187668373482e-10,"N",TRUE
4638,"N",0.0241359134613386,"N",TRUE
4637,"N",0.0878502377165503,"N",TRUE
4636,"N",2.22044604925031e-16,"N",TRUE
4633,"N",0.0803641214872045,"N",TRUE
4632,"Y",0.0323479747769229,"N",FALSE
4631,"N",0.519982423247518,"Y",FALSE
4630,"Y",0.999999999958716,"Y",TRUE
4731,"N",0.00484888720132665,"N",TRUE
4730,"N",0.0399048528247804,"N",TRUE
4729,"Y",0.919275939961819,"Y",TRUE
4726,"N",0.00344797956465851,"N",TRUE
4725,"Y",0.99999999889544,"Y",TRUE
4752,"N",0.387922125927579,"N",TRUE
4751,"N",0.639994703099255,"Y",FALSE
4746,"N",0.152163304119321,"N",TRUE
4739,"Y",0.867974272343848,"Y",TRUE
4738,"N",0.105204899166577,"N",TRUE
4735,"Y",0.757399588998833,"Y",TRUE
4842,"N",0.00208852938775115,"N",TRUE
4837,"N",0.0416517700049759,"N",TRUE
4834,"N",0.052622243498083,"N",TRUE
4830,"N",2.22044604925031e-16,"N",TRUE
4829,"N",0.0944128227686563,"N",TRUE
4828,"N",0.00188320992799083,"N",TRUE
4824,"N",3.63722681363715e-10,"N",TRUE
4819,"Y",0.912092605449965,"Y",TRUE
4813,"N",0.0393972015678881,"N",TRUE
4810,"N",0.00208887835864987,"N",TRUE
4807,"N",0.0380040043672546,"N",TRUE
4806,"N",5.55287592011269e-10,"N",TRUE
4801,"N",0.0212028186831944,"N",TRUE
4800,"N",0.00153132822674529,"N",TRUE
4798,"N",2.22044604925031e-16,"N",TRUE
4793,"N",0.107884268353616,"N",TRUE
4792,"N",0.805569165293739,"Y",FALSE
4789,"N",0.00883366152909825,"N",TRUE
4785,"N",2.22044604925031e-16,"N",TRUE
4784,"N",0.0247115168703546,"N",TRUE
4782,"Y",0.635031665267965,"Y",TRUE
4779,"N",0.00214511102386244,"N",TRUE
4778,"N",0.0320718951805218,"N",TRUE
4775,"Y",0.00634119493134304,"N",FALSE
4773,"N",3.5460553960532e-10,"N",TRUE
4771,"N",0.916706532867196,"Y",FALSE
4769,"N",0.0172273788451572,"N",TRUE
4768,"N",2.22044604925031e-16,"N",TRUE
4763,"N",0.778416173983525,"Y",FALSE
4762,"N",0.035755597679402,"N",TRUE
4759,"N",2.22044604925031e-16,"N",TRUE
4758,"N",0.0888847750729939,"N",TRUE
4757,"Y",0.270088899651487,"N",FALSE
4930,"N",4.30496114298159e-10,"N",TRUE
4921,"N",4.3051881886502e-10,"N",TRUE
4917,"N",0.110579687835138,"N",TRUE
4915,"N",0.0942569781602852,"N",TRUE
4911,"N",0.596200598918275,"Y",FALSE
4907,"N",0.0922443724553726,"N",TRUE
4905,"N",0.00268727465469754,"N",TRUE
4893,"N",0.0346073968531901,"N",TRUE
4889,"N",0.677234599962584,"Y",FALSE
4886,"N",2.22044604925031e-16,"N",TRUE
4885,"N",0.0537795052827022,"N",TRUE
4884,"N",0.0229163112057845,"N",TRUE
4882,"N",0.873074276484579,"Y",FALSE
4881,"N",0.0146778776443967,"N",TRUE
4880,"N",2.22044604925031e-16,"N",TRUE
4874,"N",6.70617816809902e-05,"N",TRUE
4871,"N",0.000632640286542561,"N",TRUE
4870,"N",0.198899809868721,"N",TRUE
4869,"N",2.22044604925031e-16,"N",TRUE
4868,"N",0.322792388452194,"N",TRUE
4860,"N",0.0157488079964942,"N",TRUE
4859,"N",0.112507142847702,"N",TRUE
4857,"N",0.00603345995069782,"N",TRUE
4856,"N",0.0122856751406394,"N",TRUE
4853,"N",0.600004831608387,"Y",FALSE
4848,"N",0.234452466158804,"N",TRUE
4845,"N",0.628995983970835,"Y",FALSE
5013,"Y",0.0201370550998827,"N",FALSE
5010,"N",0.00269297484383734,"N",TRUE
5006,"N",0.05510890770052,"N",TRUE
5003,"N",1.85132333499155e-09,"N",TRUE
5001,"N",0.00356951469407553,"N",TRUE
4997,"N",0.10097121549008,"N",TRUE
4991,"N",4.30503353840448e-10,"N",TRUE
4987,"N",0.573348373906108,"Y",FALSE
4983,"N",2.22044604925031e-16,"N",TRUE
4979,"N",0.400505285700404,"N",TRUE
4976,"N",0.0019945737661676,"N",TRUE
4975,"N",0.822363325936422,"Y",FALSE
4971,"Y",0.74583334816059,"Y",TRUE
4961,"Y",0.766851683962543,"Y",TRUE
4958,"N",3.98724539762366e-05,"N",TRUE
4957,"Y",0.82401508466069,"Y",TRUE
4955,"N",0.370595224427496,"N",TRUE
4953,"N",2.22044604925031e-16,"N",TRUE
4942,"N",0.029599514799139,"N",TRUE
4939,"Y",0.640368628547238,"Y",TRUE
4934,"N",0.0366575453233554,"N",TRUE
5118,"N",0.0330952931676816,"N",TRUE
5113,"N",4.30520027392517e-10,"N",TRUE
5110,"N",0.00667716895558303,"N",TRUE
5109,"N",0.0502477146978201,"N",TRUE
5108,"N",0.00422356624725621,"N",TRUE
5107,"N",0.0427122844596554,"N",TRUE
5104,"N",4.30493531001134e-10,"N",TRUE
5102,"N",4.30502701327747e-10,"N",TRUE
5101,"Y",0.976319841048611,"Y",TRUE
5086,"N",0.0526051061659414,"N",TRUE
5085,"N",4.92937341731594e-10,"N",TRUE
5082,"N",4.30559838723419e-10,"N",TRUE
5072,"N",0.0433246185106759,"N",TRUE
5071,"N",0.0194197704653171,"N",TRUE
5067,"Y",0.560413795761889,"Y",TRUE
5058,"Y",0.0240382593467654,"N",FALSE
5053,"N",4.304680266558e-10,"N",TRUE
5047,"N",0.023063895711233,"N",TRUE
5044,"N",1.6341032848773e-10,"N",TRUE
5043,"N",8.37160978972205e-05,"N",TRUE
5041,"N",0.0399975012707204,"N",TRUE
5039,"N",0.0209225977372093,"N",TRUE
5036,"N",0.0116389809175247,"N",TRUE
5034,"N",0.00230161466775811,"N",TRUE
5032,"N",1.36240129480058e-10,"N",TRUE
5031,"N",0.0124221596136055,"N",TRUE
5024,"N",2.22044604925031e-16,"N",TRUE
5022,"N",0.941146637215052,"Y",FALSE
5021,"Y",0.6405567082644,"Y",TRUE
5018,"N",0.186136378287361,"N",TRUE
5017,"Y",0.999999995068707,"Y",TRUE
5016,"N",0.00918661549801102,"N",TRUE
5204,"N",0.0756886820616189,"N",TRUE
5201,"N",0.00580318309302329,"N",TRUE
5199,"N",4.30519308322878e-10,"N",TRUE
5197,"N",6.55190344718947e-11,"N",TRUE
5196,"N",1.01939910601057e-07,"N",TRUE
5183,"N",4.30502301604124e-10,"N",TRUE
5174,"N",1.25961981139812e-10,"N",TRUE
5170,"Y",0.841708821744097,"Y",TRUE
5165,"N",0.00463830917894257,"N",TRUE
5162,"N",2.22044604925031e-16,"N",TRUE
5158,"N",8.45355837344434e-11,"N",TRUE
5153,"Y",0.777239510226789,"Y",TRUE
5150,"N",0.0096775441989813,"N",TRUE
5149,"N",3.6330901358457e-10,"N",TRUE
5144,"N",0.877948476723122,"Y",FALSE
5143,"N",2.23332171159948e-10,"N",TRUE
5139,"N",0.606510077934042,"Y",FALSE
5137,"N",2.22044604925031e-16,"N",TRUE
5136,"N",0.0662194934441245,"N",TRUE
5134,"Y",0.582881045825186,"Y",TRUE
5132,"N",0.00672859605331781,"N",TRUE
5130,"Y",0.822686074778112,"Y",TRUE
5126,"N",0.694578623434734,"Y",FALSE
5123,"N",0.0170460810744685,"N",TRUE
5206,"Y",0.99999999993433,"Y",TRUE
5231,"N",4.57416092787789e-10,"N",TRUE
5227,"N",0.630519394572271,"Y",FALSE
5225,"N",4.30471342670208e-10,"N",TRUE
5221,"Y",0.923393783865204,"Y",TRUE
5218,"Y",0.0841002239882482,"N",FALSE
5217,"N",0.429274476151369,"N",TRUE
5216,"Y",0.396931041890031,"N",FALSE
5215,"N",0.999999999874479,"Y",FALSE
5327,"N",4.30493130826528e-10,"N",TRUE
5325,"Y",0.320555746571128,"N",FALSE
5324,"N",0.0816162952397688,"N",TRUE
5322,"N",4.30491713512335e-10,"N",TRUE
5319,"N",0.0517072463605109,"N",TRUE
5313,"N",2.22044604925031e-16,"N",TRUE
5308,"N",0.0080327543204335,"N",TRUE
5305,"Y",0.860323102682868,"Y",TRUE
5302,"N",7.13993528355315e-12,"N",TRUE
5295,"N",4.30566192303957e-10,"N",TRUE
5284,"N",0.0122687653751021,"N",TRUE
5282,"N",0.00164303802892292,"N",TRUE
5273,"N",0.0366177891021168,"N",TRUE
5272,"N",0.0198510864048481,"N",TRUE
5270,"N",0.042178490048256,"N",TRUE
5269,"N",0.00933376885480941,"N",TRUE
5261,"N",0.00704149108777238,"N",TRUE
5257,"N",0.000267020740968537,"N",TRUE
5252,"N",0.00505019244796871,"N",TRUE
5249,"Y",0.751927582425969,"Y",TRUE
5247,"N",4.12325595134843e-10,"N",TRUE
5246,"N",2.22044604925031e-16,"N",TRUE
5244,"N",0.906896610126642,"Y",FALSE
5241,"N",0.00563363799966317,"N",TRUE
5239,"Y",0.363667895958277,"N",FALSE
5403,"N",0.278791236226125,"N",TRUE
5399,"N",4.13954999718075e-05,"N",TRUE
5397,"N",0.00532930189096779,"N",TRUE
5395,"Y",2.22044604925031e-16,"N",FALSE
5394,"N",2.62726905035024e-10,"N",TRUE
5391,"N",4.30431813223586e-10,"N",TRUE
5387,"Y",0.709934313405829,"Y",TRUE
5386,"N",0.301071981104894,"N",TRUE
5383,"N",1.1492991346819e-13,"N",TRUE
5378,"N",0.00956683670417981,"N",TRUE
5377,"N",0.115903757132128,"N",TRUE
5376,"N",0.0883224949973302,"N",TRUE
5375,"N",0.00963927590945017,"N",TRUE
5372,"N",0.196652111546375,"N",TRUE
5371,"N",6.14772536143727e-05,"N",TRUE
5369,"N",0.000590739574540323,"N",TRUE
5367,"N",0.8110439285639,"Y",FALSE
5366,"N",2.22044604925031e-16,"N",TRUE
5362,"N",2.22044604925031e-16,"N",TRUE
5356,"N",0.0524513487990962,"N",TRUE
5354,"Y",0.782543452093291,"Y",TRUE
5349,"Y",0.700054550354304,"Y",TRUE
5342,"Y",0.276531949087818,"N",FALSE
5336,"N",4.31029948844908e-10,"N",TRUE
5335,"N",0.0138235571639515,"N",TRUE
5334,"N",0.013828254254753,"N",TRUE
5332,"N",0.123716028739217,"N",TRUE
5329,"Y",0.999999999718755,"Y",TRUE
5496,"N",4.30488746326334e-10,"N",TRUE
5495,"N",4.30493545036965e-10,"N",TRUE
5489,"N",1.72294026722139e-10,"N",TRUE
5486,"Y",4.30502624568863e-10,"N",FALSE
5483,"N",2.22044604925031e-16,"N",TRUE
5482,"N",0.00654591021944744,"N",TRUE
5479,"N",0.0776856748582966,"N",TRUE
5476,"N",4.30518692826188e-10,"N",TRUE
5470,"N",0.492091686382751,"N",TRUE
5469,"N",0.0153205635359561,"N",TRUE
5464,"N",4.30566691993926e-10,"N",TRUE
5457,"N",2.22044604925031e-16,"N",TRUE
5456,"Y",0.0846546770801963,"N",FALSE
5454,"N",0.0209653848284193,"N",TRUE
5453,"N",0.00852246846951997,"N",TRUE
5451,"N",0.00479986675210154,"N",TRUE
5446,"N",0.154314142089537,"N",TRUE
5445,"Y",0.999999999194697,"Y",TRUE
5429,"N",0.0161587210616882,"N",TRUE
5426,"Y",0.820085161743275,"Y",TRUE
5424,"N",2.68750426522541e-12,"N",TRUE
5423,"Y",0.698033453614619,"Y",TRUE
5422,"N",0.380296159221554,"N",TRUE
5419,"N",0.00385447804663791,"N",TRUE
5410,"Y",0.622764806434311,"Y",TRUE
5596,"N",4.30497578572379e-10,"N",TRUE
5595,"N",0.322301270900045,"N",TRUE
5592,"N",4.30497930589018e-10,"N",TRUE
5583,"N",2.22044604925031e-16,"N",TRUE
5580,"N",5.47399519877412e-11,"N",TRUE
5579,"N",3.85032556903496e-11,"N",TRUE
5576,"N",4.30503314919357e-10,"N",TRUE
5574,"N",4.30505011129967e-10,"N",TRUE
5573,"Y",0.0515772351810062,"N",FALSE
5570,"N",0.112465736350542,"N",TRUE
5569,"N",0.00409625027836494,"N",TRUE
5568,"Y",0.72327396110798,"Y",TRUE
5565,"Y",0.894747549535013,"Y",TRUE
5563,"N",0.843368452514437,"Y",FALSE
5555,"N",0.0080547309119811,"N",TRUE
5551,"N",4.30605866402104e-10,"N",TRUE
5547,"N",2.22044604925031e-16,"N",TRUE
5544,"N",0.00101474423332269,"N",TRUE
5543,"N",0.00278986662937329,"N",TRUE
5539,"N",0.163730611930656,"N",TRUE
5536,"Y",0.806530634912571,"Y",TRUE
5525,"N",4.30506343247351e-10,"N",TRUE
5524,"N",0.204556170693896,"N",TRUE
5523,"N",0.999999937118009,"Y",FALSE
5521,"Y",0.824187642188963,"Y",TRUE
5517,"N",0.00570823931505357,"N",TRUE
5511,"N",0.0322065456065886,"N",TRUE
5509,"N",2.22044604925031e-16,"N",TRUE
5508,"N",1.35208887270972e-10,"N",TRUE
5506,"N",0.00899372251896081,"N",TRUE
5502,"Y",0.891169232190448,"Y",TRUE
5686,"N",4.30494393864152e-10,"N",TRUE
5682,"N",0.00306460474282032,"N",TRUE
5681,"N",0.0104792997427972,"N",TRUE
5680,"N",0.0553011575748227,"N",TRUE
5673,"N",0.0466103367263605,"N",TRUE
5665,"Y",0.649657253029673,"Y",TRUE
5663,"N",0.109202406771675,"N",TRUE
5658,"Y",0.598099724014357,"Y",TRUE
5659,"Y",0.866445900766292,"Y",TRUE
5657,"N",2.56411543582229e-10,"N",TRUE
5652,"N",0.0776566168216446,"N",TRUE
5650,"N",6.51602573548379e-10,"N",TRUE
5646,"N",0.0961381993420722,"N",TRUE
5645,"Y",0.784126423683297,"Y",TRUE
5640,"N",3.50482211762583e-10,"N",TRUE
5637,"N",3.14254754717953e-10,"N",TRUE
5636,"Y",0.79914078291878,"Y",TRUE
5634,"N",1.63338532120961e-10,"N",TRUE
5627,"N",0.0188599731140465,"N",TRUE
5625,"N",0.680030005114457,"Y",FALSE
5624,"N",0.00856317013458946,"N",TRUE
5622,"N",0.100552463106621,"N",TRUE
5619,"Y",0.0689644216855032,"N",FALSE
5608,"N",0.0206748503697239,"N",TRUE
5606,"N",0.387362132430101,"N",TRUE
5605,"N",0.0406716678439614,"N",TRUE
5603,"N",3.77960104134739e-10,"N",TRUE
5600,"N",0.0721419083154958,"N",TRUE
5599,"N",0.102836796042902,"N",TRUE
5702,"N",4.04201258538483e-10,"N",TRUE
5701,"Y",0.79747182479744,"Y",TRUE
5700,"N",1.27567344222087e-09,"N",TRUE
5696,"N",0.0451211213604181,"N",TRUE
5692,"Y",0.924068126003418,"Y",TRUE
5691,"Y",0.999999999926081,"Y",TRUE
5716,"Y",0.123818992523415,"N",FALSE
5714,"N",4.30365530676128e-10,"N",TRUE
5713,"N",0.0361255846757047,"N",TRUE
5818,"N",4.30496323460127e-10,"N",TRUE
5816,"N",0.374674579992282,"N",TRUE
5811,"N",0.0470650271338745,"N",TRUE
5810,"N",4.3051731403799e-10,"N",TRUE
5806,"N",0.000607356660733797,"N",TRUE
5803,"N",0.0823413796552288,"N",TRUE
5797,"N",4.30502577385029e-10,"N",TRUE
5796,"N",0.0575651587531144,"N",TRUE
5793,"N",0.00101177282777961,"N",TRUE
5792,"N",0.00222545162675169,"N",TRUE
5791,"N",0.00373484171778907,"N",TRUE
5790,"N",0.177563550081402,"N",TRUE
5788,"N",0.002173189412547,"N",TRUE
5785,"N",0.016685670438087,"N",TRUE
5784,"N",0.016345036142633,"N",TRUE
5780,"N",0.0198047388687345,"N",TRUE
5779,"N",0.000799553695890653,"N",TRUE
5776,"N",0.00587983634980657,"N",TRUE
5774,"N",0.0328476755000422,"N",TRUE
5770,"N",0.000175476575477999,"N",TRUE
5765,"Y",0.67092444846814,"Y",TRUE
5761,"N",0.184191549127796,"N",TRUE
5759,"N",2.22044604925031e-16,"N",TRUE
5756,"Y",0.912686310590054,"Y",TRUE
5755,"N",0.0146337670833152,"N",TRUE
5748,"N",2.7706139930727e-05,"N",TRUE
5747,"N",0.187380913336095,"N",TRUE
5738,"N",4.21748355548156e-10,"N",TRUE
5737,"N",2.22044604925031e-16,"N",TRUE
5731,"N",0.176706070822505,"N",TRUE
5729,"N",0.338360504458192,"N",TRUE
5723,"Y",0.999999998772412,"Y",TRUE
5722,"N",0.0959298985282228,"N",TRUE
5901,"N",4.30493050616988e-10,"N",TRUE
5900,"N",4.30497666020497e-10,"N",TRUE
5894,"N",0.0655961673515863,"N",TRUE
5893,"N",4.30490241003325e-10,"N",TRUE
5892,"N",1.30947656929436e-10,"N",TRUE
5891,"N",2.22044604925031e-16,"N",TRUE
5887,"N",0.0511336713228432,"N",TRUE
5885,"N",0.0165748854853089,"N",TRUE
5883,"N",0.0990912797967213,"N",TRUE
5880,"N",0.0320434870921857,"N",TRUE
5878,"N",9.67947095824554e-14,"N",TRUE
5876,"N",0.0179930684069147,"N",TRUE
5873,"N",0.00560091906948846,"N",TRUE
5868,"Y",0.80090865771534,"Y",TRUE
5866,"N",0.0449449706020971,"N",TRUE
5861,"N",0.0264857546659454,"N",TRUE
5859,"Y",0.79728889817701,"Y",TRUE
5855,"Y",0.999999999680392,"Y",TRUE
5852,"N",0.0877626330949135,"N",TRUE
5847,"N",0.410390239991338,"N",TRUE
5846,"N",0.00541615380387482,"N",TRUE
5845,"N",0.0442013473757338,"N",TRUE
5844,"N",0.115981916408394,"N",TRUE
5843,"N",0.00108577441095014,"N",TRUE
5836,"N",1.08249644343946e-10,"N",TRUE
5834,"N",0.634349160304255,"Y",FALSE
5833,"N",0.0136122770263243,"N",TRUE
5830,"N",0.0184213974290786,"N",TRUE
5829,"N",0.0184213974290786,"N",TRUE
5828,"N",0.013199518952863,"N",TRUE
5826,"N",0.00586232421848772,"N",TRUE
5825,"N",0.266798552992005,"N",TRUE
5821,"N",0.0333471751482223,"N",TRUE
5820,"N",0.365337574161555,"N",TRUE
5998,"Y",0.91703178853425,"Y",TRUE
5993,"N",4.30506490259797e-10,"N",TRUE
5992,"N",4.30492815228642e-10,"N",TRUE
5988,"N",0.0270470572140462,"N",TRUE
5984,"N",2.22044604925031e-16,"N",TRUE
5979,"N",0.056163046589858,"N",TRUE
5978,"N",0.00179887787989059,"N",TRUE
5977,"N",0.13222401859818,"N",TRUE
5974,"N",4.3053685070253e-10,"N",TRUE
5959,"Y",0.834604971964898,"Y",TRUE
5958,"Y",0.598558300367954,"Y",TRUE
5954,"N",2.22044604925031e-16,"N",TRUE
5953,"N",0.00534894662826712,"N",TRUE
5951,"N",0.433826003738003,"N",TRUE
5949,"N",0.00636128183372836,"N",TRUE
5943,"N",0.00434199782094071,"N",TRUE
5941,"N",0.00791279623088222,"N",TRUE
5938,"N",0.156505937790967,"N",TRUE
5935,"N",0.0224427261254564,"N",TRUE
5932,"Y",0.852980915233524,"Y",TRUE
5929,"N",1.79620018442717e-06,"N",TRUE
5927,"N",1.56200056430997e-09,"N",TRUE
5926,"N",4.30668466907171e-10,"N",TRUE
5925,"Y",0.279521654858123,"N",FALSE
5922,"N",0.0596979664773692,"N",TRUE
5920,"N",2.22044604925031e-16,"N",TRUE
6090,"N",4.30490324096833e-10,"N",TRUE
6085,"N",0.00480041571131075,"N",TRUE
6083,"N",0.0810288582116363,"N",TRUE
6080,"N",0.00662716489831236,"N",TRUE
6079,"N",4.30508328884747e-10,"N",TRUE
6078,"N",2.22044604925031e-16,"N",TRUE
6064,"N",4.30570567931628e-10,"N",TRUE
6063,"Y",0.841346004024156,"Y",TRUE
6060,"N",0.0192404166740812,"N",TRUE
6055,"N",0.819986954519763,"Y",FALSE
6053,"N",0.100975287540494,"N",TRUE
6052,"N",0.000869195367355295,"N",TRUE
6051,"N",2.22044604925031e-16,"N",TRUE
6045,"N",2.22044604925031e-16,"N",TRUE
6044,"N",0.010618269563948,"N",TRUE
6040,"N",0.00183917814833671,"N",TRUE
6039,"Y",0.067161761088823,"N",FALSE
6034,"N",0.00729578299053231,"N",TRUE
6033,"N",0.00189190924537265,"N",TRUE
6029,"N",0.0127394755242638,"N",TRUE
6026,"N",0.000980589182659846,"N",TRUE
6022,"Y",0.648988526358989,"Y",TRUE
6020,"N",0.000415754614277818,"N",TRUE
6019,"N",1.88110078572501e-10,"N",TRUE
6018,"N",6.94814606783784e-06,"N",TRUE
6017,"N",0.00127186245902659,"N",TRUE
6015,"N",1.49518545408909e-10,"N",TRUE
6014,"N",0.0555857226747932,"N",TRUE
6013,"Y",0.683151052627582,"Y",TRUE
6009,"N",2.22044604925031e-16,"N",TRUE
6008,"N",0.283104715367247,"N",TRUE
6006,"N",0.133553614803747,"N",TRUE
6001,"Y",0.640888509530173,"Y",TRUE
6196,"N",4.3049710218368e-10,"N",TRUE
6190,"N",0.0554077087881005,"N",TRUE
6186,"N",0.0753397177532589,"N",TRUE
6185,"N",2.03912310989126e-10,"N",TRUE
6182,"N",2.22044604925031e-16,"N",TRUE
6179,"N",0.0795592227410623,"N",TRUE
6177,"N",0.00383288097812789,"N",TRUE
6176,"N",0.00253055857386203,"N",TRUE
6174,"N",0.00631267471460327,"N",TRUE
6170,"N",0.059657416738414,"N",TRUE
6165,"N",0.327866771297191,"N",TRUE
6164,"N",0.00986830125091153,"N",TRUE
6163,"N",9.72158883652057e-14,"N",TRUE
6160,"N",0.000816717168209483,"N",TRUE
6156,"N",2.28829401041139e-10,"N",TRUE
6151,"N",0.0104107036412918,"N",TRUE
6149,"N",0.00906788108742921,"N",TRUE
6145,"N",0.000908096238736663,"N",TRUE
6143,"Y",0.541051688136226,"Y",TRUE
6140,"N",0.00710677076168814,"N",TRUE
6139,"N",0.0240228815509143,"N",TRUE
6132,"N",0.0663606651989381,"N",TRUE
6125,"N",0.0090847744803067,"N",TRUE
6117,"N",0.00584081908667352,"N",TRUE
6116,"N",0.00274803262468033,"N",TRUE
6204,"Y",0.898209410640964,"Y",TRUE
6203,"N",0.0161071668281187,"N",TRUE
6200,"Y",0.920054751594344,"Y",TRUE
6220,"N",0.101394313828636,"N",TRUE
6212,"N",0.0285645458714341,"N",TRUE
6307,"N",4.30494321241581e-10,"N",TRUE
6304,"N",0.00247727316980254,"N",TRUE
6299,"N",4.30537855736726e-10,"N",TRUE
6298,"N",8.82687352489083e-11,"N",TRUE
6284,"N",0.0111224024972633,"N",TRUE
6276,"N",0.960686091458348,"Y",FALSE
6273,"N",0.0263553373718924,"N",TRUE
6270,"N",2.60331695511026e-10,"N",TRUE
6264,"N",0.0257267477275779,"N",TRUE
6260,"N",0.00172274483695941,"N",TRUE
6254,"N",0.351231929173613,"N",TRUE
6253,"Y",0.892996302234435,"Y",TRUE
6252,"Y",0.731077092140729,"Y",TRUE
6246,"N",0.999999999999696,"Y",FALSE
6241,"N",0.000314178143241345,"N",TRUE
6233,"N",0.455107070482738,"N",TRUE
6230,"N",0.0140089415627162,"N",TRUE
6229,"N",0.147711147252199,"N",TRUE
6383,"N",0.00943652682828834,"N",TRUE
6381,"N",4.30489378348289e-10,"N",TRUE
6379,"N",4.30517778920856e-10,"N",TRUE
6378,"N",0.00395534116469567,"N",TRUE
6377,"N",0.00114930983316609,"N",TRUE
6376,"N",0.000502703320527582,"N",TRUE
6375,"N",0.0504282704025455,"N",TRUE
6370,"Y",0.96750900459845,"Y",TRUE
6362,"N",0.0076957542377583,"N",TRUE
6357,"Y",0.27014962715053,"N",FALSE
6356,"N",2.22044604925031e-16,"N",TRUE
6354,"Y",0.560409609556377,"Y",TRUE
6350,"N",0.0121765355540433,"N",TRUE
6349,"N",0.000686945577548284,"N",TRUE
6346,"Y",0.578031153075569,"Y",TRUE
6345,"Y",0.773374761935104,"Y",TRUE
6341,"N",0.00316293650967886,"N",TRUE
6336,"N",0.00617723027259547,"N",TRUE
6329,"N",0.828748527512633,"Y",FALSE
6325,"N",0.0175535041501694,"N",TRUE
6314,"N",2.22044604925031e-16,"N",TRUE
6313,"Y",0.999999999890685,"Y",TRUE
6312,"N",4.81049094013709e-05,"N",TRUE
6448,"Y",0.921666874852091,"Y",TRUE
6445,"N",4.30491320650377e-10,"N",TRUE
6442,"N",4.30520263108094e-10,"N",TRUE
6438,"N",0.0482718458762523,"N",TRUE
6436,"N",0.00404060715851784,"N",TRUE
6435,"N",0.00937371624144205,"N",TRUE
6434,"N",0.0164455889386085,"N",TRUE
6430,"N",4.30478745559008e-10,"N",TRUE
6429,"N",4.25568696100762e-09,"N",TRUE
6428,"N",0.00061098471336535,"N",TRUE
6427,"N",0.104516807021516,"N",TRUE
6426,"N",0.0123078765016937,"N",TRUE
6423,"N",0.00602902642445374,"N",TRUE
6419,"N",2.22044604925031e-16,"N",TRUE
6415,"Y",0.698437189941006,"Y",TRUE
6414,"N",0.00284271789666311,"N",TRUE
6412,"N",0.583498762028332,"Y",FALSE
6407,"N",0.184669138021362,"N",TRUE
6406,"N",4.30531809178524e-10,"N",TRUE
6402,"N",0.00222704106245828,"N",TRUE
6401,"N",0.00326149235670034,"N",TRUE
6396,"N",0.0320425224525496,"N",TRUE
6394,"N",0.00636934969286121,"N",TRUE
6392,"N",0.104444346509768,"N",TRUE
6390,"Y",0.293444967026296,"N",FALSE
6387,"Y",0.852632852682129,"Y",TRUE
6385,"Y",0.999999999937501,"Y",TRUE
6473,"N",0.24928791376734,"N",TRUE
6470,"N",1.8663257332663e-11,"N",TRUE
6469,"N",0.377881543772266,"N",TRUE
6467,"N",0.259967679271148,"N",TRUE
6461,"N",0.146221511986368,"N",TRUE
6459,"N",0.0273705799338505,"N",TRUE
6457,"Y",0.906293336715807,"Y",TRUE
6456,"N",0.044562980152216,"N",TRUE
6455,"N",2.12736863034149e-09,"N",TRUE
6454,"Y",0.914231465731556,"Y",TRUE
6453,"N",2.22044604925031e-16,"N",TRUE
6507,"N",0.0594729411438589,"N",TRUE
6505,"N",0.0539345511967534,"N",TRUE
6501,"N",4.30509066697474e-10,"N",TRUE
6499,"N",0.146962634180817,"N",TRUE
6496,"N",0.0201539797269611,"N",TRUE
6491,"N",0.0524372257324534,"N",TRUE
6489,"N",0.0353520646344225,"N",TRUE
6485,"N",2.25928899561162e-10,"N",TRUE
6483,"N",0.0081525550698016,"N",TRUE
6481,"N",0.024997074047729,"N",TRUE
6479,"N",0.837108057858806,"Y",FALSE
6478,"Y",0.999999999031737,"Y",TRUE
6514,"N",2.84778485398946e-10,"N",TRUE
6526,"Y",0.89018861165409,"Y",TRUE
6524,"N",0.235969967805026,"N",TRUE
6522,"Y",0.999999998806337,"Y",TRUE
6520,"N",0.100165617669177,"N",TRUE
