"UniqueID","Popular.fctr","Popular.fctr.predict.Rank9.glm.prob","Popular.fctr.predict.Rank9.glm","Popular.fctr.predict.Rank9.glm.accurate"
31,"N",2.22044604925031e-16,"N",TRUE
30,"N",5.06516844764844e-09,"N",TRUE
29,"N",0.00260048262630323,"N",TRUE
25,"N",2.22044604925031e-16,"N",TRUE
24,"N",4.5149040056303e-10,"N",TRUE
22,"N",2.22044604925031e-16,"N",TRUE
21,"N",4.30463154419772e-10,"N",TRUE
18,"N",4.30502304788178e-10,"N",TRUE
17,"N",0.901462017017928,"Y",FALSE
16,"Y",0.983575395016864,"Y",TRUE
12,"N",4.30402712145337e-10,"N",TRUE
9,"Y",0.831225986576876,"Y",TRUE
8,"Y",0.874354291734702,"Y",TRUE
4,"Y",5.26785511944948e-09,"N",FALSE
115,"N",4.30510524796944e-10,"N",TRUE
110,"N",0.00170674166327921,"N",TRUE
106,"N",0.00219413359097183,"N",TRUE
104,"Y",0.570559778223575,"Y",TRUE
100,"N",0.0289696838645038,"N",TRUE
99,"N",2.22044604925031e-16,"N",TRUE
96,"N",0.00096460694271422,"N",TRUE
95,"Y",0.189687593329921,"N",FALSE
94,"N",0.0969532954021304,"N",TRUE
88,"N",0.0115100115616992,"N",TRUE
85,"Y",0.694943493233515,"Y",TRUE
83,"N",0.0175698451102292,"N",TRUE
76,"N",0.0866225500268172,"N",TRUE
73,"N",2.22044604925031e-16,"N",TRUE
72,"N",0.214191187219083,"N",TRUE
68,"N",4.30496367190334e-10,"N",TRUE
57,"Y",0.999999999583186,"Y",TRUE
56,"Y",0.758712615312239,"Y",TRUE
55,"N",4.30508024370521e-10,"N",TRUE
52,"Y",0.616198546197957,"Y",TRUE
51,"N",1.35181202014773e-10,"N",TRUE
46,"N",0.042958027975416,"N",TRUE
43,"N",0.0194464156274965,"N",TRUE
37,"Y",0.276114808513064,"N",FALSE
35,"Y",0.999999999792469,"Y",TRUE
199,"N",4.30509863163998e-10,"N",TRUE
198,"N",3.13296439828432e-10,"N",TRUE
195,"N",4.30501429372133e-10,"N",TRUE
194,"N",0.46253767091116,"N",TRUE
189,"N",0.0146151655755508,"N",TRUE
186,"N",0.171240108695309,"N",TRUE
184,"N",3.58468678117038e-10,"N",TRUE
182,"N",0.0772414673175558,"N",TRUE
181,"N",4.30500977476131e-10,"N",TRUE
179,"N",0.000187542676323102,"N",TRUE
174,"N",0.027988306912037,"N",TRUE
172,"Y",4.08710063413129e-10,"N",FALSE
170,"N",0.00140215755217012,"N",TRUE
167,"N",0.204177958205497,"N",TRUE
163,"Y",0.287737429177373,"N",FALSE
162,"N",2.22044604925031e-16,"N",TRUE
160,"N",3.77801295879033e-10,"N",TRUE
158,"N",1.40724516732906e-09,"N",TRUE
157,"Y",0.566129777249425,"Y",TRUE
156,"Y",0.602899607260013,"Y",TRUE
151,"N",0.175090640336786,"N",TRUE
150,"N",0.126852942552564,"N",TRUE
146,"N",0.0308402836927317,"N",TRUE
139,"Y",0.73283393399482,"Y",TRUE
135,"N",3.12126485727626e-08,"N",TRUE
134,"N",5.57391954665295e-13,"N",TRUE
126,"N",4.30371845344217e-10,"N",TRUE
301,"N",4.15082559624981e-09,"N",TRUE
299,"N",4.30510185952404e-10,"N",TRUE
294,"N",0.0047326532594148,"N",TRUE
290,"N",4.30492633322561e-10,"N",TRUE
284,"N",0.0705011092296593,"N",TRUE
281,"N",1.3640976247433e-10,"N",TRUE
279,"N",4.3050093745408e-10,"N",TRUE
277,"N",0.00124834713186869,"N",TRUE
272,"N",0.124695088158443,"N",TRUE
270,"N",4.30528924337348e-10,"N",TRUE
265,"N",0.00475823407745613,"N",TRUE
263,"N",0.570989697427319,"Y",FALSE
260,"N",2.22044604925031e-16,"N",TRUE
256,"N",0.0151089294533817,"N",TRUE
252,"Y",0.804379014902259,"Y",TRUE
251,"N",0.04726892942695,"N",TRUE
248,"N",1.94287598282366e-10,"N",TRUE
247,"N",0.00351561943876235,"N",TRUE
246,"N",0.0315340046242992,"N",TRUE
239,"N",2.51431791373423e-10,"N",TRUE
238,"Y",0.850674810786836,"Y",TRUE
237,"N",1.15858090778148e-09,"N",TRUE
230,"N",0.168397519567707,"N",TRUE
226,"N",4.30506867593409e-10,"N",TRUE
224,"N",9.35134944934899e-11,"N",TRUE
222,"N",0.0443621675971225,"N",TRUE
218,"N",2.22044604925031e-16,"N",TRUE
216,"N",2.22044604925031e-16,"N",TRUE
214,"N",0.808767013575154,"Y",FALSE
202,"Y",0.99999999968221,"Y",TRUE
393,"Y",0.631071786466683,"Y",TRUE
392,"N",4.30509380857513e-10,"N",TRUE
390,"N",3.53420546394029e-10,"N",TRUE
389,"N",0.0015719097442183,"N",TRUE
382,"N",0.040693411877251,"N",TRUE
367,"N",0.0124591452306016,"N",TRUE
361,"Y",0.822341440989597,"Y",TRUE
359,"N",0.709617717105746,"Y",FALSE
347,"N",3.04418368728257e-10,"N",TRUE
346,"N",0.0519643806320753,"N",TRUE
345,"Y",0.820074875535183,"Y",TRUE
343,"N",0.781752928814975,"Y",FALSE
340,"Y",0.553163958308899,"Y",TRUE
338,"Y",0.803477235503006,"Y",TRUE
335,"Y",0.806480084115014,"Y",TRUE
334,"N",0.276693807183506,"N",TRUE
332,"N",0.00889185429004073,"N",TRUE
328,"N",0.0247685964580946,"N",TRUE
327,"Y",0.917308154713554,"Y",TRUE
323,"N",0.052612259729442,"N",TRUE
318,"N",3.63958855359533e-10,"N",TRUE
306,"N",2.22044604925031e-16,"N",TRUE
303,"N",0.228251094510349,"N",TRUE
417,"N",4.30499768851079e-10,"N",TRUE
416,"N",0.148634004022923,"N",TRUE
415,"N",8.7418004271199e-09,"N",TRUE
411,"N",7.95683290967314e-11,"N",TRUE
407,"N",7.87698674557854e-11,"N",TRUE
405,"N",4.30495118407433e-10,"N",TRUE
400,"N",2.22044604925031e-16,"N",TRUE
396,"N",2.22044604925031e-16,"N",TRUE
395,"N",2.22044604925031e-16,"N",TRUE
447,"N",4.30499675246175e-10,"N",TRUE
443,"N",4.30480052356286e-10,"N",TRUE
442,"N",1.02617598171954e-10,"N",TRUE
437,"N",7.86478044339621e-11,"N",TRUE
436,"Y",0.580765865675059,"Y",TRUE
429,"N",0.0389748888682945,"N",TRUE
428,"N",2.22044604925031e-16,"N",TRUE
420,"Y",0.701591409543147,"Y",TRUE
419,"N",0.826376070020348,"Y",FALSE
418,"Y",0.842636307085281,"Y",TRUE
558,"N",4.25485018919796e-09,"N",TRUE
555,"N",0.05328081724139,"N",TRUE
554,"Y",0.994468596562044,"Y",TRUE
552,"N",4.30500743604741e-10,"N",TRUE
551,"N",4.3050520831215e-10,"N",TRUE
549,"N",4.30495623151027e-10,"N",TRUE
548,"N",0.348232696865853,"N",TRUE
547,"N",0.0506727218168514,"N",TRUE
544,"N",4.30501040639914e-10,"N",TRUE
543,"N",1.12451815352702e-08,"N",TRUE
539,"N",4.30551622153705e-10,"N",TRUE
537,"N",8.02403047524597e-10,"N",TRUE
534,"N",4.30500816083874e-10,"N",TRUE
532,"N",0.0174451584279006,"N",TRUE
531,"N",0.00118036631007467,"N",TRUE
530,"N",0.000649964969394358,"N",TRUE
529,"N",0.000266770230737871,"N",TRUE
526,"N",0.0103119970877955,"N",TRUE
525,"N",4.30512664605486e-10,"N",TRUE
524,"N",0.0096399652420241,"N",TRUE
521,"N",0.00046177138956506,"N",TRUE
517,"N",3.71749721781223e-10,"N",TRUE
513,"N",0.000293754187930483,"N",TRUE
510,"N",2.22044604925031e-16,"N",TRUE
508,"N",0.280514890359354,"N",TRUE
507,"N",0.0112973542305673,"N",TRUE
502,"N",0.0096850387847489,"N",TRUE
501,"N",0.0335141157321552,"N",TRUE
499,"Y",0.798993559564133,"Y",TRUE
497,"N",0.0103981724860401,"N",TRUE
487,"N",0.000107705516309125,"N",TRUE
486,"N",0.0184076527870605,"N",TRUE
478,"N",0.0121762949078624,"N",TRUE
476,"N",2.5362990055695e-12,"N",TRUE
474,"N",0.0464232852235127,"N",TRUE
467,"N",2.22044604925031e-16,"N",TRUE
466,"N",2.22044604925031e-16,"N",TRUE
464,"N",2.22044604925031e-16,"N",TRUE
457,"N",0.197691819230752,"N",TRUE
454,"N",4.30504116037237e-10,"N",TRUE
452,"Y",0.999999999205743,"Y",TRUE
450,"Y",0.190438040582653,"N",FALSE
641,"Y",0.998381879014206,"Y",TRUE
640,"N",0.780808729850506,"Y",FALSE
639,"N",0.0563718765076175,"N",TRUE
633,"N",0.00532038157894338,"N",TRUE
630,"N",0.00446712171807683,"N",TRUE
627,"N",0.00951926267549373,"N",TRUE
625,"N",0.000356779038223283,"N",TRUE
619,"N",0.0544988588357512,"N",TRUE
617,"N",0.000648168525700422,"N",TRUE
616,"Y",0.999999999618136,"Y",TRUE
611,"N",0.025147243055061,"N",TRUE
608,"N",0.00411928593914788,"N",TRUE
601,"Y",0.0192756956025405,"N",FALSE
598,"Y",0.0130998032758076,"N",FALSE
597,"N",0.0285823004197983,"N",TRUE
590,"N",0.00110741519880068,"N",TRUE
589,"N",7.7854697577362e-05,"N",TRUE
581,"N",4.57144623388027e-07,"N",TRUE
578,"Y",0.843359413210119,"Y",TRUE
575,"N",0.179198548059021,"N",TRUE
574,"N",2.26443863981531e-10,"N",TRUE
572,"N",0.0155538258350084,"N",TRUE
567,"N",2.22044604925031e-16,"N",TRUE
565,"N",4.30504721691961e-10,"N",TRUE
564,"N",0.000780709103267674,"N",TRUE
746,"N",0.0399387181952956,"N",TRUE
744,"N",0.00470264755256333,"N",TRUE
739,"N",7.75043293196051e-08,"N",TRUE
738,"N",4.30501043262406e-10,"N",TRUE
734,"N",0.0014191282005418,"N",TRUE
733,"N",0.00156644423168923,"N",TRUE
729,"N",0.00620334504545023,"N",TRUE
727,"N",0.0103422748510343,"N",TRUE
726,"N",4.30528446334466e-10,"N",TRUE
725,"N",0.768253934633229,"Y",FALSE
722,"N",2.22044604925031e-16,"N",TRUE
721,"N",0.00194767352977424,"N",TRUE
720,"N",0.065903986631617,"N",TRUE
715,"Y",0.916792175071372,"Y",TRUE
712,"N",0.0546226384394686,"N",TRUE
707,"Y",0.667021940642751,"Y",TRUE
704,"N",0.106331501331561,"N",TRUE
702,"N",8.65586425251822e-11,"N",TRUE
701,"N",1.84977915924118e-13,"N",TRUE
697,"N",4.29059975316719e-10,"N",TRUE
695,"N",4.30491357868633e-10,"N",TRUE
687,"N",8.57830769011521e-10,"N",TRUE
685,"Y",0.560693266550292,"Y",TRUE
677,"N",4.41139704636878e-10,"N",TRUE
671,"N",0.0695325957190495,"N",TRUE
670,"N",4.03203007630561e-12,"N",TRUE
666,"N",0.0759984387842281,"N",TRUE
665,"N",2.22044604925031e-16,"N",TRUE
664,"N",0.82156745238507,"Y",FALSE
663,"N",0.103260780701085,"N",TRUE
659,"N",4.30505358623475e-10,"N",TRUE
655,"N",0.000390833132639776,"N",TRUE
654,"Y",0.841987029874772,"Y",TRUE
653,"N",0.0714074772242048,"N",TRUE
652,"N",0.609571425727365,"Y",FALSE
649,"N",2.22044604925031e-16,"N",TRUE
835,"N",4.30497569319596e-10,"N",TRUE
833,"N",0.10583788537183,"N",TRUE
830,"N",0.155412899513101,"N",TRUE
827,"N",4.30501172702039e-10,"N",TRUE
825,"Y",0.23332590528112,"N",FALSE
821,"N",1.39735921183775e-09,"N",TRUE
816,"N",4.30501221757598e-10,"N",TRUE
815,"Y",1,"Y",TRUE
814,"Y",0.0172702244032074,"N",FALSE
811,"N",0.581822996492372,"Y",FALSE
810,"N",4.30545500041757e-10,"N",TRUE
806,"N",4.30502840160714e-10,"N",TRUE
805,"N",0.101577809803721,"N",TRUE
804,"N",0.000317705824576369,"N",TRUE
800,"N",2.22044604925031e-16,"N",TRUE
795,"N",0.00074578974945438,"N",TRUE
794,"N",0.0318854412032873,"N",TRUE
793,"N",0.0222648764967273,"N",TRUE
790,"N",0.00188022857107916,"N",TRUE
789,"N",0.0713111376789821,"N",TRUE
788,"N",0.00760343688216829,"N",TRUE
785,"N",0.764464715532716,"Y",FALSE
783,"N",4.30470686184158e-10,"N",TRUE
780,"N",0.0749943716009351,"N",TRUE
779,"Y",0.722734163266174,"Y",TRUE
778,"N",4.24935625100685e-07,"N",TRUE
771,"N",4.06505016748976e-10,"N",TRUE
770,"N",0.771842887943219,"Y",FALSE
768,"N",2.22044604925031e-16,"N",TRUE
767,"N",0.399956008548598,"N",TRUE
756,"Y",0.341623828748431,"N",FALSE
755,"Y",0.99999999917854,"Y",TRUE
917,"N",0.498100772719976,"N",TRUE
913,"N",4.30504844672148e-10,"N",TRUE
911,"N",0.0137668302116432,"N",TRUE
906,"N",4.30510268975131e-10,"N",TRUE
902,"N",0.308161325820834,"N",TRUE
898,"N",0.0222132108646073,"N",TRUE
892,"N",0.419056869110052,"N",TRUE
890,"N",1.81836927891986e-10,"N",TRUE
883,"N",2.22044604925031e-16,"N",TRUE
880,"N",0.0127770821530533,"N",TRUE
871,"N",4.49376756059784e-10,"N",TRUE
867,"N",0.00387056583853536,"N",TRUE
865,"N",0.00536822132224211,"N",TRUE
862,"N",1.41223780243696e-10,"N",TRUE
861,"N",0.00965522248590645,"N",TRUE
860,"N",0.00161048456088971,"N",TRUE
859,"N",0.0569335293779738,"N",TRUE
856,"N",2.22044604925031e-16,"N",TRUE
850,"N",0.0103963372039553,"N",TRUE
849,"N",0.0123143749843794,"N",TRUE
845,"N",2.22044604925031e-16,"N",TRUE
838,"N",0.211336649085199,"N",TRUE
938,"N",0.0956740695646307,"N",TRUE
937,"N",4.30530024966956e-10,"N",TRUE
932,"N",0.0120401016303035,"N",TRUE
928,"N",7.18624265159743e-10,"N",TRUE
925,"N",2.22044604925031e-16,"N",TRUE
924,"Y",0.999999999849192,"Y",TRUE
922,"N",2.22044604925031e-16,"N",TRUE
962,"N",0.318461178926547,"N",TRUE
957,"N",4.30391210492454e-10,"N",TRUE
953,"N",0.0216412805299693,"N",TRUE
949,"N",2.22044604925031e-16,"N",TRUE
946,"N",0.259765644648821,"N",TRUE
941,"N",0.82025221951845,"Y",FALSE
1060,"N",0.0173765805453828,"N",TRUE
1058,"N",4.30501014575579e-10,"N",TRUE
1057,"N",4.30504261834628e-10,"N",TRUE
1054,"N",0.0388084698228806,"N",TRUE
1053,"Y",0.985736111942035,"Y",TRUE
1047,"N",2.22044604925031e-16,"N",TRUE
1043,"N",0.00464507359185635,"N",TRUE
1035,"Y",0.823602597784746,"Y",TRUE
1032,"N",0.00809465430165717,"N",TRUE
1031,"N",0.0247424642683926,"N",TRUE
1027,"N",4.30543422641422e-10,"N",TRUE
1025,"N",3.21939236710178e-10,"N",TRUE
1019,"Y",0.15899365659113,"N",FALSE
1014,"N",0.00030497514085609,"N",TRUE
1006,"Y",0.798815104798539,"Y",TRUE
1005,"N",0.000677715275767409,"N",TRUE
1003,"N",0.825810713504931,"Y",FALSE
997,"N",0.0733371878593561,"N",TRUE
994,"N",1.46163248004331e-10,"N",TRUE
991,"N",1.70297868546396e-06,"N",TRUE
986,"Y",0.81407453964881,"Y",TRUE
982,"N",0.00418977882313938,"N",TRUE
978,"N",2.22044604925031e-16,"N",TRUE
967,"N",0.400686501657247,"N",TRUE
966,"Y",0.999999999357302,"Y",TRUE
1145,"N",4.30504237672412e-10,"N",TRUE
1142,"N",0.0476272847285933,"N",TRUE
1138,"N",4.25345598207883e-06,"N",TRUE
1136,"N",4.30498637278629e-10,"N",TRUE
1132,"Y",0.559684227913469,"Y",TRUE
1123,"N",0.00105932495357106,"N",TRUE
1120,"N",0.0238537977798545,"N",TRUE
1117,"N",0.363333804700843,"N",TRUE
1103,"N",1.48434965821514e-10,"N",TRUE
1099,"N",2.22044604925031e-16,"N",TRUE
1097,"N",0.00072790780824119,"N",TRUE
1096,"Y",0.248258531382938,"N",FALSE
1092,"Y",0.156305202317421,"N",FALSE
1089,"N",0.0570808663584703,"N",TRUE
1087,"N",0.01620347371779,"N",TRUE
1080,"N",1.48228129997556e-13,"N",TRUE
1074,"N",2.22044604925031e-16,"N",TRUE
1072,"N",4.30505475466861e-10,"N",TRUE
1071,"N",2.22044604925031e-16,"N",TRUE
1070,"N",0.174793753941785,"N",TRUE
1228,"N",4.30504738166361e-10,"N",TRUE
1227,"N",4.30504316048506e-10,"N",TRUE
1226,"N",4.30500893196394e-10,"N",TRUE
1225,"N",4.30505487631776e-10,"N",TRUE
1219,"N",0.0508528294122768,"N",TRUE
1217,"N",9.31466881895757e-11,"N",TRUE
1214,"N",6.24659637919126e-10,"N",TRUE
1213,"N",0.00413083529996703,"N",TRUE
1210,"N",0.0577123557731726,"N",TRUE
1208,"N",0.0712692511664476,"N",TRUE
1202,"N",0.00649011194607103,"N",TRUE
1201,"N",0.00390995432203971,"N",TRUE
1198,"N",0.145460035709673,"N",TRUE
1195,"Y",0.159115795790294,"N",FALSE
1192,"N",0.00029311364391008,"N",TRUE
1189,"N",0.00573603422401861,"N",TRUE
1185,"N",0.00055872947421789,"N",TRUE
1184,"N",2.22044604925031e-16,"N",TRUE
1179,"N",0.814481152064295,"Y",FALSE
1170,"N",0.00032031831747744,"N",TRUE
1169,"N",0.018972507231203,"N",TRUE
1167,"Y",0.851973234768566,"Y",TRUE
1161,"N",2.22044604925031e-16,"N",TRUE
1159,"N",0.00422232417948121,"N",TRUE
1153,"N",0.438948778272019,"N",TRUE
1152,"N",0.324694099986639,"N",TRUE
1151,"N",0.211305111421399,"N",TRUE
1322,"N",0.772496496098533,"Y",FALSE
1320,"N",4.30497309723045e-10,"N",TRUE
1319,"N",0.00148460357464982,"N",TRUE
1318,"N",0.000652688921755551,"N",TRUE
1313,"N",0.0078268086779591,"N",TRUE
1310,"N",2.22044604925031e-16,"N",TRUE
1307,"N",0.181911961855204,"N",TRUE
1306,"Y",0.864567405099617,"Y",TRUE
1298,"Y",0.858511329382934,"Y",TRUE
1296,"N",0.000965640112401627,"N",TRUE
1295,"N",0.0499299407402248,"N",TRUE
1293,"N",2.22044604925031e-16,"N",TRUE
1282,"N",0.000289867050194332,"N",TRUE
1280,"N",0.00969330395377808,"N",TRUE
1279,"N",4.30498492283585e-10,"N",TRUE
1274,"N",2.6444725115553e-10,"N",TRUE
1273,"Y",0.323589188021378,"N",FALSE
1270,"Y",0.615896211422479,"Y",TRUE
1268,"N",0.0158035405132935,"N",TRUE
1265,"N",0.0010855494668765,"N",TRUE
1263,"Y",0.877475375604266,"Y",TRUE
1262,"N",0.00626292133049519,"N",TRUE
1260,"N",0.155150885753642,"N",TRUE
1259,"N",0.00573445784984416,"N",TRUE
1255,"Y",2.92490410939419e-05,"N",FALSE
1252,"N",5.93613482721599e-09,"N",TRUE
1249,"N",0.0339161472112563,"N",TRUE
1247,"N",2.22044604925031e-16,"N",TRUE
1246,"Y",0.300347127634655,"N",FALSE
1245,"N",2.22044604925031e-16,"N",TRUE
1241,"N",0.617639492236584,"Y",FALSE
1237,"N",0.470016067346423,"N",TRUE
1236,"N",0.0493240321606868,"N",TRUE
1234,"N",0.212345154456672,"N",TRUE
1411,"N",0.017572674518654,"N",TRUE
1410,"N",0.00243501763749776,"N",TRUE
1409,"N",4.30498810901941e-10,"N",TRUE
1408,"N",4.30493493358298e-10,"N",TRUE
1404,"Y",0.284981799496076,"N",FALSE
1403,"Y",0.865427280367839,"Y",TRUE
1402,"N",0.00197720101918257,"N",TRUE
1401,"N",0.000740390807606416,"N",TRUE
1400,"N",2.22044604925031e-16,"N",TRUE
1395,"N",0.232777559815214,"N",TRUE
1379,"N",2.22044604925031e-16,"N",TRUE
1377,"N",0.00126177028419069,"N",TRUE
1373,"N",0.522670059508285,"Y",FALSE
1370,"N",0.000250304818813667,"N",TRUE
1369,"N",0.558149734649344,"Y",FALSE
1363,"N",0.000791542993054728,"N",TRUE
1359,"N",0.00072834747429286,"N",TRUE
1355,"N",0.686346450372708,"Y",FALSE
1354,"N",0.261619043756458,"N",TRUE
1353,"N",0.00569828650241909,"N",TRUE
1351,"N",0.000179467783824957,"N",TRUE
1346,"N",0.00719295639708927,"N",TRUE
1345,"N",3.72987585700882e-05,"N",TRUE
1343,"N",1.46249345331128e-05,"N",TRUE
1337,"N",1.79820353882537e-13,"N",TRUE
1336,"N",0.0125637317731038,"N",TRUE
1335,"N",0.0172004719359729,"N",TRUE
1329,"N",4.30503974029446e-10,"N",TRUE
1434,"N",1.1975675896401e-11,"N",TRUE
1433,"Y",0.886533658731777,"Y",TRUE
1432,"N",1.17900086079516e-10,"N",TRUE
1431,"N",7.57309969047892e-11,"N",TRUE
1426,"N",5.53412342489324e-11,"N",TRUE
1419,"Y",0.815372733684971,"Y",TRUE
1479,"N",4.30503344991405e-10,"N",TRUE
1476,"N",1.21402794701259e-10,"N",TRUE
1472,"N",7.80594911555524e-11,"N",TRUE
1470,"N",0.141459232718002,"N",TRUE
1468,"N",4.3050374544437e-10,"N",TRUE
1465,"N",1.69714503066615e-10,"N",TRUE
1461,"N",0.0397753662571826,"N",TRUE
1454,"N",0.328001398183017,"N",TRUE
1449,"Y",0.918131466587369,"Y",TRUE
1446,"N",0.00888134498919444,"N",TRUE
1443,"N",0.00861138978482248,"N",TRUE
1440,"Y",0.844607387379269,"Y",TRUE
1599,"N",0.00270263297892516,"N",TRUE
1598,"N",4.30540772135161e-10,"N",TRUE
1596,"Y",0.6340481435129,"Y",TRUE
1594,"N",0.00168560728871953,"N",TRUE
1593,"N",0.0814019836821231,"N",TRUE
1592,"N",4.30511545096211e-10,"N",TRUE
1589,"N",0.0698506503497767,"N",TRUE
1588,"Y",0.0783609224348062,"N",FALSE
1587,"N",0.418997717358677,"N",TRUE
1580,"N",0.00797870105287961,"N",TRUE
1579,"N",0.00958185159434635,"N",TRUE
1576,"N",0.0421189613312991,"N",TRUE
1566,"N",0.00749006743865116,"N",TRUE
1563,"N",4.30540707313673e-10,"N",TRUE
1558,"Y",0.804235611663393,"Y",TRUE
1556,"N",0.0323126040676033,"N",TRUE
1554,"N",0.00474183269934901,"N",TRUE
1547,"N",0.00366897989062716,"N",TRUE
1544,"N",0.00851149348097947,"N",TRUE
1540,"N",0.034149280644227,"N",TRUE
1538,"N",0.00115106920137058,"N",TRUE
1534,"N",0.0250566635038143,"N",TRUE
1532,"N",0.108077772057574,"N",TRUE
1529,"Y",0.703147933252612,"Y",TRUE
1526,"Y",0.298460373402505,"N",FALSE
1525,"N",0.387610746673944,"N",TRUE
1524,"N",0.00517337759913101,"N",TRUE
1520,"N",0.0272950169871253,"N",TRUE
1519,"N",1.41605344332249e-10,"N",TRUE
1516,"N",0.00253079035158505,"N",TRUE
1515,"N",0.0792166655632191,"N",TRUE
1511,"N",0.00877716572250912,"N",TRUE
1509,"N",2.40698901916088e-10,"N",TRUE
1505,"N",0.0362261147769807,"N",TRUE
1498,"N",2.22044604925031e-16,"N",TRUE
1492,"N",0.00312734381686084,"N",TRUE
1490,"N",0.00602486292502424,"N",TRUE
1489,"Y",0.0838528835476212,"N",FALSE
1488,"N",0.34007050395431,"N",TRUE
1486,"Y",0.258154486305446,"N",FALSE
1481,"N",3.77735742963446e-05,"N",TRUE
1725,"N",0.0818583434938119,"N",TRUE
1719,"N",0.0385018177983784,"N",TRUE
1714,"N",0.721983581144413,"Y",FALSE
1711,"N",0.0155943242145368,"N",TRUE
1710,"N",4.30499297145831e-10,"N",TRUE
1709,"N",2.22044604925031e-16,"N",TRUE
1700,"N",0.00797264091763786,"N",TRUE
1685,"N",0.680087449370283,"Y",FALSE
1683,"N",0.0147078015218804,"N",TRUE
1679,"N",4.06293256859527e-10,"N",TRUE
1677,"N",0.810349871058003,"Y",FALSE
1672,"N",0.00342864573868797,"N",TRUE
1671,"N",9.17441854758018e-12,"N",TRUE
1667,"N",0.801390728112297,"Y",FALSE
1666,"N",0.135534298832162,"N",TRUE
1665,"N",0.0203708177396832,"N",TRUE
1664,"N",0.0503235716508769,"N",TRUE
1660,"N",3.78235616412283e-10,"N",TRUE
1658,"N",0.143314529075348,"N",TRUE
1655,"Y",0.823912436896827,"Y",TRUE
1652,"N",0.00834517100269257,"N",TRUE
1651,"N",8.42090567893946e-11,"N",TRUE
1645,"N",0.0124545259194626,"N",TRUE
1639,"N",1,"Y",FALSE
1637,"N",0.0219029354750964,"N",TRUE
1634,"N",0.0308424334573743,"N",TRUE
1630,"N",4.30266255842429e-10,"N",TRUE
1629,"N",2.22044604925031e-16,"N",TRUE
1625,"N",2.22044604925031e-16,"N",TRUE
1622,"N",0.00959210542268924,"N",TRUE
1621,"N",0.452663055113459,"N",TRUE
1620,"N",1.63777656121569e-10,"N",TRUE
1619,"N",0.0241137486157782,"N",TRUE
1617,"N",0.0310358625232027,"N",TRUE
1616,"N",0.00330529370800537,"N",TRUE
1613,"N",0.0260083889440764,"N",TRUE
1611,"N",0.573588103520332,"Y",FALSE
1608,"Y",0.657317425050667,"Y",TRUE
1851,"Y",0.93012683525914,"Y",TRUE
1844,"N",0.00723922738216217,"N",TRUE
1843,"Y",0.998037514741274,"Y",TRUE
1836,"N",0.00136881268214533,"N",TRUE
1830,"N",2.22044604925031e-16,"N",TRUE
1826,"N",4.30460373511729e-10,"N",TRUE
1815,"Y",0.836380257022589,"Y",TRUE
1813,"N",2.12279773235542e-11,"N",TRUE
1812,"N",6.1998540362021e-05,"N",TRUE
1810,"N",0.0241787546888874,"N",TRUE
1805,"N",0.154160549717601,"N",TRUE
1804,"N",0.00840339771844319,"N",TRUE
1800,"N",2.71040140065052e-10,"N",TRUE
1796,"N",0.000477247466685121,"N",TRUE
1794,"N",0.000142710828075711,"N",TRUE
1793,"N",1.4442199358968e-11,"N",TRUE
1788,"N",0.00149452151294351,"N",TRUE
1779,"N",0.00261892645738091,"N",TRUE
1772,"N",0.0166210331558067,"N",TRUE
1768,"N",0.0763430627981348,"N",TRUE
1766,"N",6.01576505005748e-05,"N",TRUE
1763,"N",0.12841976019516,"N",TRUE
1761,"N",4.44234048868946e-05,"N",TRUE
1754,"N",0.00591781083662674,"N",TRUE
1749,"N",0.000622933488391987,"N",TRUE
1744,"N",0.000703796887820518,"N",TRUE
1741,"N",2.22044604925031e-16,"N",TRUE
1740,"N",0.721402330760406,"Y",FALSE
1739,"N",5.78229665251078e-11,"N",TRUE
1735,"N",0.0252498670911742,"N",TRUE
1734,"N",0.0895194744165235,"N",TRUE
1732,"N",1.60855959765843e-06,"N",TRUE
1961,"N",4.30498225896609e-10,"N",TRUE
1956,"N",4.30505330909534e-10,"N",TRUE
1953,"N",0.0507485004707504,"N",TRUE
1946,"N",1.61869960112135e-09,"N",TRUE
1941,"N",0.00969071376877752,"N",TRUE
1936,"N",2.17995931078741e-10,"N",TRUE
1935,"N",0.0199524581459535,"N",TRUE
1933,"N",4.30511317581577e-10,"N",TRUE
1931,"Y",0.831873961543795,"Y",TRUE
1930,"Y",0.610102413171622,"Y",TRUE
1928,"Y",2.15507894622018e-09,"N",FALSE
1927,"Y",0.845072874440665,"Y",TRUE
1926,"N",3.93580380757281e-10,"N",TRUE
1924,"N",0.0040016290948996,"N",TRUE
1916,"N",0.00642303182919541,"N",TRUE
1915,"Y",0.79966499775455,"Y",TRUE
1913,"N",2.22044604925031e-16,"N",TRUE
1911,"N",0.00940988334115031,"N",TRUE
1909,"N",0.0111255728420762,"N",TRUE
1905,"N",0.207686151772915,"N",TRUE
1904,"N",0.013756628906069,"N",TRUE
1903,"Y",0.836379700999163,"Y",TRUE
1902,"N",0.00940790047601512,"N",TRUE
1901,"N",7.58963842069607e-12,"N",TRUE
1899,"N",0.0101467486358808,"N",TRUE
1893,"N",1.73670177224883e-10,"N",TRUE
1891,"Y",0.631447253458284,"Y",TRUE
1890,"Y",0.604650625342375,"Y",TRUE
1884,"N",0.0177873406759478,"N",TRUE
1881,"N",0.00274991443168323,"N",TRUE
1879,"N",0.000605838156131602,"N",TRUE
1878,"N",0.255515977152705,"N",TRUE
1877,"N",0.0443730345449467,"N",TRUE
1872,"N",9.58357718234137e-05,"N",TRUE
1870,"N",0.731551024029738,"Y",FALSE
1868,"N",1.61468324091627e-13,"N",TRUE
1865,"N",2.22044604925031e-16,"N",TRUE
1863,"N",2.22044604925031e-16,"N",TRUE
1862,"N",2.22044604925031e-16,"N",TRUE
1855,"N",0.599626081230145,"Y",FALSE
1853,"Y",0.99999999914285,"Y",TRUE
1852,"N",0.00867068459001002,"N",TRUE
2076,"N",4.30503279458799e-10,"N",TRUE
2069,"N",7.08173840580267e-09,"N",TRUE
2068,"N",0.00976065255206932,"N",TRUE
2060,"Y",0.245911030146446,"N",FALSE
2058,"N",0.0728224258810505,"N",TRUE
2056,"N",0.264993542054301,"N",TRUE
2052,"Y",0.120218118819487,"N",FALSE
2048,"N",0.0690260661714086,"N",TRUE
2047,"N",4.30546742580015e-10,"N",TRUE
2041,"N",0.0573676055955563,"N",TRUE
2039,"N",6.02867622984345e-10,"N",TRUE
2038,"N",0.0825560865396898,"N",TRUE
2036,"N",0.0161553509185052,"N",TRUE
2034,"N",0.025458648201765,"N",TRUE
2033,"N",0.0161825736199358,"N",TRUE
2028,"N",0.0267243285378276,"N",TRUE
2026,"Y",0.0122113543085035,"N",FALSE
2021,"N",0.0256409590970875,"N",TRUE
2016,"N",4.30512753865413e-10,"N",TRUE
2013,"N",0.234411059852918,"N",TRUE
2011,"N",0.0361108634338985,"N",TRUE
2010,"N",0.0648630366287165,"N",TRUE
2008,"N",0.0273400957994125,"N",TRUE
2007,"Y",0.486272668360273,"N",FALSE
2006,"N",0.000104024346475613,"N",TRUE
2005,"N",4.30519152696625e-10,"N",TRUE
2001,"N",0.0204105866909924,"N",TRUE
1999,"N",0.000536932293817264,"N",TRUE
1996,"Y",0.663143159735981,"Y",TRUE
1994,"N",2.88287158715063e-08,"N",TRUE
1993,"N",2.32772030706107e-10,"N",TRUE
1990,"N",6.59952496426232e-09,"N",TRUE
1984,"N",0.00876266972479236,"N",TRUE
1983,"N",0.0234412402914221,"N",TRUE
1980,"N",0.00318375984096408,"N",TRUE
1978,"N",0.0133551153018408,"N",TRUE
1977,"N",2.22044604925031e-16,"N",TRUE
1973,"N",0.0164743559537124,"N",TRUE
1972,"N",0.0369149897763182,"N",TRUE
1970,"N",0.00719243567396956,"N",TRUE
1968,"N",2.89251092890488e-05,"N",TRUE
2104,"N",4.30530239924343e-10,"N",TRUE
2103,"Y",0.940168160764252,"Y",TRUE
2098,"N",2.22044604925031e-16,"N",TRUE
2095,"N",0.00849677885522776,"N",TRUE
2092,"N",2.17514280451968e-10,"N",TRUE
2091,"N",4.93352383181649e-11,"N",TRUE
2088,"Y",0.202675936383462,"N",FALSE
2086,"N",0.00669473536772785,"N",TRUE
2085,"N",0.0202859711181561,"N",TRUE
2082,"N",0.00343089826563499,"N",TRUE
2124,"N",5.21871882813307e-11,"N",TRUE
2123,"Y",0.128896460804756,"N",FALSE
2122,"N",0.670812364387091,"Y",FALSE
2118,"N",1.33209127785029e-10,"N",TRUE
2116,"N",2.22044604925031e-16,"N",TRUE
2115,"Y",0.999999999720805,"Y",TRUE
2114,"N",2.22044604925031e-16,"N",TRUE
2109,"Y",0.58676139371999,"Y",TRUE
2108,"N",0.0567290010094371,"N",TRUE
2107,"N",0.0212805481377223,"N",TRUE
2242,"N",0.00552577279950559,"N",TRUE
2240,"N",0.0356360121369038,"N",TRUE
2235,"N",0.00707967765138485,"N",TRUE
2231,"N",0.000568971959542477,"N",TRUE
2229,"N",0.00243200271576324,"N",TRUE
2226,"N",0.36694577925533,"N",TRUE
2224,"N",3.62849747783999e-09,"N",TRUE
2221,"N",4.74046891256355e-11,"N",TRUE
2220,"N",0.113780271465807,"N",TRUE
2218,"N",0.0675598216684836,"N",TRUE
2216,"N",0.00762099847527027,"N",TRUE
2214,"N",0.000951966010992154,"N",TRUE
2213,"N",0.0614810503026434,"N",TRUE
2211,"N",0.0728811857984055,"N",TRUE
2208,"N",4.30553243872659e-10,"N",TRUE
2206,"N",0.00727896807721017,"N",TRUE
2203,"Y",0.873907443931452,"Y",TRUE
2201,"N",0.000553920147309831,"N",TRUE
2200,"N",0.000432631383491667,"N",TRUE
2190,"N",1.84411805072721e-10,"N",TRUE
2183,"N",5.18271755310376e-10,"N",TRUE
2177,"N",0.0021981595829712,"N",TRUE
2171,"Y",0.793713264652921,"Y",TRUE
2169,"N",0.000935173926632696,"N",TRUE
2163,"N",2.22044604925031e-16,"N",TRUE
2160,"N",0.00015704117821839,"N",TRUE
2157,"N",5.0841860695872e-05,"N",TRUE
2155,"N",0.0197506173942156,"N",TRUE
2151,"N",3.14609390516837e-13,"N",TRUE
2147,"Y",0.933054629405792,"Y",TRUE
2146,"N",0.364569646240724,"N",TRUE
2138,"N",0.00575285309308042,"N",TRUE
2136,"N",0.205108050169347,"N",TRUE
2134,"N",0.399755157186483,"N",TRUE
2338,"N",0.00193438186769569,"N",TRUE
2337,"N",4.30503211026958e-10,"N",TRUE
2331,"N",0.0543712340557432,"N",TRUE
2330,"Y",0.186151699370058,"N",FALSE
2328,"N",8.31114576126027e-09,"N",TRUE
2325,"N",1.55829710757122e-10,"N",TRUE
2320,"N",0.0258608753632676,"N",TRUE
2313,"N",0.00231183113091225,"N",TRUE
2311,"N",0.0683538803199301,"N",TRUE
2310,"N",0.130213636265532,"N",TRUE
2309,"N",0.0183678923363402,"N",TRUE
2306,"Y",0.882310056054267,"Y",TRUE
2302,"N",0.000336903161507045,"N",TRUE
2299,"N",0.0292342911195908,"N",TRUE
2295,"N",0.00507999856097704,"N",TRUE
2292,"N",0.000855069269379603,"N",TRUE
2291,"Y",0.560900067101415,"Y",TRUE
2290,"N",0.000280823974174868,"N",TRUE
2289,"N",4.30528497444797e-10,"N",TRUE
2288,"N",0.02450625099847,"N",TRUE
2286,"N",2.22044604925031e-16,"N",TRUE
2284,"N",1.10931260281047e-12,"N",TRUE
2279,"N",0.0649791260978953,"N",TRUE
2277,"Y",0.150052086229427,"N",FALSE
2272,"N",0.00532076389316144,"N",TRUE
2264,"N",2.22044604925031e-16,"N",TRUE
2260,"N",0.0110473247864091,"N",TRUE
2255,"N",0.343575321214693,"N",TRUE
2252,"N",0.0259311831230361,"N",TRUE
2250,"N",0.208076661187002,"N",TRUE
2248,"N",0.37620897895138,"N",TRUE
2247,"Y",0.999999999473951,"Y",TRUE
2246,"N",2.22044604925031e-16,"N",TRUE
2245,"N",4.30504968822796e-10,"N",TRUE
2444,"N",0.0443321220157634,"N",TRUE
2442,"N",0.00239485813052102,"N",TRUE
2439,"N",4.30453727405402e-10,"N",TRUE
2437,"N",1.31908973275468e-08,"N",TRUE
2434,"Y",0.160856644193884,"N",FALSE
2432,"N",0.252959274054156,"N",TRUE
2429,"N",0.100625146743362,"N",TRUE
2428,"N",0.000172265681132871,"N",TRUE
2427,"N",1.2488864241568e-11,"N",TRUE
2421,"N",0.226253083975208,"N",TRUE
2417,"N",0.000708490485542057,"N",TRUE
2416,"N",0.00312167947322098,"N",TRUE
2414,"Y",0.428106768762749,"N",FALSE
2412,"N",0.338135248946539,"N",TRUE
2405,"N",0.00217593849292008,"N",TRUE
2403,"N",0.143433262979492,"N",TRUE
2399,"N",0.0019695847839802,"N",TRUE
2397,"N",2.22044604925031e-16,"N",TRUE
2389,"N",0.000685538748765064,"N",TRUE
2387,"N",0.00651116659757373,"N",TRUE
2386,"N",0.0373839946038139,"N",TRUE
2382,"N",0.801833445854362,"Y",FALSE
2381,"N",0.0395889411054581,"N",TRUE
2379,"N",0.0112925735570125,"N",TRUE
2378,"N",0.0219520475975867,"N",TRUE
2377,"Y",0.844647320755631,"Y",TRUE
2374,"N",0.00616082579865677,"N",TRUE
2371,"N",0.60198647393213,"Y",FALSE
2364,"Y",0.793534985384137,"Y",TRUE
2360,"N",0.00422895315470433,"N",TRUE
2357,"Y",0.18124985818464,"N",FALSE
2352,"N",8.97110702620488e-11,"N",TRUE
2348,"Y",0.0338151301145183,"N",FALSE
2347,"N",0.348687503782964,"N",TRUE
2345,"N",9.01818600361814e-05,"N",TRUE
2546,"N",0.034692360674984,"N",TRUE
2543,"N",4.30504154732318e-10,"N",TRUE
2538,"Y",2.22044604925031e-16,"N",FALSE
2533,"N",0.0333172940854953,"N",TRUE
2530,"N",0.0316440978413135,"N",TRUE
2527,"Y",0.0370222569435328,"N",FALSE
2526,"N",0.028074505972243,"N",TRUE
2525,"N",0.000258843288524039,"N",TRUE
2523,"N",0.0110174339047365,"N",TRUE
2515,"Y",0.53070786442223,"Y",TRUE
2514,"N",0.0981402189953295,"N",TRUE
2511,"N",0.0289422511779939,"N",TRUE
2509,"N",2.25062831353419e-06,"N",TRUE
2507,"N",0.0374172565449727,"N",TRUE
2506,"N",4.30538473035714e-10,"N",TRUE
2502,"N",0.0310724701973537,"N",TRUE
2497,"N",0.0774434603221306,"N",TRUE
2487,"N",0.000713482177503526,"N",TRUE
2485,"N",1.86271822980935e-10,"N",TRUE
2483,"N",0.671081763246513,"Y",FALSE
2481,"N",0.0190218889418153,"N",TRUE
2479,"N",0.25128385065905,"N",TRUE
2477,"N",1.61886053983314e-05,"N",TRUE
2475,"N",4.30477623874575e-10,"N",TRUE
2474,"N",0.017725963905323,"N",TRUE
2467,"Y",0.942983594364548,"Y",TRUE
2465,"Y",0.834343175838922,"Y",TRUE
2461,"N",0.0455713125784542,"N",TRUE
2459,"N",0.00260137586055383,"N",TRUE
2458,"Y",0.320278417191005,"N",FALSE
2648,"N",4.30509007364811e-10,"N",TRUE
2647,"N",0.0127308084015706,"N",TRUE
2646,"N",0.00360487403059697,"N",TRUE
2645,"N",0.373914825221646,"N",TRUE
2644,"N",4.304982882602e-10,"N",TRUE
2641,"N",0.0460535813022034,"N",TRUE
2636,"N",0.00914191786617084,"N",TRUE
2633,"N",1.57609441490615e-09,"N",TRUE
2632,"N",0.0733480186726055,"N",TRUE
2625,"N",0.0268730393572623,"N",TRUE
2624,"N",0.0928106184505723,"N",TRUE
2619,"Y",0.823125777658611,"Y",TRUE
2617,"N",3.98373380681773e-10,"N",TRUE
2613,"N",0.0153971131988752,"N",TRUE
2612,"Y",0.591177391267394,"Y",TRUE
2611,"N",0.0313166808033992,"N",TRUE
2604,"Y",0.111175154369819,"N",FALSE
2597,"N",2.22044604925031e-16,"N",TRUE
2595,"N",0.0296390051841954,"N",TRUE
2593,"N",0.110280910178653,"N",TRUE
2584,"N",0.00247580950362726,"N",TRUE
2583,"Y",0.918607307694167,"Y",TRUE
2580,"N",0.178439730161747,"N",TRUE
2574,"N",0.00374734974500201,"N",TRUE
2571,"N",0.0567704875674628,"N",TRUE
2566,"N",0.0459319942705865,"N",TRUE
2564,"N",0.0683605419906126,"N",TRUE
2561,"N",0.232793357892165,"N",TRUE
2663,"N",2.83640339727213e-10,"N",TRUE
2659,"N",2.22044604925031e-16,"N",TRUE
2653,"N",0.999446538815528,"Y",FALSE
2651,"Y",0.999999999929291,"Y",TRUE
2686,"N",3.53886617552042e-10,"N",TRUE
2684,"N",2.22044604925031e-16,"N",TRUE
2679,"N",4.30493780958998e-10,"N",TRUE
2676,"N",2.03906378629372e-09,"N",TRUE
2674,"N",0.00431003317102625,"N",TRUE
2671,"Y",0.88497253838837,"Y",TRUE
2668,"N",0.774127415118006,"Y",FALSE
2666,"N",2.22044604925031e-16,"N",TRUE
2665,"Y",0.738599634459159,"Y",TRUE
2789,"N",4.30509530817941e-10,"N",TRUE
2787,"N",0.0670482024497861,"N",TRUE
2785,"N",0.0367304349650061,"N",TRUE
2779,"N",0.0552478917588643,"N",TRUE
2774,"N",2.5606729513298e-10,"N",TRUE
2773,"N",0.0794383657132032,"N",TRUE
2770,"N",0.00708090928725609,"N",TRUE
2766,"N",0.00827137299020645,"N",TRUE
2763,"Y",0.848067514929547,"Y",TRUE
2762,"N",0.425699375555167,"N",TRUE
2760,"N",0.0309557404141513,"N",TRUE
2758,"N",0.00157715104902794,"N",TRUE
2754,"N",0.0279515183146285,"N",TRUE
2744,"N",2.22044604925031e-16,"N",TRUE
2741,"N",0.00767748882165695,"N",TRUE
2740,"N",0.057258407460661,"N",TRUE
2735,"N",0.00475462086069158,"N",TRUE
2722,"N",0.0186104890303183,"N",TRUE
2720,"N",4.30436180944122e-10,"N",TRUE
2716,"Y",0.74530251212157,"Y",TRUE
2712,"N",3.45050175426556e-10,"N",TRUE
2711,"N",1.20786764813176e-10,"N",TRUE
2709,"Y",0.822935003719158,"Y",TRUE
2708,"N",0.801141099456997,"Y",FALSE
2707,"Y",0.918242266625751,"Y",TRUE
2705,"N",2.22044604925031e-16,"N",TRUE
2701,"N",2.22044604925031e-16,"N",TRUE
2697,"N",2.22044604925031e-16,"N",TRUE
2694,"Y",0.271789155697565,"N",FALSE
2692,"N",9.67908029634937e-05,"N",TRUE
2889,"N",0.0202948638046318,"N",TRUE
2888,"N",4.30498414630646e-10,"N",TRUE
2884,"N",0.0539776996674706,"N",TRUE
2862,"N",6.48406844960471e-05,"N",TRUE
2857,"N",0.0242318158825347,"N",TRUE
2856,"N",4.30544049572823e-10,"N",TRUE
2849,"Y",0.0665342119555888,"N",FALSE
2847,"Y",0.654151932091494,"Y",TRUE
2845,"N",0.00070249726041734,"N",TRUE
2844,"N",0.0105395878388305,"N",TRUE
2838,"N",1.27350560373255e-12,"N",TRUE
2832,"Y",0.579216067476507,"Y",TRUE
2830,"N",0.00215652247463452,"N",TRUE
2829,"N",0.0102195240812894,"N",TRUE
2828,"N",0.0141478801177333,"N",TRUE
2827,"N",0.0410614068549252,"N",TRUE
2822,"N",0.00678415312425359,"N",TRUE
2819,"N",0.478599730097872,"N",TRUE
2818,"N",0.000802616010971645,"N",TRUE
2817,"Y",0.214757080383502,"N",FALSE
2810,"N",0.00177274675420352,"N",TRUE
2801,"N",2.22044604925031e-16,"N",TRUE
2800,"N",0.332385318683557,"N",TRUE
2790,"Y",0.911139352803239,"Y",TRUE
2984,"N",4.30510997705418e-10,"N",TRUE
2975,"N",0.13711768665146,"N",TRUE
2974,"N",2.22044604925031e-16,"N",TRUE
2973,"N",0.0597499045271142,"N",TRUE
2971,"N",4.30455235942741e-10,"N",TRUE
2969,"N",0.0237877436786701,"N",TRUE
2968,"N",2.22044604925031e-16,"N",TRUE
2966,"N",0.0137309317418142,"N",TRUE
2965,"Y",0.734272037424938,"Y",TRUE
2960,"N",0.115454602597775,"N",TRUE
2956,"N",2.22044604925031e-16,"N",TRUE
2955,"N",0.210600826883859,"N",TRUE
2954,"N",0.0300760194017977,"N",TRUE
2953,"N",1.21037565066346e-10,"N",TRUE
2951,"N",0.000530778957857506,"N",TRUE
2950,"N",0.00109076347073021,"N",TRUE
2948,"N",0.151184090525461,"N",TRUE
2947,"N",0.001729266493103,"N",TRUE
2945,"Y",1,"Y",TRUE
2944,"N",0.0426607614223586,"N",TRUE
2936,"Y",0.799320413293839,"Y",TRUE
2931,"N",5.52125590420053e-11,"N",TRUE
2929,"N",0.0383072638240944,"N",TRUE
2927,"N",0.00256992111019112,"N",TRUE
2926,"N",4.30518217153678e-10,"N",TRUE
2924,"N",0.173851814350834,"N",TRUE
2923,"N",0.0336586774440415,"N",TRUE
2922,"N",0.00339535866405147,"N",TRUE
2921,"N",1.891918991688e-12,"N",TRUE
2914,"N",0.0503316638133369,"N",TRUE
2909,"N",4.36494383811897e-10,"N",TRUE
2908,"N",0.435859289611345,"N",TRUE
2905,"N",2.22044604925031e-16,"N",TRUE
2901,"Y",0.645761365928299,"Y",TRUE
2897,"Y",0.555542305666737,"Y",TRUE
2893,"N",0.00607287759722478,"N",TRUE
3085,"N",0.0723758841238304,"N",TRUE
3077,"N",0.0514663479791887,"N",TRUE
3076,"Y",0.027178439825069,"N",FALSE
3075,"N",0.00997762920556588,"N",TRUE
3074,"Y",0.060395894627259,"N",FALSE
3072,"N",4.30501631986029e-10,"N",TRUE
3060,"N",0.108687198358785,"N",TRUE
3053,"N",0.205930352786865,"N",TRUE
3050,"Y",0.719304787589866,"Y",TRUE
3043,"N",6.89510610732953e-10,"N",TRUE
3042,"N",0.00522649087715027,"N",TRUE
3037,"N",0.0121996888975735,"N",TRUE
3035,"Y",0.56037188224046,"Y",TRUE
3033,"N",0.0605873310190288,"N",TRUE
3030,"N",0.0262722361184781,"N",TRUE
3026,"N",5.30629026580352e-10,"N",TRUE
3025,"N",0.99998460758959,"Y",FALSE
3022,"Y",0.692519982317259,"Y",TRUE
3021,"N",0.0312041489387936,"N",TRUE
3020,"N",0.0647653935281193,"N",TRUE
3016,"N",0.00424621718228605,"N",TRUE
3011,"N",0.000370489666900038,"N",TRUE
3009,"N",0.0200251528644419,"N",TRUE
3006,"Y",0.916774916288257,"Y",TRUE
3002,"N",9.13858593598465e-11,"N",TRUE
3001,"N",0.0197482092445763,"N",TRUE
2997,"N",0.413357002292113,"N",TRUE
2996,"N",0.0787932667400896,"N",TRUE
2994,"N",0.000935766842265579,"N",TRUE
2991,"Y",0.417755879124884,"N",FALSE
2987,"N",0.00614401470215397,"N",TRUE
3178,"N",0.0579839408647072,"N",TRUE
3175,"N",4.30504896587718e-10,"N",TRUE
3174,"N",4.30498387905948e-10,"N",TRUE
3173,"N",0.0462972084981326,"N",TRUE
3163,"N",1.51942459913536e-09,"N",TRUE
3160,"Y",0.794568562228001,"Y",TRUE
3157,"N",0.0435689961750795,"N",TRUE
3156,"Y",0.118859303417304,"N",FALSE
3154,"N",3.01355184195879e-10,"N",TRUE
3153,"N",0.127322641108635,"N",TRUE
3150,"N",1.37001304989234e-10,"N",TRUE
3146,"N",4.30460486368527e-10,"N",TRUE
3144,"N",0.041757646938766,"N",TRUE
3141,"N",0.00295689808559297,"N",TRUE
3138,"N",0.00966152267577121,"N",TRUE
3135,"N",0.0130384374622348,"N",TRUE
3127,"N",0.162816781589705,"N",TRUE
3126,"N",0.00213039527592653,"N",TRUE
3121,"N",0.00750407256466069,"N",TRUE
3120,"N",3.23363653928957e-10,"N",TRUE
3117,"N",0.00823039499178167,"N",TRUE
3114,"N",0.00425503713923113,"N",TRUE
3111,"N",0.016562332211841,"N",TRUE
3108,"N",0.000938462329030105,"N",TRUE
3105,"N",0.04788658295606,"N",TRUE
3103,"N",1.14292127555595e-10,"N",TRUE
3100,"N",4.01196357498339e-10,"N",TRUE
3093,"N",2.05274981345626e-09,"N",TRUE
3090,"N",0.194323799632048,"N",TRUE
3087,"N",9.59475053771855e-08,"N",TRUE
3188,"Y",0.209331548725037,"N",FALSE
3187,"N",4.30494434941242e-10,"N",TRUE
3186,"N",4.30490813844676e-10,"N",TRUE
3183,"N",0.0017787248284988,"N",TRUE
3181,"N",3.27792209003465e-09,"N",TRUE
3210,"Y",0.718854876689369,"Y",TRUE
3208,"N",4.30500115325961e-10,"N",TRUE
3207,"N",0.139561449596014,"N",TRUE
3206,"N",0.149208085373501,"N",TRUE
3202,"N",1.59616586665174e-09,"N",TRUE
3201,"N",0.000322090481823313,"N",TRUE
3200,"Y",0.491879483746548,"N",FALSE
3196,"N",0.171922917320342,"N",TRUE
3194,"Y",0.884660920475172,"Y",TRUE
3191,"Y",0.911928513524704,"Y",TRUE
3291,"N",8.06120272569961e-10,"N",TRUE
3289,"N",0.470991038089695,"N",TRUE
3284,"N",9.83110571224303e-11,"N",TRUE
3279,"N",2.7271329349131e-11,"N",TRUE
3277,"N",4.30499768519431e-10,"N",TRUE
3275,"N",5.69964989852164e-08,"N",TRUE
3274,"N",0.00291007667001615,"N",TRUE
3272,"N",0.00741310971966626,"N",TRUE
3266,"N",0.00732582900434023,"N",TRUE
3265,"N",4.30488880901546e-10,"N",TRUE
3263,"Y",0.2709486704251,"N",FALSE
3262,"Y",0.615521546588696,"Y",TRUE
3258,"N",0.993089013614845,"Y",FALSE
3256,"N",0.0235102361131563,"N",TRUE
3250,"N",0.0833848498610772,"N",TRUE
3248,"N",1.66490309028971e-09,"N",TRUE
3247,"N",0.0292851310369805,"N",TRUE
3244,"N",1.4726902985946e-09,"N",TRUE
3243,"Y",0.999999999755406,"Y",TRUE
3242,"N",0.0093041954040397,"N",TRUE
3236,"N",0.00857592125427176,"N",TRUE
3235,"Y",0.598086489858226,"Y",TRUE
3232,"Y",0.907748905924224,"Y",TRUE
3230,"Y",0.874825999738304,"Y",TRUE
3227,"Y",0.812835261819332,"Y",TRUE
3225,"N",4.52965821865935e-10,"N",TRUE
3222,"N",0.0117997519995253,"N",TRUE
3217,"N",0.00214300441281101,"N",TRUE
3216,"Y",0.20141332835818,"N",FALSE
3211,"Y",0.940542861293946,"Y",TRUE
3388,"N",4.30511100593733e-10,"N",TRUE
3384,"N",0.0520634067485994,"N",TRUE
3383,"N",4.30494375902204e-10,"N",TRUE
3377,"N",0.0502253000102278,"N",TRUE
3374,"N",0.0616684106568263,"N",TRUE
3371,"N",0.00894248292597019,"N",TRUE
3370,"N",2.57162902835634e-12,"N",TRUE
3369,"N",2.03902418832562e-11,"N",TRUE
3366,"Y",0.240167770643952,"N",FALSE
3363,"N",4.30500972424041e-10,"N",TRUE
3362,"N",0.0405696181158118,"N",TRUE
3361,"N",0.0500681202916172,"N",TRUE
3359,"N",0.00966207623452689,"N",TRUE
3357,"Y",0.224433153315262,"N",FALSE
3355,"N",0.0118834821086624,"N",TRUE
3352,"N",0.00078102091904628,"N",TRUE
3350,"N",0.643817270743692,"Y",FALSE
3349,"N",3.37686654443758e-10,"N",TRUE
3346,"N",0.00265647929264552,"N",TRUE
3345,"N",0.0205638927111517,"N",TRUE
3342,"Y",0.799950524691763,"Y",TRUE
3338,"N",0.00381476633979176,"N",TRUE
3329,"N",0.011750279482783,"N",TRUE
3328,"Y",0.835604488475356,"Y",TRUE
3324,"N",0.00619226776022483,"N",TRUE
3319,"N",7.44895030212422e-11,"N",TRUE
3318,"N",0.0241775065794721,"N",TRUE
3317,"N",0.23515064862497,"N",TRUE
3315,"N",0.0212017958846658,"N",TRUE
3308,"N",5.1443550388218e-07,"N",TRUE
3307,"N",9.79892599605905e-11,"N",TRUE
3306,"Y",0.638816575880674,"Y",TRUE
3302,"N",0.014281307398354,"N",TRUE
3297,"N",0.00120292071026427,"N",TRUE
3481,"N",4.30509975227935e-10,"N",TRUE
3480,"N",4.30498264527651e-10,"N",TRUE
3479,"N",0.00236466789037307,"N",TRUE
3478,"N",0.0363805151035354,"N",TRUE
3475,"N",5.53737469592863e-11,"N",TRUE
3472,"Y",0.134129364446034,"N",FALSE
3469,"N",0.0426121888045463,"N",TRUE
3468,"N",0.0138403482361509,"N",TRUE
3462,"N",0.00866684617740093,"N",TRUE
3461,"N",4.30501194626751e-10,"N",TRUE
3458,"N",1.22232470552759e-10,"N",TRUE
3457,"N",0.0613236929278786,"N",TRUE
3447,"N",0.00624572957604516,"N",TRUE
3443,"N",0.000130482059962885,"N",TRUE
3442,"N",0.00682049355231021,"N",TRUE
3441,"N",0.00434573841906973,"N",TRUE
3435,"N",4.30505822514498e-10,"N",TRUE
3432,"N",0.0085823417998968,"N",TRUE
3430,"N",7.6135008874459e-12,"N",TRUE
3429,"N",0.0393278269737466,"N",TRUE
3428,"N",1.05942548645299e-09,"N",TRUE
3425,"N",2.22044604925031e-16,"N",TRUE
3424,"N",0.00678075367554134,"N",TRUE
3423,"Y",0.724102840905465,"Y",TRUE
3419,"N",0.0224779600967082,"N",TRUE
3417,"Y",0.0250013968923852,"N",FALSE
3415,"N",0.103490332937826,"N",TRUE
3403,"N",6.24761926710873e-12,"N",TRUE
3400,"Y",0.842168354205081,"Y",TRUE
3399,"N",8.66290429558856e-10,"N",TRUE
3393,"N",0.404208367635263,"N",TRUE
3392,"Y",0.999999999485618,"Y",TRUE
3390,"N",0.999884460348402,"Y",FALSE
3583,"N",0.0856757056163559,"N",TRUE
3580,"N",0.0561861319571537,"N",TRUE
3578,"N",0.000984877474546346,"N",TRUE
3574,"Y",0.5785955374884,"Y",TRUE
3572,"N",8.43905263179959e-09,"N",TRUE
3571,"N",2.22044604925031e-16,"N",TRUE
3570,"N",0.0054721728776815,"N",TRUE
3566,"N",0.00353452560669416,"N",TRUE
3565,"N",7.33777926908e-11,"N",TRUE
3562,"N",0.159794126337278,"N",TRUE
3561,"N",0.129222716387763,"N",TRUE
3557,"N",0.403739067835553,"N",TRUE
3551,"N",4.30506532322451e-10,"N",TRUE
3549,"N",0.317193832141838,"N",TRUE
3548,"N",2.22044604925031e-16,"N",TRUE
3543,"Y",0.828403322937801,"Y",TRUE
3542,"N",2.0564543521594e-11,"N",TRUE
3540,"N",0.00953181971992745,"N",TRUE
3538,"Y",0.74044481875623,"Y",TRUE
3534,"N",0.0259154954334816,"N",TRUE
3528,"N",0.0928404174889534,"N",TRUE
3527,"N",4.30529025627515e-10,"N",TRUE
3515,"N",4.05265900249065e-05,"N",TRUE
3514,"N",0.0294423280089707,"N",TRUE
3513,"N",0.0708289303189008,"N",TRUE
3505,"N",0.0043565510425715,"N",TRUE
3504,"N",1.04860123081186e-08,"N",TRUE
3503,"N",0.015672826728238,"N",TRUE
3502,"N",0.00296547645466819,"N",TRUE
3497,"Y",0.999999997372313,"Y",TRUE
3496,"N",2.22044604925031e-16,"N",TRUE
3495,"N",0.0333682124667417,"N",TRUE
3494,"Y",0.878831027862325,"Y",TRUE
3492,"Y",0.077889160474229,"N",FALSE
3491,"N",9.78405053810398e-10,"N",TRUE
3489,"N",0.0768503112696424,"N",TRUE
3488,"N",0.00659323573746153,"N",TRUE
3487,"N",0.30872881015266,"N",TRUE
3485,"Y",0.585701759933702,"Y",TRUE
3679,"N",0.00702171907054522,"N",TRUE
3673,"N",0.0376652271498226,"N",TRUE
3672,"N",0.0574810354055187,"N",TRUE
3670,"N",0.687430531923499,"Y",FALSE
3669,"N",0.0626262542497582,"N",TRUE
3666,"N",0.0698174523990189,"N",TRUE
3661,"N",0.00429629286198437,"N",TRUE
3655,"N",4.30501012619766e-10,"N",TRUE
3654,"N",0.00998146881802216,"N",TRUE
3653,"N",0.0684408580056454,"N",TRUE
3650,"Y",0.131503512915802,"N",FALSE
3649,"N",0.835413516771566,"Y",FALSE
3648,"N",2.22044604925031e-16,"N",TRUE
3646,"N",1.19220120150935e-10,"N",TRUE
3640,"N",2.22044604925031e-16,"N",TRUE
3631,"N",0.00252695073034462,"N",TRUE
3630,"N",2.22044604925031e-16,"N",TRUE
3625,"N",0.0103384375256835,"N",TRUE
3621,"Y",0.810897948345346,"Y",TRUE
3617,"N",0.00178414718499764,"N",TRUE
3615,"N",0.00138025909989084,"N",TRUE
3609,"N",0.145696992149705,"N",TRUE
3598,"N",0.603950519925493,"Y",FALSE
3596,"N",4.304520191611e-10,"N",TRUE
3592,"N",0.697535520955316,"Y",FALSE
3591,"Y",0.668835517523097,"Y",TRUE
3585,"N",4.59029278886829e-08,"N",TRUE
3695,"N",4.3055207116003e-10,"N",TRUE
3693,"Y",0.925963700105831,"Y",TRUE
3690,"N",0.00216882260197903,"N",TRUE
3688,"Y",0.999999999986982,"Y",TRUE
3714,"N",1.03509816536877e-07,"N",TRUE
3709,"Y",0.999999999973628,"Y",TRUE
3708,"N",0.0926026789280076,"N",TRUE
3704,"Y",0.917363865633885,"Y",TRUE
3703,"N",0.350959765455237,"N",TRUE
3702,"N",0.0436049032787698,"N",TRUE
3818,"N",4.30498245024552e-10,"N",TRUE
3815,"N",0.0429171170134699,"N",TRUE
3810,"N",4.30462264710416e-10,"N",TRUE
3791,"N",2.22044604925031e-16,"N",TRUE
3788,"Y",0.329506951921248,"N",FALSE
3786,"Y",0.874401955321767,"Y",TRUE
3783,"N",0.583046452292374,"Y",FALSE
3781,"Y",0.911068861368745,"Y",TRUE
3774,"Y",0.407480387592267,"N",FALSE
3773,"N",3.79781516240079e-05,"N",TRUE
3770,"N",0.0524910157326465,"N",TRUE
3768,"N",0.039052267586969,"N",TRUE
3766,"N",0.0064161552021221,"N",TRUE
3765,"Y",0.146143063409979,"N",FALSE
3764,"N",0.00749616145383045,"N",TRUE
3763,"N",0.189784787672564,"N",TRUE
3760,"N",0.454701553911107,"N",TRUE
3757,"N",0.00113970512727735,"N",TRUE
3754,"N",0.0264752483165042,"N",TRUE
3750,"Y",0.812921713101616,"Y",TRUE
3748,"N",0.00201890882020927,"N",TRUE
3746,"N",0.000527027146541592,"N",TRUE
3745,"Y",0.959590558487369,"Y",TRUE
3744,"N",6.21433183007959e-08,"N",TRUE
3743,"Y",0.0986528287036798,"N",FALSE
3740,"N",0.0441987694210347,"N",TRUE
3738,"N",0.000349314022480983,"N",TRUE
3725,"Y",0.44551360164736,"N",FALSE
3724,"N",2.22044604925031e-16,"N",TRUE
3723,"N",1.315607399632e-06,"N",TRUE
3720,"N",2.22994009120863e-07,"N",TRUE
3903,"N",0.00679101004181377,"N",TRUE
3902,"N",9.93312311556314e-11,"N",TRUE
3900,"N",5.24646518697745e-10,"N",TRUE
3901,"Y",0.596636452783112,"Y",TRUE
3899,"N",4.30500912557061e-10,"N",TRUE
3898,"N",0.0102781854094409,"N",TRUE
3897,"N",0.0456691429560668,"N",TRUE
3896,"N",0.110456261190416,"N",TRUE
3894,"Y",0.860142684192875,"Y",TRUE
3889,"N",4.30542124311037e-10,"N",TRUE
3885,"N",4.30565390814846e-10,"N",TRUE
3882,"Y",0.217883224625808,"N",FALSE
3881,"N",0.0744451209101138,"N",TRUE
3875,"N",0.999999999694729,"Y",FALSE
3873,"Y",0.82590931916669,"Y",TRUE
3869,"Y",0.828946242636982,"Y",TRUE
3864,"N",0.0146609668606148,"N",TRUE
3854,"N",0.00128079830775692,"N",TRUE
3851,"Y",0.705079013674966,"Y",TRUE
3840,"N",0.349848903372233,"N",TRUE
3837,"Y",0.827823434931311,"Y",TRUE
3835,"Y",0.835951148065146,"Y",TRUE
3834,"N",0.0182166074291119,"N",TRUE
3830,"N",2.83239423043445e-10,"N",TRUE
3829,"N",0.0143474283102661,"N",TRUE
3823,"Y",0.999999999725805,"Y",TRUE
3821,"N",3.65409967429254e-06,"N",TRUE
4017,"N",4.30510738838571e-10,"N",TRUE
4014,"N",4.30498281663972e-10,"N",TRUE
4009,"N",0.0544820905665382,"N",TRUE
4008,"N",0.63464509351855,"Y",FALSE
4007,"N",0.0134288221977865,"N",TRUE
4003,"N",0.070799554752308,"N",TRUE
3993,"N",0.121677038396189,"N",TRUE
3992,"N",4.26975799027205e-05,"N",TRUE
3991,"N",0.000312405727193686,"N",TRUE
3984,"N",2.22044604925031e-16,"N",TRUE
3983,"Y",0.70369919767885,"Y",TRUE
3982,"N",4.30541967275656e-10,"N",TRUE
3980,"N",0.000232722686268709,"N",TRUE
3979,"N",0.00644859994132484,"N",TRUE
3976,"Y",0.160259475802798,"N",FALSE
3972,"N",4.59688781502543e-10,"N",TRUE
3971,"N",1.54795301844701e-09,"N",TRUE
3970,"N",2.22044604925031e-16,"N",TRUE
3969,"N",0.161695626998894,"N",TRUE
3966,"Y",0.603167267579573,"Y",TRUE
3964,"N",4.41207890819537e-10,"N",TRUE
3961,"Y",0.571606096449975,"Y",TRUE
3960,"Y",0.424100125703673,"N",FALSE
3959,"N",0.00900521660067664,"N",TRUE
3954,"N",2.6244310243188e-10,"N",TRUE
3950,"N",0.000735668322171634,"N",TRUE
3948,"N",0.135967986648699,"N",TRUE
3946,"N",0.0172241725184768,"N",TRUE
3945,"N",0.0532131037226771,"N",TRUE
3943,"N",5.95210452340777e-07,"N",TRUE
3939,"N",0.0141279217436211,"N",TRUE
3936,"N",0.00174482589495873,"N",TRUE
3933,"N",0.0164066037493974,"N",TRUE
3932,"N",0.0525086631967097,"N",TRUE
3929,"N",0.00715337092300701,"N",TRUE
3928,"N",1.61624711299409e-10,"N",TRUE
3927,"Y",0.833281263497289,"Y",TRUE
3921,"Y",0.999999999909303,"Y",TRUE
4117,"N",4.30502400955938e-10,"N",TRUE
4116,"N",0.0145545161336607,"N",TRUE
4114,"N",0.00117388519521708,"N",TRUE
4105,"N",1.92403397279126e-11,"N",TRUE
4104,"N",0.0136324806325387,"N",TRUE
4103,"N",0.0192536286807726,"N",TRUE
4101,"N",4.30500887923404e-10,"N",TRUE
4100,"N",0.0298361846756472,"N",TRUE
4099,"N",0.00752739478923725,"N",TRUE
4098,"N",4.30502321842692e-10,"N",TRUE
4095,"N",0.0158423725499552,"N",TRUE
4090,"Y",0.456738093918103,"N",FALSE
4084,"N",0.041691803173731,"N",TRUE
4074,"Y",0.779623739582077,"Y",TRUE
4069,"N",0.00119447187809403,"N",TRUE
4054,"N",0.0163055277297237,"N",TRUE
4053,"N",0.138340833061348,"N",TRUE
4052,"N",0.0318663060420484,"N",TRUE
4040,"N",0.00703251294020272,"N",TRUE
4038,"N",0.295419554519401,"N",TRUE
4034,"N",0.00306834660200025,"N",TRUE
4031,"N",0.0275301086337099,"N",TRUE
4030,"N",2.22044604925031e-16,"N",TRUE
4028,"N",0.130817358199638,"N",TRUE
4023,"N",2.22044604925031e-16,"N",TRUE
4021,"N",0.00345809373234126,"N",TRUE
4212,"N",4.30503387470324e-10,"N",TRUE
4208,"N",0.0463937651370077,"N",TRUE
4204,"N",5.2885494740616e-10,"N",TRUE
4189,"Y",0.956457805678917,"Y",TRUE
4188,"N",7.42444237015944e-11,"N",TRUE
4186,"N",0.144728742793862,"N",TRUE
4184,"N",2.22044604925031e-16,"N",TRUE
4182,"N",0.000897665137108687,"N",TRUE
4180,"N",0.0121657623447705,"N",TRUE
4177,"N",0.564514064937643,"Y",FALSE
4175,"N",0.00304756335759975,"N",TRUE
4174,"N",0.00531080800310087,"N",TRUE
4173,"Y",0.622441890861475,"Y",TRUE
4171,"Y",0.775723192068789,"Y",TRUE
4170,"N",0.0512524886542699,"N",TRUE
4167,"Y",0.837564984529751,"Y",TRUE
4164,"N",0.0547339828861561,"N",TRUE
4163,"N",0.0125852021417431,"N",TRUE
4158,"N",0.00371119241703109,"N",TRUE
4157,"Y",0.586934717108054,"Y",TRUE
4154,"Y",0.865822977976711,"Y",TRUE
4153,"N",1.78046667973245e-10,"N",TRUE
4152,"N",4.45007126843968e-10,"N",TRUE
4143,"N",0.0607860877512781,"N",TRUE
4137,"N",0.000686660915392469,"N",TRUE
4134,"N",0.788657094577348,"Y",FALSE
4132,"N",2.22044604925031e-16,"N",TRUE
4131,"N",0.016285905687494,"N",TRUE
4130,"N",4.57336792486772e-10,"N",TRUE
4129,"N",0.00286592422372605,"N",TRUE
4125,"N",0.0773434117700946,"N",TRUE
4229,"N",3.53501253382805e-08,"N",TRUE
4228,"N",4.30409514167645e-10,"N",TRUE
4227,"N",0.95731945769288,"Y",FALSE
4221,"N",0.268038870846159,"N",TRUE
4219,"N",0.180608420008108,"N",TRUE
4251,"N",4.30401758961937e-10,"N",TRUE
4247,"N",0.10955065577254,"N",TRUE
4245,"N",4.30419468541089e-10,"N",TRUE
4244,"N",0.0376829666000144,"N",TRUE
4237,"N",0.0803467128312813,"N",TRUE
4233,"Y",0.888125696121972,"Y",TRUE
4342,"N",4.30510504608123e-10,"N",TRUE
4340,"N",4.30500805557019e-10,"N",TRUE
4339,"N",4.30504199134745e-10,"N",TRUE
4337,"N",4.30493988637897e-10,"N",TRUE
4333,"Y",0.911097668154872,"Y",TRUE
4331,"N",0.30121776220692,"N",TRUE
4330,"N",0.00790749564519922,"N",TRUE
4327,"N",2.22044604925031e-16,"N",TRUE
4325,"N",1.16799778415643e-12,"N",TRUE
4322,"N",4.3050086492372e-10,"N",TRUE
4321,"N",0.0234060714084872,"N",TRUE
4315,"N",0.0322597755325597,"N",TRUE
4295,"N",0.4744374841822,"N",TRUE
4293,"N",2.22044604925031e-16,"N",TRUE
4292,"N",0.0144629286293097,"N",TRUE
4291,"N",0.270959759745447,"N",TRUE
4275,"N",0.00651512401764843,"N",TRUE
4274,"N",1.59384095418257e-10,"N",TRUE
4268,"N",2.22044604925031e-16,"N",TRUE
4267,"N",0.327966834357318,"N",TRUE
4266,"Y",0.825378275030905,"Y",TRUE
4264,"N",0.0324171768106137,"N",TRUE
4263,"N",2.22044604925031e-16,"N",TRUE
4261,"N",0.0204526464699178,"N",TRUE
4436,"N",4.30509252940583e-10,"N",TRUE
4432,"N",4.30501062385323e-10,"N",TRUE
4430,"N",0.0198860706503661,"N",TRUE
4429,"N",0.0131454578924868,"N",TRUE
4425,"N",0.00925537698204551,"N",TRUE
4423,"N",4.30446283489221e-10,"N",TRUE
4422,"N",0.00700022665437131,"N",TRUE
4418,"N",0.0800866229417134,"N",TRUE
4417,"N",4.30498430493458e-10,"N",TRUE
4415,"Y",0.456547744684434,"N",FALSE
4414,"N",0.0473973027107137,"N",TRUE
4410,"N",0.00965508895128097,"N",TRUE
4408,"N",0.104434526279299,"N",TRUE
4407,"N",0.0282680739490351,"N",TRUE
4403,"N",0.0139845023579424,"N",TRUE
4402,"N",0.000140211061423312,"N",TRUE
4401,"N",0.0846433426153782,"N",TRUE
4400,"N",4.30539870517397e-10,"N",TRUE
4399,"N",0.00401250655758883,"N",TRUE
4397,"N",0.517866468206928,"Y",FALSE
4395,"N",2.22044604925031e-16,"N",TRUE
4388,"N",1.45615061907195e-09,"N",TRUE
4387,"Y",0.361302225882562,"N",FALSE
4384,"N",0.08886475788728,"N",TRUE
4383,"N",0.0142595704567099,"N",TRUE
4379,"Y",0.84141231481194,"Y",TRUE
4377,"N",0.999999999698657,"Y",FALSE
4376,"N",0.165151558976245,"N",TRUE
4372,"Y",0.815495466833215,"Y",TRUE
4368,"N",0.00153954520141766,"N",TRUE
4367,"Y",0.788004505563383,"Y",TRUE
4364,"Y",0.301564249102768,"N",FALSE
4362,"Y",0.789050533868115,"Y",TRUE
4358,"N",9.60555465956653e-07,"N",TRUE
4356,"N",0.108666139659026,"N",TRUE
4355,"N",0.0141240737242422,"N",TRUE
4349,"N",0.0932290599008942,"N",TRUE
4347,"N",0.0309953023782041,"N",TRUE
4346,"Y",0.729799066144106,"Y",TRUE
4534,"N",0.860577189015442,"Y",FALSE
4532,"N",0.175152670976952,"N",TRUE
4522,"N",0.0588955631450862,"N",TRUE
4515,"N",0.00884693176235214,"N",TRUE
4513,"N",3.25681059826858e-05,"N",TRUE
4507,"N",0.0147731636913356,"N",TRUE
4504,"N",0.170564614285679,"N",TRUE
4493,"Y",0.818381646628044,"Y",TRUE
4492,"N",5.39010177044799e-05,"N",TRUE
4489,"N",0.0163255810240832,"N",TRUE
4480,"N",0.00923638161221276,"N",TRUE
4477,"N",4.30506177063405e-10,"N",TRUE
4469,"N",0.000968164075289819,"N",TRUE
4467,"Y",0.651092221927735,"Y",TRUE
4465,"Y",0.729763402839709,"Y",TRUE
4464,"N",0.00736070492970838,"N",TRUE
4463,"N",2.22044604925031e-16,"N",TRUE
4460,"N",0.0789789803432141,"N",TRUE
4453,"N",0.0200090099472589,"N",TRUE
4452,"N",0.00695251956624944,"N",TRUE
4451,"Y",0.901470005360454,"Y",TRUE
4450,"N",0.00975249548758895,"N",TRUE
4629,"N",0.192853237440942,"N",TRUE
4623,"N",4.30493101147776e-10,"N",TRUE
4621,"N",0.0529406079295575,"N",TRUE
4620,"N",2.22044604925031e-16,"N",TRUE
4619,"Y",0.986492625712294,"Y",TRUE
4608,"N",2.22044604925031e-16,"N",TRUE
4607,"N",0.0128488634863879,"N",TRUE
4606,"N",0.0146325134465447,"N",TRUE
4601,"N",4.30501995759681e-10,"N",TRUE
4600,"N",0.395054780276358,"N",TRUE
4597,"N",0.639704403083435,"Y",FALSE
4596,"N",0.0434761496057679,"N",TRUE
4593,"Y",0.838931572650763,"Y",TRUE
4590,"N",0.365767047948607,"N",TRUE
4587,"Y",0.814068044615027,"Y",TRUE
4581,"N",0.0620053775269432,"N",TRUE
4577,"N",0.539610708181775,"Y",FALSE
4573,"N",0.00976182791694388,"N",TRUE
4572,"N",0.153686398994893,"N",TRUE
4571,"N",0.603731037347962,"Y",FALSE
4568,"N",1.78292328858233e-10,"N",TRUE
4559,"N",4.30470867130472e-10,"N",TRUE
4552,"N",0.193270485646039,"N",TRUE
4551,"N",0.0851250732883302,"N",TRUE
4545,"N",0.0423812502614439,"N",TRUE
4541,"Y",0.729573431546899,"Y",TRUE
4539,"N",0.0810664105286003,"N",TRUE
4536,"N",4.35085135147284e-10,"N",TRUE
4535,"N",9.51676274657665e-07,"N",TRUE
4714,"N",0.00801456465889881,"N",TRUE
4711,"N",5.34546262215513e-07,"N",TRUE
4710,"N",1.67309756503653e-10,"N",TRUE
4708,"N",0.0940092614321541,"N",TRUE
4706,"N",4.30500855731843e-10,"N",TRUE
4702,"N",0.476500394607664,"N",TRUE
4696,"N",0.0223449744136333,"N",TRUE
4691,"N",1.22195970358676e-10,"N",TRUE
4689,"N",0.0211593666907702,"N",TRUE
4688,"N",0.23101653973649,"N",TRUE
4685,"N",0.283076503043589,"N",TRUE
4682,"N",0.257460616606442,"N",TRUE
4678,"N",2.22044604925031e-16,"N",TRUE
4677,"N",0.0222349679478387,"N",TRUE
4671,"N",0.0175678941604448,"N",TRUE
4668,"N",2.41407592061874e-12,"N",TRUE
4665,"N",9.65020600102526e-11,"N",TRUE
4664,"N",0.129647942844564,"N",TRUE
4663,"N",0.0192114596572505,"N",TRUE
4660,"N",0.0211317979326035,"N",TRUE
4658,"N",0.00980510708926223,"N",TRUE
4657,"N",0.23197463423181,"N",TRUE
4656,"N",0.0266044645091098,"N",TRUE
4650,"N",0.279036440952787,"N",TRUE
4649,"N",1.26955219839372e-10,"N",TRUE
4648,"N",2.14348903131051e-10,"N",TRUE
4647,"Y",0.852367715417687,"Y",TRUE
4641,"N",4.16095620060576e-10,"N",TRUE
4640,"N",1.50184333230257e-10,"N",TRUE
4638,"N",0.0241258099797288,"N",TRUE
4637,"N",0.0878224433817747,"N",TRUE
4636,"N",2.22044604925031e-16,"N",TRUE
4633,"N",0.0803641214555205,"N",TRUE
4632,"Y",0.032347956380481,"N",FALSE
4631,"N",0.519982422693412,"Y",FALSE
4630,"Y",0.999999999958722,"Y",TRUE
4731,"N",0.00484266859215391,"N",TRUE
4730,"N",0.0399048528510798,"N",TRUE
4729,"Y",0.919275940548242,"Y",TRUE
4726,"N",0.00348227076893313,"N",TRUE
4725,"Y",0.9999999986892,"Y",TRUE
4752,"N",0.387922126345181,"N",TRUE
4751,"N",0.639994702972064,"Y",FALSE
4746,"N",0.152163304414287,"N",TRUE
4739,"Y",0.867974273566502,"Y",TRUE
4738,"N",0.106448561876406,"N",TRUE
4735,"Y",0.757399589399369,"Y",TRUE
4842,"N",0.00194937763051092,"N",TRUE
4837,"N",0.0416517700064944,"N",TRUE
4834,"N",0.0525163676896072,"N",TRUE
4830,"N",2.22044604925031e-16,"N",TRUE
4829,"N",0.0944244901338798,"N",TRUE
4828,"N",0.00176975833546113,"N",TRUE
4824,"N",3.6372272186231e-10,"N",TRUE
4819,"Y",0.912092605222914,"Y",TRUE
4813,"N",0.0393972019333191,"N",TRUE
4810,"N",0.00208016335646825,"N",TRUE
4807,"N",0.0376421974694234,"N",TRUE
4806,"N",5.55532015691776e-10,"N",TRUE
4801,"N",0.0212028188819451,"N",TRUE
4800,"N",0.00153132823232015,"N",TRUE
4798,"N",2.22044604925031e-16,"N",TRUE
4793,"N",0.107972280699126,"N",TRUE
4792,"N",0.805569165266922,"Y",FALSE
4789,"N",0.00883366157184417,"N",TRUE
4785,"N",2.22044604925031e-16,"N",TRUE
4784,"N",0.0251906474967745,"N",TRUE
4782,"Y",0.635031666164471,"Y",TRUE
4779,"N",0.00214511109125991,"N",TRUE
4778,"N",0.0320718951812484,"N",TRUE
4775,"Y",0.00632564808208663,"N",FALSE
4773,"N",3.54605898312765e-10,"N",TRUE
4771,"N",0.916706533728369,"Y",FALSE
4769,"N",0.0176306729697749,"N",TRUE
4768,"N",2.22044604925031e-16,"N",TRUE
4763,"N",0.77841617328867,"Y",FALSE
4762,"N",0.035642257439342,"N",TRUE
4759,"N",2.22044604925031e-16,"N",TRUE
4758,"N",0.0888847748616592,"N",TRUE
4757,"Y",0.271251352804587,"N",FALSE
4930,"N",4.30511348368922e-10,"N",TRUE
4921,"N",4.3049317168389e-10,"N",TRUE
4917,"N",0.110579688209652,"N",TRUE
4915,"N",0.0942584706678044,"N",TRUE
4911,"N",0.596248453062984,"Y",FALSE
4907,"N",0.0938903654524472,"N",TRUE
4905,"N",0.00268727466133519,"N",TRUE
4893,"N",0.0346073972940359,"N",TRUE
4889,"N",0.677234600266205,"Y",FALSE
4886,"N",2.22044604925031e-16,"N",TRUE
4885,"N",0.0537795061029388,"N",TRUE
4884,"N",0.0229163113140725,"N",TRUE
4882,"N",0.873074272500609,"Y",FALSE
4881,"N",0.0146778777071623,"N",TRUE
4880,"N",2.22044604925031e-16,"N",TRUE
4874,"N",6.67719459658829e-05,"N",TRUE
4871,"N",0.000632640321163961,"N",TRUE
4870,"N",0.198899809743042,"N",TRUE
4869,"N",2.22044604925031e-16,"N",TRUE
4868,"N",0.322792387755482,"N",TRUE
4860,"N",0.0157378229181544,"N",TRUE
4859,"N",0.112529712868419,"N",TRUE
4857,"N",0.00621659451761041,"N",TRUE
4856,"N",0.0126483610946901,"N",TRUE
4853,"N",0.600004831907132,"Y",FALSE
4848,"N",0.231902030061027,"N",TRUE
4845,"N",0.628995983577835,"Y",FALSE
5013,"Y",0.0201370547612808,"N",FALSE
5010,"N",0.00247537573010771,"N",TRUE
5006,"N",0.0550348507753513,"N",TRUE
5003,"N",1.85132308128956e-09,"N",TRUE
5001,"N",0.0033687845229029,"N",TRUE
4997,"N",0.102468959653111,"N",TRUE
4991,"N",4.30502165716492e-10,"N",TRUE
4987,"N",0.573348373649671,"Y",FALSE
4983,"N",2.22044604925031e-16,"N",TRUE
4979,"N",0.400505285734289,"N",TRUE
4976,"N",0.00198851691328046,"N",TRUE
4975,"N",0.822363326148348,"Y",FALSE
4971,"Y",0.745833348154941,"Y",TRUE
4961,"Y",0.766851683811468,"Y",TRUE
4958,"N",3.98724574597836e-05,"N",TRUE
4957,"Y",0.824015084492095,"Y",TRUE
4955,"N",0.37051704595183,"N",TRUE
4953,"N",2.22044604925031e-16,"N",TRUE
4942,"N",0.0296682090561788,"N",TRUE
4939,"Y",0.640368629861972,"Y",TRUE
4934,"N",0.0375161555330441,"N",TRUE
5118,"N",0.0330952945194398,"N",TRUE
5113,"N",4.30491893513221e-10,"N",TRUE
5110,"N",0.00600812048057056,"N",TRUE
5109,"N",0.0498299651709375,"N",TRUE
5108,"N",0.00383112015065234,"N",TRUE
5107,"N",0.0426922049382564,"N",TRUE
5104,"N",4.30503301329012e-10,"N",TRUE
5102,"N",4.305008444802e-10,"N",TRUE
5101,"Y",0.976319841008619,"Y",TRUE
5086,"N",0.0526051064476498,"N",TRUE
5085,"N",1.88089975208692e-10,"N",TRUE
5082,"N",4.30539811939454e-10,"N",TRUE
5072,"N",0.0433246188910841,"N",TRUE
5071,"N",0.0194197706099416,"N",TRUE
5067,"Y",0.560413795999001,"Y",TRUE
5058,"Y",0.024024100666509,"N",FALSE
5053,"N",4.30519857495049e-10,"N",TRUE
5047,"N",0.0239033333240187,"N",TRUE
5044,"N",1.63411396159916e-10,"N",TRUE
5043,"N",8.37161110522574e-05,"N",TRUE
5041,"N",0.0399030410953511,"N",TRUE
5039,"N",0.0215275135834696,"N",TRUE
5036,"N",0.0116389807512746,"N",TRUE
5034,"N",0.00230161462226182,"N",TRUE
5032,"N",1.36240187562683e-10,"N",TRUE
5031,"N",0.0125233960283145,"N",TRUE
5024,"N",2.22044604925031e-16,"N",TRUE
5022,"N",0.941146638050156,"Y",FALSE
5021,"Y",0.640556709295395,"Y",TRUE
5018,"N",0.18613637770489,"N",TRUE
5017,"Y",0.99999999506941,"Y",TRUE
5016,"N",0.00918661537958621,"N",TRUE
5204,"N",0.0756886829918873,"N",TRUE
5201,"N",0.00531745397402115,"N",TRUE
5199,"N",4.30492654019413e-10,"N",TRUE
5197,"N",6.5519041952764e-11,"N",TRUE
5196,"N",1.01939897298617e-07,"N",TRUE
5183,"N",4.30501024908116e-10,"N",TRUE
5174,"N",1.2681519323603e-10,"N",TRUE
5170,"Y",0.841708821878073,"Y",TRUE
5165,"N",0.00463830920673153,"N",TRUE
5162,"N",2.22044604925031e-16,"N",TRUE
5158,"N",2.42660082503464e-12,"N",TRUE
5153,"Y",0.777239509993284,"Y",TRUE
5150,"N",0.0096600017234426,"N",TRUE
5149,"N",3.63468929943483e-10,"N",TRUE
5144,"N",0.877948472712736,"Y",FALSE
5143,"N",2.230596354972e-10,"N",TRUE
5139,"N",0.60651007763991,"Y",FALSE
5137,"N",2.22044604925031e-16,"N",TRUE
5136,"N",0.0661968890809159,"N",TRUE
5134,"Y",0.582881045998661,"Y",TRUE
5132,"N",0.00696468908443843,"N",TRUE
5130,"Y",0.822686074559829,"Y",TRUE
5126,"N",0.694578621204285,"Y",FALSE
5123,"N",0.0170248832334382,"N",TRUE
5206,"Y",0.999999999922068,"Y",TRUE
5231,"N",4.57449056790355e-10,"N",TRUE
5227,"N",0.630519396510707,"Y",FALSE
5225,"N",4.30482337829374e-10,"N",TRUE
5221,"Y",0.923393784421935,"Y",TRUE
5218,"Y",0.0831902622481658,"N",FALSE
5217,"N",0.431073128940193,"N",TRUE
5216,"Y",0.396931037546455,"N",FALSE
5215,"N",0.999999999874308,"Y",FALSE
5327,"N",4.305116725912e-10,"N",TRUE
5325,"Y",0.320555749405494,"N",FALSE
5324,"N",0.0816162950030303,"N",TRUE
5322,"N",4.30498775136148e-10,"N",TRUE
5319,"N",0.0515167939790952,"N",TRUE
5313,"N",2.22044604925031e-16,"N",TRUE
5308,"N",0.00802260678260418,"N",TRUE
5305,"Y",0.860323101949517,"Y",TRUE
5302,"N",2.04264975698843e-13,"N",TRUE
5295,"N",4.30543738745e-10,"N",TRUE
5284,"N",0.0122687655030524,"N",TRUE
5282,"N",0.0016367709738472,"N",TRUE
5273,"N",0.0366177891285321,"N",TRUE
5272,"N",0.0198510864353003,"N",TRUE
5270,"N",0.0421784896264799,"N",TRUE
5269,"N",0.00933376888660213,"N",TRUE
5261,"N",0.00704149102485701,"N",TRUE
5257,"N",0.00026702076372895,"N",TRUE
5252,"N",0.0050501923800558,"N",TRUE
5249,"Y",0.751927584558566,"Y",TRUE
5247,"N",4.12323257117228e-10,"N",TRUE
5246,"N",2.22044604925031e-16,"N",TRUE
5244,"N",0.906896611116337,"Y",FALSE
5241,"N",0.00577732637675372,"N",TRUE
5239,"Y",0.364331813678164,"N",FALSE
5403,"N",0.278791236620847,"N",TRUE
5399,"N",4.13954952939298e-05,"N",TRUE
5397,"N",0.00484565673546667,"N",TRUE
5395,"Y",2.22044604925031e-16,"N",FALSE
5394,"N",2.62726934486397e-10,"N",TRUE
5391,"N",4.30454858441644e-10,"N",TRUE
5387,"Y",0.709737483821953,"Y",TRUE
5386,"N",0.300869029427461,"N",TRUE
5383,"N",1.65079931609373e-12,"N",TRUE
5378,"N",0.00953103473999414,"N",TRUE
5377,"N",0.115903757617528,"N",TRUE
5376,"N",0.0883224950641016,"N",TRUE
5375,"N",0.00943446766015978,"N",TRUE
5372,"N",0.196652111657497,"N",TRUE
5371,"N",6.09374054704151e-05,"N",TRUE
5369,"N",0.000590739578886506,"N",TRUE
5367,"N",0.811043928641236,"Y",FALSE
5366,"N",2.22044604925031e-16,"N",TRUE
5362,"N",2.22044604925031e-16,"N",TRUE
5356,"N",0.0524160054496393,"N",TRUE
5354,"Y",0.782543451676523,"Y",TRUE
5349,"Y",0.70005454349343,"Y",TRUE
5342,"Y",0.279388094103216,"N",FALSE
5336,"N",4.31028908412269e-10,"N",TRUE
5335,"N",0.0138120605627934,"N",TRUE
5334,"N",0.0138167215126983,"N",TRUE
5332,"N",0.123716028469032,"N",TRUE
5329,"Y",0.999999999718795,"Y",TRUE
5496,"N",4.30505246636139e-10,"N",TRUE
5495,"N",4.30498975952893e-10,"N",TRUE
5489,"N",1.72294046169774e-10,"N",TRUE
5486,"Y",4.30500848807192e-10,"N",FALSE
5483,"N",2.22044604925031e-16,"N",TRUE
5482,"N",0.00617767563472228,"N",TRUE
5479,"N",0.0795345853774874,"N",TRUE
5476,"N",4.30514235451145e-10,"N",TRUE
5470,"N",0.491611896396405,"N",TRUE
5469,"N",0.0152711563868949,"N",TRUE
5464,"N",4.30543931248654e-10,"N",TRUE
5457,"N",2.22044604925031e-16,"N",TRUE
5456,"Y",0.0825265330394779,"N",FALSE
5454,"N",0.0210735820688916,"N",TRUE
5453,"N",0.00843374355427592,"N",TRUE
5451,"N",0.00479986674602996,"N",TRUE
5446,"N",0.15431414238477,"N",TRUE
5445,"Y",0.999999999194695,"Y",TRUE
5429,"N",0.0161587208419067,"N",TRUE
5426,"Y",0.820085161503401,"Y",TRUE
5424,"N",2.69654616006347e-12,"N",TRUE
5423,"Y",0.698033453643169,"Y",TRUE
5422,"N",0.380296158713975,"N",TRUE
5419,"N",0.00385447796999185,"N",TRUE
5410,"Y",0.622764807281391,"Y",TRUE
5596,"N",4.30509799567629e-10,"N",TRUE
5595,"N",0.322301272381741,"N",TRUE
5592,"N",4.30498731571459e-10,"N",TRUE
5583,"N",2.22044604925031e-16,"N",TRUE
5580,"N",0.0547852445377838,"N",TRUE
5579,"N",3.85032505049311e-11,"N",TRUE
5576,"N",4.3050084766667e-10,"N",TRUE
5574,"N",4.3050108786657e-10,"N",TRUE
5573,"Y",0.0474625369869931,"N",FALSE
5570,"N",0.113659149451354,"N",TRUE
5569,"N",0.00384165037211373,"N",TRUE
5568,"Y",0.723273961552014,"Y",TRUE
5565,"Y",0.89474754970684,"Y",TRUE
5563,"N",0.843368452393886,"Y",FALSE
5555,"N",0.00801310937371543,"N",TRUE
5551,"N",4.30568215506913e-10,"N",TRUE
5547,"N",2.22044604925031e-16,"N",TRUE
5544,"N",0.00101474423850077,"N",TRUE
5543,"N",0.00278453736664334,"N",TRUE
5539,"N",0.163777373814859,"N",TRUE
5536,"Y",0.80653063477302,"Y",TRUE
5525,"N",4.30486891426385e-10,"N",TRUE
5524,"N",0.20713990004737,"N",TRUE
5523,"N",0.999999937116877,"Y",FALSE
5521,"Y",0.824187642035104,"Y",TRUE
5517,"N",0.00570823923033196,"N",TRUE
5511,"N",0.0321188549699541,"N",TRUE
5509,"N",2.22044604925031e-16,"N",TRUE
5508,"N",1.36124730887566e-10,"N",TRUE
5506,"N",0.00926075028644061,"N",TRUE
5502,"Y",0.891169228729469,"Y",TRUE
5686,"N",4.30498785199804e-10,"N",TRUE
5682,"N",0.0030646044738364,"N",TRUE
5681,"N",0.00960874206283521,"N",TRUE
5680,"N",0.0547651035482467,"N",TRUE
5673,"N",0.0464244309748265,"N",TRUE
5665,"Y",0.649657252660293,"Y",TRUE
5663,"N",0.109085124159398,"N",TRUE
5658,"Y",0.598099726325608,"Y",TRUE
5659,"Y",0.86644590131262,"Y",TRUE
5657,"N",2.56147756668853e-10,"N",TRUE
5652,"N",0.0776566182052894,"N",TRUE
5650,"N",6.51602823592865e-10,"N",TRUE
5646,"N",0.0961381992502961,"N",TRUE
5645,"Y",0.784126423382179,"Y",TRUE
5640,"N",3.51661314275439e-10,"N",TRUE
5637,"N",3.14293906423483e-10,"N",TRUE
5636,"Y",0.799140782770891,"Y",TRUE
5634,"N",1.63170494166903e-10,"N",TRUE
5627,"N",0.0193512516154428,"N",TRUE
5625,"N",0.680451231487204,"Y",FALSE
5624,"N",0.00878267461793809,"N",TRUE
5622,"N",0.102164566452579,"N",TRUE
5619,"Y",0.0689644216186343,"N",FALSE
5608,"N",0.0206645941551807,"N",TRUE
5606,"N",0.387362133056701,"N",TRUE
5605,"N",0.0419387097070595,"N",TRUE
5603,"N",3.77954176141954e-10,"N",TRUE
5600,"N",0.0733656993075418,"N",TRUE
5599,"N",0.102836795708584,"N",TRUE
5702,"N",4.04200250035533e-10,"N",TRUE
5701,"Y",0.797471823616292,"Y",TRUE
5700,"N",1.27576537304567e-09,"N",TRUE
5696,"N",0.0451211213892688,"N",TRUE
5692,"Y",0.924068126616137,"Y",TRUE
5691,"Y",0.999999999912279,"Y",TRUE
5716,"Y",0.123818992250635,"N",FALSE
5714,"N",4.30419628325951e-10,"N",TRUE
5713,"N",0.0366241735078649,"N",TRUE
5818,"N",4.30509723598343e-10,"N",TRUE
5816,"N",0.374674580438777,"N",TRUE
5811,"N",0.047065027133892,"N",TRUE
5810,"N",4.30493874360649e-10,"N",TRUE
5806,"N",0.000556856281005257,"N",TRUE
5803,"N",0.082350165570599,"N",TRUE
5797,"N",4.30500860480718e-10,"N",TRUE
5796,"N",0.05742375344517,"N",TRUE
5793,"N",0.000977879871945145,"N",TRUE
5792,"N",0.00222545163271673,"N",TRUE
5791,"N",0.0037235124927077,"N",TRUE
5790,"N",0.171446650915356,"N",TRUE
5788,"N",0.00215884175315453,"N",TRUE
5785,"N",0.016635158046662,"N",TRUE
5784,"N",0.0163450363601368,"N",TRUE
5780,"N",0.0196711771372698,"N",TRUE
5779,"N",0.000795692105184912,"N",TRUE
5776,"N",0.00576071728852654,"N",TRUE
5774,"N",0.0328200438057911,"N",TRUE
5770,"N",0.000174893599109573,"N",TRUE
5765,"Y",0.670924448740558,"Y",TRUE
5761,"N",0.18228414881945,"N",TRUE
5759,"N",4.07312365709709e-10,"N",TRUE
5756,"Y",0.912686308102088,"Y",TRUE
5755,"N",0.0146104465813417,"N",TRUE
5748,"N",2.77061423625538e-05,"N",TRUE
5747,"N",0.187479634886997,"N",TRUE
5738,"N",4.21743294363582e-10,"N",TRUE
5737,"N",2.22044604925031e-16,"N",TRUE
5731,"N",0.176706071649989,"N",TRUE
5729,"N",0.338360505430469,"N",TRUE
5723,"Y",0.999999998772587,"Y",TRUE
5722,"N",0.0959298984768797,"N",TRUE
5901,"N",4.30503893151236e-10,"N",TRUE
5900,"N",4.30498446471689e-10,"N",TRUE
5894,"N",0.0655961675246405,"N",TRUE
5893,"N",4.30498948519031e-10,"N",TRUE
5892,"N",1.30947671728703e-10,"N",TRUE
5891,"N",2.22044604925031e-16,"N",TRUE
5887,"N",0.0511336716030346,"N",TRUE
5885,"N",0.016574885595071,"N",TRUE
5883,"N",0.100604520800128,"N",TRUE
5880,"N",0.0319083384911939,"N",TRUE
5878,"N",2.48314528490784e-11,"N",TRUE
5876,"N",0.0179930685574736,"N",TRUE
5873,"N",0.00559626577520755,"N",TRUE
5868,"Y",0.80090865763074,"Y",TRUE
5866,"N",0.044944970849487,"N",TRUE
5861,"N",0.026400158741347,"N",TRUE
5859,"Y",0.797288898045378,"Y",TRUE
5855,"Y",0.999999999680406,"Y",TRUE
5852,"N",0.0884950819704067,"N",TRUE
5847,"N",0.410390240401075,"N",TRUE
5846,"N",0.00541615382567188,"N",TRUE
5845,"N",0.0441041802564532,"N",TRUE
5844,"N",0.115981916215996,"N",TRUE
5843,"N",0.00108577450173541,"N",TRUE
5836,"N",4.13047880218111e-11,"N",TRUE
5834,"N",0.634367275109339,"Y",FALSE
5833,"N",0.0139586869794876,"N",TRUE
5830,"N",0.0184109681340794,"N",TRUE
5829,"N",0.0184109681340794,"N",TRUE
5828,"N",0.0131995187166836,"N",TRUE
5826,"N",0.00586232409578565,"N",TRUE
5825,"N",0.266798552601758,"N",TRUE
5821,"N",0.0333664351631283,"N",TRUE
5820,"N",0.366722514539184,"N",TRUE
5998,"Y",0.91703178856207,"Y",TRUE
5993,"N",4.3049844568055e-10,"N",TRUE
5992,"N",4.3050414212614e-10,"N",TRUE
5988,"N",0.0270129545850805,"N",TRUE
5984,"N",1.12512110885557e-09,"N",TRUE
5979,"N",0.0561630470282536,"N",TRUE
5978,"N",0.00179887788513903,"N",TRUE
5977,"N",0.132845417949943,"N",TRUE
5974,"N",4.30525671560756e-10,"N",TRUE
5959,"Y",0.83460497352112,"Y",TRUE
5958,"Y",0.598558300170538,"Y",TRUE
5954,"N",2.22044604925031e-16,"N",TRUE
5953,"N",0.00533420400376274,"N",TRUE
5951,"N",0.434904834551862,"N",TRUE
5949,"N",0.00636128179841881,"N",TRUE
5943,"N",0.0044714928210968,"N",TRUE
5941,"N",0.00816671863367584,"N",TRUE
5938,"N",0.156555281282146,"N",TRUE
5935,"N",0.0224427259211816,"N",TRUE
5932,"Y",0.852980915501172,"Y",TRUE
5929,"N",1.79620050656903e-06,"N",TRUE
5927,"N",1.56200071479876e-09,"N",TRUE
5926,"N",4.30446990852421e-10,"N",TRUE
5925,"Y",0.282295144913624,"N",FALSE
5922,"N",0.0597101993861953,"N",TRUE
5920,"N",2.22044604925031e-16,"N",TRUE
6090,"N",4.30503577782393e-10,"N",TRUE
6085,"N",0.00480041574155708,"N",TRUE
6083,"N",0.081035674999904,"N",TRUE
6080,"N",0.0062190181670479,"N",TRUE
6079,"N",4.30488437753506e-10,"N",TRUE
6078,"N",2.22044604925031e-16,"N",TRUE
6064,"N",4.30546575998979e-10,"N",TRUE
6063,"Y",0.841346004260767,"Y",TRUE
6060,"N",0.0191910229667286,"N",TRUE
6055,"N",0.819986954170579,"Y",FALSE
6053,"N",0.100346918599697,"N",TRUE
6052,"N",0.000865274998569697,"N",TRUE
6051,"N",2.22044604925031e-16,"N",TRUE
6045,"N",2.22044604925031e-16,"N",TRUE
6044,"N",0.0106182696618707,"N",TRUE
6040,"N",0.00183917814796278,"N",TRUE
6039,"Y",0.0671617611963387,"N",FALSE
6034,"N",0.00728105508020132,"N",TRUE
6033,"N",0.00189190923522304,"N",TRUE
6029,"N",0.0127394755540122,"N",TRUE
6026,"N",0.000980589214356909,"N",TRUE
6022,"Y",0.648988527094826,"Y",TRUE
6020,"N",0.000414014857958182,"N",TRUE
6019,"N",1.88110995088169e-10,"N",TRUE
6018,"N",6.88229946862264e-06,"N",TRUE
6017,"N",0.00127186243078898,"N",TRUE
6015,"N",1.49584355880546e-10,"N",TRUE
6014,"N",0.0571810048527923,"N",TRUE
6013,"Y",0.683151053118022,"Y",TRUE
6009,"N",2.22044604925031e-16,"N",TRUE
6008,"N",0.283104722062344,"N",TRUE
6006,"N",0.132706160310734,"N",TRUE
6001,"Y",0.640888510596483,"Y",TRUE
6196,"N",4.3050889992415e-10,"N",TRUE
6190,"N",0.0549113004822738,"N",TRUE
6186,"N",0.0753373649115446,"N",TRUE
6185,"N",2.03912333895644e-10,"N",TRUE
6182,"N",2.22044604925031e-16,"N",TRUE
6179,"N",0.0813943812368395,"N",TRUE
6177,"N",0.00383288098607554,"N",TRUE
6176,"N",0.00244836510108492,"N",TRUE
6174,"N",0.0060903945478064,"N",TRUE
6170,"N",0.0595417015224539,"N",TRUE
6165,"N",0.327866771394798,"N",TRUE
6164,"N",0.00981814453894058,"N",TRUE
6163,"N",3.5918321660116e-11,"N",TRUE
6160,"N",0.000812680670285844,"N",TRUE
6156,"N",2.28593989453645e-10,"N",TRUE
6151,"N",0.0104107036842574,"N",TRUE
6149,"N",0.00913907827999206,"N",TRUE
6145,"N",0.000929666860638842,"N",TRUE
6143,"Y",0.541051688631191,"Y",TRUE
6140,"N",0.00710677075458204,"N",TRUE
6139,"N",0.0239961610449437,"N",TRUE
6132,"N",0.0663434032253447,"N",TRUE
6125,"N",0.009084774607959,"N",TRUE
6117,"N",0.00584081901567331,"N",TRUE
6116,"N",0.00273913816866244,"N",TRUE
6204,"Y",0.89820941115624,"Y",TRUE
6203,"N",0.0160607316170445,"N",TRUE
6200,"Y",0.920054752186335,"Y",TRUE
6220,"N",0.101394314083275,"N",TRUE
6212,"N",0.0264472293635045,"N",TRUE
6307,"N",4.30498387315148e-10,"N",TRUE
6304,"N",0.00229014742247217,"N",TRUE
6299,"N",4.30509470395702e-10,"N",TRUE
6298,"N",8.82687452594366e-11,"N",TRUE
6284,"N",0.0110949062598104,"N",TRUE
6276,"N",0.960686091444356,"Y",FALSE
6273,"N",0.0263553374515094,"N",TRUE
6270,"N",2.62095070447825e-10,"N",TRUE
6264,"N",0.0255056649451833,"N",TRUE
6260,"N",0.00171715668642186,"N",TRUE
6254,"N",0.351231929490593,"N",TRUE
6253,"Y",0.892996303341304,"Y",TRUE
6252,"Y",0.731197488027779,"Y",TRUE
6246,"N",0.999999999999696,"Y",FALSE
6241,"N",0.000312715359696939,"N",TRUE
6233,"N",0.454985936683358,"N",TRUE
6230,"N",0.014446026846332,"N",TRUE
6229,"N",0.147711147965301,"N",TRUE
6383,"N",0.00943652643892907,"N",TRUE
6381,"N",4.30503851179293e-10,"N",TRUE
6379,"N",4.30494271562274e-10,"N",TRUE
6378,"N",0.00395534084983042,"N",TRUE
6377,"N",0.0010664069091406,"N",TRUE
6376,"N",0.000468856250562544,"N",TRUE
6375,"N",0.0500855199093003,"N",TRUE
6370,"Y",0.967596736857,"Y",TRUE
6362,"N",0.00768557732222355,"N",TRUE
6357,"Y",0.270021035618102,"N",FALSE
6356,"N",2.22044604925031e-16,"N",TRUE
6354,"Y",0.559751276444442,"Y",TRUE
6350,"N",0.0121279831466492,"N",TRUE
6349,"N",0.000686945582486829,"N",TRUE
6346,"Y",0.578031153697947,"Y",TRUE
6345,"Y",0.773374761477143,"Y",TRUE
6341,"N",0.00315843922845136,"N",TRUE
6336,"N",0.0061772302411308,"N",TRUE
6329,"N",0.828748527340037,"Y",FALSE
6325,"N",0.0175422563977166,"N",TRUE
6314,"N",2.22044604925031e-16,"N",TRUE
6313,"Y",0.9999999998907,"Y",TRUE
6312,"N",4.8290655636036e-05,"N",TRUE
6448,"Y",0.921666873976637,"Y",TRUE
6445,"N",4.30505722977652e-10,"N",TRUE
6442,"N",4.3049164421505e-10,"N",TRUE
6438,"N",0.0477680436186223,"N",TRUE
6436,"N",0.00401975855311122,"N",TRUE
6435,"N",0.541568599445899,"Y",FALSE
6434,"N",0.016445589015121,"N",TRUE
6430,"N",4.30481040004834e-10,"N",TRUE
6429,"N",2.51710956332341e-09,"N",TRUE
6428,"N",0.000610984693253852,"N",TRUE
6427,"N",0.105932107819531,"N",TRUE
6426,"N",0.0122960431374471,"N",TRUE
6423,"N",0.00602902647327024,"N",TRUE
6419,"N",2.22044604925031e-16,"N",TRUE
6415,"Y",0.698437183247484,"Y",TRUE
6414,"N",0.00284271791258319,"N",TRUE
6412,"N",0.583498762709135,"Y",FALSE
6407,"N",0.183077062231822,"N",TRUE
6406,"N",4.30522687584785e-10,"N",TRUE
6402,"N",0.00222704104660979,"N",TRUE
6401,"N",0.0033580579930917,"N",TRUE
6396,"N",0.0320425222697086,"N",TRUE
6394,"N",0.00636934984738145,"N",TRUE
6392,"N",0.104444346476418,"N",TRUE
6390,"Y",0.293568689480192,"N",FALSE
6387,"Y",0.852632852453486,"Y",TRUE
6385,"Y",0.99999999993751,"Y",TRUE
6473,"N",0.249287915122302,"N",TRUE
6470,"N",1.86646025018738e-11,"N",TRUE
6469,"N",0.390814868449714,"N",TRUE
6467,"N",0.259967680825445,"N",TRUE
6461,"N",0.146221511965937,"N",TRUE
6459,"N",0.0270472989498375,"N",TRUE
6457,"Y",0.906293337098769,"Y",TRUE
6456,"N",0.0445629796806177,"N",TRUE
6455,"N",2.14177847194818e-09,"N",TRUE
6454,"Y",0.914231466154337,"Y",TRUE
6453,"N",2.22044604925031e-16,"N",TRUE
6507,"N",0.0594729393085151,"N",TRUE
6505,"N",0.0539345511946178,"N",TRUE
6501,"N",4.3048862140748e-10,"N",TRUE
6499,"N",0.146962634553555,"N",TRUE
6496,"N",0.0201539798481635,"N",TRUE
6491,"N",0.0524372262402161,"N",TRUE
6489,"N",0.0353520647293481,"N",TRUE
6485,"N",2.256531966687e-10,"N",TRUE
6483,"N",0.00815255493369023,"N",TRUE
6481,"N",0.0249868537529638,"N",TRUE
6479,"N",0.837108057984268,"Y",FALSE
6478,"Y",0.999999999031875,"Y",TRUE
6514,"N",2.84799008304352e-10,"N",TRUE
6526,"Y",0.890188612016918,"Y",TRUE
6524,"N",0.235969965729388,"N",TRUE
6522,"Y",0.99999999858346,"Y",TRUE
6520,"N",0.102473449715781,"N",TRUE
